八组兔有料,今天05:30,7,20,0,//weibo.com/6453312111/JE8ZK5WBW?refer_flag=1001030103_,广电时评发文点名郑爽，不给有劣迹艺人给出镜的机会，你怎么看？#广电时评发文##广电封杀郑爽# 广电封杀郑爽 ​
ManUtdspot,今天05:10,2,29,0,//weibo.com/2809841193/JE8RzBjyd?refer_flag=1001030103_,上半场的一次争议判罚：弗雷德在禁区内卡位被身后的洛夫图斯齐科撞倒你认为这应该是一粒点球吗？ManUtdspot 曼联 英超  LManUtdspot的微博视频 ​
思想聚焦,今天05:07,5,101,0,//weibo.com/1742566624/JE8Qtz7Dn?refer_flag=1001030103_,#长大后最可怕的事情# 来聊聊 O思想聚焦 的红包 ​
针灸匠张宝旬,今天05:14,128,14,0,//weibo.com/2282201403/JE8T0twH7?refer_flag=1001030103_,#童子功一日一练# 「以手扳脚舒肝累」内经说肝为万病之贼，太多的问题是因为气机不利导致的百病丛生，这个动作可以疏肝解郁，舒畅全身气机。做50到100下，身体微微出汗为度，经期可做，孕期不要做。微博健康说#微博健康讲堂# L针灸匠张宝旬的微博视频 ​
等等梅梅,今天05:00,8,61,0,//weibo.com/2605628620/JE8Nie9Ht?refer_flag=1001030103_,#一日一花# #早安# 拍得不好、但是、我尽心尽力了。 ​
ManUtdspot,今天05:10,2,29,0,//weibo.com/2809841193/JE8RzBjyd?refer_flag=1001030103_,上半场的一次争议判罚：弗雷德在禁区内卡位被身后的洛夫图斯齐科撞倒你认为这应该是一粒点球吗？ManUtdspot 曼联 英超  LManUtdspot的微博视频 ​
凤凰王又又,今天05:34,25,40,0,//weibo.com/6498373231/JE91b0m7E?refer_flag=1001030103_,虽然取消了从国会到白宫的游行，新任总统拜登20号下午与家人一起沿着宾夕法尼亚大道朝白宫走了一小段距离。拜登几次慢跑到边界线，停下来与记者和观众交谈。最后第一家庭伴着乐队的演奏进入白宫。 L凤凰王又又的微博视频 ​
等等梅梅,今天05:00,11,64,0,//weibo.com/2605628620/JE8Nie9Ht?refer_flag=1001030103_,#一日一花# #早安# 拍得不好、但是、我尽心尽力了。 ​
八组兔有料,今天05:30,8,23,0,//weibo.com/6453312111/JE8ZK5WBW?refer_flag=1001030103_,广电时评发文点名郑爽，不给有劣迹艺人给出镜的机会，你怎么看？#广电时评发文##广电封杀郑爽# 广电封杀郑爽 ​
思想杂谈,今天05:00,22,8,0,//weibo.com/1338667624/JE8NibXvl?refer_flag=1001030103_,【＂上善若水＂】1、你高，我便退去，决不淹没你的优长； 2、你低，我便涌来，决不暴露你的缺陷； 3、你动，我便随行，决不撇下你的孤单； 4、你静，我便长守，决不打扰你的安宁； 5、你热，我便清凉，决不激化你的沸腾； 6、你冷，我便沸腾，决不漠视你的寒冷！ ​​​​
头条新闻,今天06:13,97,71,0,//weibo.com/1618051664/JE9h26rkU?refer_flag=1001030103_,【#拜登正式宣誓就职美国第46任总统# 就职演说重点都在这了！】1月20日，拜登正式宣誓就职美国第46任总统，随后发表就职演说。他称当天为“美国之日”， 并表示“美国经受了新的考验，美国已奋起迎接挑战”。“人民的意志得到了倾听，人民的意志得到了重视。”他承诺将修复联盟，再次与世界接触，引领 ​
教您弄头发,今天06:00,4,1,0,//weibo.com/2610968961/JE9bEeeLr?refer_flag=1001030103_,s秒赞 2021好运会立马向你飞奔而来❤️🐬🐬​​​​
思多金,今天06:02,39,13,0,//weibo.com/6003448985/JE9cEuCLP?refer_flag=1001030103_,人家愿意跟你相处的原因有：第一，你能带给人家实用价值。第二，跟你相处能打开眼界。第三，你能倾听别人的想法并发表有价值的见解。第四，你能充分认可别人的价值。第五，你能带给人家愉快的心情。凡遇事，知道的不要全说，看到的不要全信，听到的就地消化。久而久之，气场自成！一一 ​​​大家早上 ​
王冰汝,今天06:26,316,233,0,//weibo.com/2174585797/JE9mcqcPl?refer_flag=1001030103_,#拜登正式宣誓就职美国第46任总统# #v光计划#新官上任三把火，拜登一口气签署17项行政命令，撤销特朗普政府时期的政策，包括三大领域：新冠疫情，气候环境和移民政策。👉新冠疫情危机重回世界卫生组织；寻求一项1.9万亿美元的纾困法案，旨在加速新冠疫苗的分发，同时为数百万受大流行病影响的美国 ​
思想聚焦,今天06:06,54,37,0,//weibo.com/1742566624/JE9e59CDW?refer_flag=1001030103_,树欲静而风不止，子欲养而亲不待。#长大后最可怕的事情# ​​​​
思想杂谈,今天05:00,20,8,0,//weibo.com/1338667624/JE8NibXvl?refer_flag=1001030103_,【＂上善若水＂】1、你高，我便退去，决不淹没你的优长； 2、你低，我便涌来，决不暴露你的缺陷； 3、你动，我便随行，决不撇下你的孤单； 4、你静，我便长守，决不打扰你的安宁； 5、你热，我便清凉，决不激化你的沸腾； 6、你冷，我便沸腾，决不漠视你的寒冷！ ​​​​
针灸匠张宝旬,今天05:14,128,14,0,//weibo.com/2282201403/JE8T0twH7?refer_flag=1001030103_,#童子功一日一练# 「以手扳脚舒肝累」内经说肝为万病之贼，太多的问题是因为气机不利导致的百病丛生，这个动作可以疏肝解郁，舒畅全身气机。做50到100下，身体微微出汗为度，经期可做，孕期不要做。微博健康说#微博健康讲堂# L针灸匠张宝旬的微博视频 ​
上海徐晓峰,今天04:50,34,61,0,//weibo.com/1974945511/JE8JvllDT?refer_flag=1001030103_,拜登就职演说有几个要点：①承认美国被“深刻撕裂”，呼吁“团结”；②新冠疫情下美国正经历“危险冬天”，为逝者默哀，将积极抗疫；③将打击美国政治极端主义、排外主义和国内恐怖主义；④拒绝“美国孤立”，将修复与盟友关系，与世界再次建立“良好联系”。 ​
西雅图夏至,今天05:07,14,12,0,//weibo.com/1960116444/JE8QspmFB?refer_flag=1001030103_,#美国生活# 拜登夫妇抵达白宫，我看到的不是总统和第一夫人，而是一对相爱的伴侣，真实的感情、真实的人，久违了！ L西雅图夏至的微博视频 ​
ManUtdspot,今天05:10,2,29,0,//weibo.com/2809841193/JE8RzBjyd?refer_flag=1001030103_,上半场的一次争议判罚：弗雷德在禁区内卡位被身后的洛夫图斯齐科撞倒你认为这应该是一粒点球吗？ManUtdspot 曼联 英超  LManUtdspot的微博视频 ​
上海徐晓峰,今天04:50,34,61,0,//weibo.com/1974945511/JE8JvllDT?refer_flag=1001030103_,拜登就职演说有几个要点：①承认美国被“深刻撕裂”，呼吁“团结”；②新冠疫情下美国正经历“危险冬天”，为逝者默哀，将积极抗疫；③将打击美国政治极端主义、排外主义和国内恐怖主义；④拒绝“美国孤立”，将修复与盟友关系，与世界再次建立“良好联系”。 ​
战战的迷妈,今天05:17,34,217,0,//weibo.com/5706035272/JE8UeaDzi?refer_flag=1001030103_,肖战#肖战蒙牛乳业品牌代言人# xz#牛蒙蒙送礼排面大#     昨天买了三次，十二生肖都买了个遍，早上凌晨三点多又爬起来买，我买了130箱。电子卡可以慢慢用，不用担心喝不完过期，如果想买，可以先买电子卡。我不做生意，只是我承诺要尽力支持肖战的影视商务作品的。    多说不如多做，心动不 ​
针灸匠张宝旬,今天05:14,128,14,0,//weibo.com/2282201403/JE8T0twH7?refer_flag=1001030103_,#童子功一日一练# 「以手扳脚舒肝累」内经说肝为万病之贼，太多的问题是因为气机不利导致的百病丛生，这个动作可以疏肝解郁，舒畅全身气机。做50到100下，身体微微出汗为度，经期可做，孕期不要做。微博健康说#微博健康讲堂# L针灸匠张宝旬的微博视频 ​
西雅图夏至,今天05:07,14,12,0,//weibo.com/1960116444/JE8QspmFB?refer_flag=1001030103_,#美国生活# 拜登夫妇抵达白宫，我看到的不是总统和第一夫人，而是一对相爱的伴侣，真实的感情、真实的人，久违了！ L西雅图夏至的微博视频 ​
ManUtdspot,今天05:10,2,29,0,//weibo.com/2809841193/JE8RzBjyd?refer_flag=1001030103_,上半场的一次争议判罚：弗雷德在禁区内卡位被身后的洛夫图斯齐科撞倒你认为这应该是一粒点球吗？ManUtdspot 曼联 英超  LManUtdspot的微博视频 ​
战战的迷妈,今天05:17,34,209,0,//weibo.com/5706035272/JE8UeaDzi?refer_flag=1001030103_,肖战#肖战蒙牛乳业品牌代言人# xz#牛蒙蒙送礼排面大#     昨天买了三次，十二生肖都买了个遍，早上凌晨三点多又爬起来买，我买了130箱。电子卡可以慢慢用，不用担心喝不完过期，如果想买，可以先买电子卡。我不做生意，只是我承诺要尽力支持肖战的影视商务作品的。    多说不如多做，心动不 ​
八组兔有料,今天05:30,7,20,0,//weibo.com/6453312111/JE8ZK5WBW?refer_flag=1001030103_,广电时评发文点名郑爽，不给有劣迹艺人给出镜的机会，你怎么看？#广电时评发文##广电封杀郑爽# 广电封杀郑爽 ​
ManUtdspot,今天05:10,2,29,0,//weibo.com/2809841193/JE8RzBjyd?refer_flag=1001030103_,上半场的一次争议判罚：弗雷德在禁区内卡位被身后的洛夫图斯齐科撞倒你认为这应该是一粒点球吗？ManUtdspot 曼联 英超  LManUtdspot的微博视频 ​
思想聚焦,今天05:07,5,99,0,//weibo.com/1742566624/JE8Qtz7Dn?refer_flag=1001030103_,#长大后最可怕的事情# 来聊聊 O思想聚焦 的红包 ​
等等梅梅,今天05:00,8,61,0,//weibo.com/2605628620/JE8Nie9Ht?refer_flag=1001030103_,#一日一花# #早安# 拍得不好、但是、我尽心尽力了。 ​
ManUtdspot,今天05:10,2,29,0,//weibo.com/2809841193/JE8RzBjyd?refer_flag=1001030103_,上半场的一次争议判罚：弗雷德在禁区内卡位被身后的洛夫图斯齐科撞倒你认为这应该是一粒点球吗？ManUtdspot 曼联 英超  LManUtdspot的微博视频 ​
凤凰王又又,今天05:34,22,38,0,//weibo.com/6498373231/JE91b0m7E?refer_flag=1001030103_,虽然取消了从国会到白宫的游行，新任总统拜登20号下午与家人一起沿着宾夕法尼亚大道朝白宫走了一小段距离。拜登几次慢跑到边界线，停下来与记者和观众交谈。最后第一家庭伴着乐队的演奏进入白宫。 L凤凰王又又的微博视频 ​
西雅图夏至,今天05:07,14,12,0,//weibo.com/1960116444/JE8QspmFB?refer_flag=1001030103_,#美国生活# 拜登夫妇抵达白宫，我看到的不是总统和第一夫人，而是一对相爱的伴侣，真实的感情、真实的人，久违了！ L西雅图夏至的微博视频 ​
上海徐晓峰,今天04:50,34,61,0,//weibo.com/1974945511/JE8JvllDT?refer_flag=1001030103_,拜登就职演说有几个要点：①承认美国被“深刻撕裂”，呼吁“团结”；②新冠疫情下美国正经历“危险冬天”，为逝者默哀，将积极抗疫；③将打击美国政治极端主义、排外主义和国内恐怖主义；④拒绝“美国孤立”，将修复与盟友关系，与世界再次建立“良好联系”。 ​
思想聚焦,今天05:07,5,101,0,//weibo.com/1742566624/JE8Qtz7Dn?refer_flag=1001030103_,#长大后最可怕的事情# 来聊聊 O思想聚焦 的红包 ​
凤凰王又又,今天05:34,22,34,0,//weibo.com/6498373231/JE91b0m7E?refer_flag=1001030103_,虽然取消了从国会到白宫的游行，新任总统拜登20号下午与家人一起沿着宾夕法尼亚大道朝白宫走了一小段距离。拜登几次慢跑到边界线，停下来与记者和观众交谈。最后第一家庭伴着乐队的演奏进入白宫。 L凤凰王又又的微博视频 ​
思想聚焦,今天05:07,5,99,0,//weibo.com/1742566624/JE8Qtz7Dn?refer_flag=1001030103_,#长大后最可怕的事情# 来聊聊 O思想聚焦 的红包 ​
上海徐晓峰,今天04:50,32,60,0,//weibo.com/1974945511/JE8JvllDT?refer_flag=1001030103_,拜登就职演说有几个要点：①承认美国被“深刻撕裂”，呼吁“团结”；②新冠疫情下美国正经历“危险冬天”，为逝者默哀，将积极抗疫；③将打击美国政治极端主义、排外主义和国内恐怖主义；④拒绝“美国孤立”，将修复与盟友关系，与世界再次建立“良好联系”。 ​
ManUtdspot,今天05:10,2,29,0,//weibo.com/2809841193/JE8RzBjyd?refer_flag=1001030103_,上半场的一次争议判罚：弗雷德在禁区内卡位被身后的洛夫图斯齐科撞倒你认为这应该是一粒点球吗？ManUtdspot 曼联 英超  LManUtdspot的微博视频 ​
战战的迷妈,今天05:17,34,209,0,//weibo.com/5706035272/JE8UeaDzi?refer_flag=1001030103_,肖战#肖战蒙牛乳业品牌代言人# xz#牛蒙蒙送礼排面大#     昨天买了三次，十二生肖都买了个遍，早上凌晨三点多又爬起来买，我买了130箱。电子卡可以慢慢用，不用担心喝不完过期，如果想买，可以先买电子卡。我不做生意，只是我承诺要尽力支持肖战的影视商务作品的。    多说不如多做，心动不 ​
上海徐晓峰,今天04:50,32,60,0,//weibo.com/1974945511/JE8JvllDT?refer_flag=1001030103_,拜登就职演说有几个要点：①承认美国被“深刻撕裂”，呼吁“团结”；②新冠疫情下美国正经历“危险冬天”，为逝者默哀，将积极抗疫；③将打击美国政治极端主义、排外主义和国内恐怖主义；④拒绝“美国孤立”，将修复与盟友关系，与世界再次建立“良好联系”。 ​
八组兔有料,今天05:30,7,20,0,//weibo.com/6453312111/JE8ZK5WBW?refer_flag=1001030103_,广电时评发文点名郑爽，不给有劣迹艺人给出镜的机会，你怎么看？#广电时评发文##广电封杀郑爽# 广电封杀郑爽 ​
ManUtdspot,今天05:10,2,29,0,//weibo.com/2809841193/JE8RzBjyd?refer_flag=1001030103_,上半场的一次争议判罚：弗雷德在禁区内卡位被身后的洛夫图斯齐科撞倒你认为这应该是一粒点球吗？ManUtdspot 曼联 英超  LManUtdspot的微博视频 ​
针灸匠张宝旬,今天05:14,123,14,0,//weibo.com/2282201403/JE8T0twH7?refer_flag=1001030103_,#童子功一日一练# 「以手扳脚舒肝累」内经说肝为万病之贼，太多的问题是因为气机不利导致的百病丛生，这个动作可以疏肝解郁，舒畅全身气机。做50到100下，身体微微出汗为度，经期可做，孕期不要做。微博健康说#微博健康讲堂# L针灸匠张宝旬的微博视频 ​
西雅图夏至,今天05:07,13,12,0,//weibo.com/1960116444/JE8QspmFB?refer_flag=1001030103_,#美国生活# 拜登夫妇抵达白宫，我看到的不是总统和第一夫人，而是一对相爱的伴侣，真实的感情、真实的人，久违了！ L西雅图夏至的微博视频 ​
思想聚焦,今天06:06,54,37,0,//weibo.com/1742566624/JE9e59CDW?refer_flag=1001030103_,树欲静而风不止，子欲养而亲不待。#长大后最可怕的事情# ​​​​
教您弄头发,今天06:00,4,1,0,//weibo.com/2610968961/JE9bEeeLr?refer_flag=1001030103_,s秒赞 2021好运会立马向你飞奔而来❤️🐬🐬​​​​
思多金,今天06:02,39,13,0,//weibo.com/6003448985/JE9cEuCLP?refer_flag=1001030103_,人家愿意跟你相处的原因有：第一，你能带给人家实用价值。第二，跟你相处能打开眼界。第三，你能倾听别人的想法并发表有价值的见解。第四，你能充分认可别人的价值。第五，你能带给人家愉快的心情。凡遇事，知道的不要全说，看到的不要全信，听到的就地消化。久而久之，气场自成！一一 ​​​大家早上 ​
央视新闻,今天06:06,147,216,0,//weibo.com/2656274875/JE9esdBkd?refer_flag=1001030103_,【#美国新冠肺炎超2438万例#】美国约翰斯·霍普金斯大学统计数据显示，截至美东时间20日16时22分，美国累计新冠肺炎确诊病例达24382311例，累计死亡病例404898例。过去24小时，美国新增确诊病例171967例，新增死亡病例3770例。（央视记者刘骁骞） ​
环球纪录频道,今天06:00,135,4,0,//weibo.com/5867737487/JE9bEaWaX?refer_flag=1001030103_,NHK纪录片《中国文明.王朝交替の秘密》L环球纪录频道的微博视频 ​
思想杂谈,今天05:00,22,8,0,//weibo.com/1338667624/JE8NibXvl?refer_flag=1001030103_,【＂上善若水＂】1、你高，我便退去，决不淹没你的优长； 2、你低，我便涌来，决不暴露你的缺陷； 3、你动，我便随行，决不撇下你的孤单； 4、你静，我便长守，决不打扰你的安宁； 5、你热，我便清凉，决不激化你的沸腾； 6、你冷，我便沸腾，决不漠视你的寒冷！ ​​​​
凤凰王又又,今天05:34,25,40,0,//weibo.com/6498373231/JE91b0m7E?refer_flag=1001030103_,虽然取消了从国会到白宫的游行，新任总统拜登20号下午与家人一起沿着宾夕法尼亚大道朝白宫走了一小段距离。拜登几次慢跑到边界线，停下来与记者和观众交谈。最后第一家庭伴着乐队的演奏进入白宫。 L凤凰王又又的微博视频 ​
八组兔有料,今天05:30,8,23,0,//weibo.com/6453312111/JE8ZK5WBW?refer_flag=1001030103_,广电时评发文点名郑爽，不给有劣迹艺人给出镜的机会，你怎么看？#广电时评发文##广电封杀郑爽# 广电封杀郑爽 ​
战战的迷妈,今天05:17,49,278,0,//weibo.com/5706035272/JE8UeaDzi?refer_flag=1001030103_,肖战#肖战蒙牛乳业品牌代言人# xz#牛蒙蒙送礼排面大#     昨天买了三次，十二生肖都买了个遍，早上凌晨三点多又爬起来买，我买了130箱。电子卡可以慢慢用，不用担心喝不完过期，如果想买，可以先买电子卡。我不做生意，只是我承诺要尽力支持肖战的影视商务作品的。    多说不如多做，心动不 ​
等等梅梅,今天05:00,11,64,0,//weibo.com/2605628620/JE8Nie9Ht?refer_flag=1001030103_,#一日一花# #早安# 拍得不好、但是、我尽心尽力了。 ​
HW前HR,今天06:00,114,94,0,//weibo.com/3626485974/JE9bRsDAu?refer_flag=1001030103_,人类社会不一定富国就会胜过穷国，而是有组织执行力的会胜过没有组织执行力的。如果看中外历史，一定会发现很多例子，就是发达社会被经济落后的国家或者部族灭国了，比如北宋经济文化遥遥领先金，但是被金灭国；南宋经济和文化遥遥领先蒙古，但是南宋被灭了。因为宋空有经济，但是整个社会组织能力， ​
环球纪录频道,今天06:00,135,4,0,//weibo.com/5867737487/JE9bEaWaX?refer_flag=1001030103_,NHK纪录片《中国文明.王朝交替の秘密》L环球纪录频道的微博视频 ​
头条新闻,今天06:13,97,71,0,//weibo.com/1618051664/JE9h26rkU?refer_flag=1001030103_,【#拜登正式宣誓就职美国第46任总统# 就职演说重点都在这了！】1月20日，拜登正式宣誓就职美国第46任总统，随后发表就职演说。他称当天为“美国之日”， 并表示“美国经受了新的考验，美国已奋起迎接挑战”。“人民的意志得到了倾听，人民的意志得到了重视。”他承诺将修复联盟，再次与世界接触，引领 ​
思想聚焦,今天06:06,54,37,0,//weibo.com/1742566624/JE9e59CDW?refer_flag=1001030103_,树欲静而风不止，子欲养而亲不待。#长大后最可怕的事情# ​​​​
凤凰王又又,今天06:44,12,132,0,//weibo.com/6498373231/JE9tD4ty7?refer_flag=1001030103_,我收工了，大兵还没。 2美国·华盛顿 ​
凤凰王又又,今天05:34,22,38,0,//weibo.com/6498373231/JE91b0m7E?refer_flag=1001030103_,虽然取消了从国会到白宫的游行，新任总统拜登20号下午与家人一起沿着宾夕法尼亚大道朝白宫走了一小段距离。拜登几次慢跑到边界线，停下来与记者和观众交谈。最后第一家庭伴着乐队的演奏进入白宫。 L凤凰王又又的微博视频 ​
战战的迷妈,今天05:17,34,217,0,//weibo.com/5706035272/JE8UeaDzi?refer_flag=1001030103_,肖战#肖战蒙牛乳业品牌代言人# xz#牛蒙蒙送礼排面大#     昨天买了三次，十二生肖都买了个遍，早上凌晨三点多又爬起来买，我买了130箱。电子卡可以慢慢用，不用担心喝不完过期，如果想买，可以先买电子卡。我不做生意，只是我承诺要尽力支持肖战的影视商务作品的。    多说不如多做，心动不 ​
八组兔有料,今天05:30,7,20,0,//weibo.com/6453312111/JE8ZK5WBW?refer_flag=1001030103_,广电时评发文点名郑爽，不给有劣迹艺人给出镜的机会，你怎么看？#广电时评发文##广电封杀郑爽# 广电封杀郑爽 ​
上海徐晓峰,今天04:50,34,61,0,//weibo.com/1974945511/JE8JvllDT?refer_flag=1001030103_,拜登就职演说有几个要点：①承认美国被“深刻撕裂”，呼吁“团结”；②新冠疫情下美国正经历“危险冬天”，为逝者默哀，将积极抗疫；③将打击美国政治极端主义、排外主义和国内恐怖主义；④拒绝“美国孤立”，将修复与盟友关系，与世界再次建立“良好联系”。 ​
等等梅梅,今天05:00,8,61,0,//weibo.com/2605628620/JE8Nie9Ht?refer_flag=1001030103_,#一日一花# #早安# 拍得不好、但是、我尽心尽力了。 ​
思想聚焦,今天05:07,5,101,0,//weibo.com/1742566624/JE8Qtz7Dn?refer_flag=1001030103_,#长大后最可怕的事情# 来聊聊 O思想聚焦 的红包 ​
ManUtdspot,今天05:10,2,29,0,//weibo.com/2809841193/JE8RzBjyd?refer_flag=1001030103_,上半场的一次争议判罚：弗雷德在禁区内卡位被身后的洛夫图斯齐科撞倒你认为这应该是一粒点球吗？ManUtdspot 曼联 英超  LManUtdspot的微博视频 ​
等等梅梅,今天05:00,9,62,0,//weibo.com/2605628620/JE8Nie9Ht?refer_flag=1001030103_,#一日一花# #早安# 拍得不好、但是、我尽心尽力了。 ​
西雅图夏至,今天05:07,14,12,0,//weibo.com/1960116444/JE8QspmFB?refer_flag=1001030103_,#美国生活# 拜登夫妇抵达白宫，我看到的不是总统和第一夫人，而是一对相爱的伴侣，真实的感情、真实的人，久违了！ L西雅图夏至的微博视频 ​
战战的迷妈,今天05:17,37,231,0,//weibo.com/5706035272/JE8UeaDzi?refer_flag=1001030103_,肖战#肖战蒙牛乳业品牌代言人# xz#牛蒙蒙送礼排面大#     昨天买了三次，十二生肖都买了个遍，早上凌晨三点多又爬起来买，我买了130箱。电子卡可以慢慢用，不用担心喝不完过期，如果想买，可以先买电子卡。我不做生意，只是我承诺要尽力支持肖战的影视商务作品的。    多说不如多做，心动不 ​
教您弄头发,今天06:00,4,1,0,//weibo.com/2610968961/JE9bEeeLr?refer_flag=1001030103_,s秒赞 2021好运会立马向你飞奔而来❤️🐬🐬​​​​
思想聚焦,今天06:06,54,37,0,//weibo.com/1742566624/JE9e59CDW?refer_flag=1001030103_,树欲静而风不止，子欲养而亲不待。#长大后最可怕的事情# ​​​​
HW前HR,今天06:00,114,94,0,//weibo.com/3626485974/JE9bRsDAu?refer_flag=1001030103_,人类社会不一定富国就会胜过穷国，而是有组织执行力的会胜过没有组织执行力的。如果看中外历史，一定会发现很多例子，就是发达社会被经济落后的国家或者部族灭国了，比如北宋经济文化遥遥领先金，但是被金灭国；南宋经济和文化遥遥领先蒙古，但是南宋被灭了。因为宋空有经济，但是整个社会组织能力， ​
凤凰王又又,今天06:44,12,132,0,//weibo.com/6498373231/JE9tD4ty7?refer_flag=1001030103_,我收工了，大兵还没。 2美国·华盛顿 ​
环球纪录频道,今天06:00,135,4,0,//weibo.com/5867737487/JE9bEaWaX?refer_flag=1001030103_,NHK纪录片《中国文明.王朝交替の秘密》L环球纪录频道的微博视频 ​
八组兔有料,今天05:30,8,23,0,//weibo.com/6453312111/JE8ZK5WBW?refer_flag=1001030103_,广电时评发文点名郑爽，不给有劣迹艺人给出镜的机会，你怎么看？#广电时评发文##广电封杀郑爽# 广电封杀郑爽 ​
针灸匠张宝旬,今天05:14,148,15,0,//weibo.com/2282201403/JE8T0twH7?refer_flag=1001030103_,#童子功一日一练# 「以手扳脚舒肝累」内经说肝为万病之贼，太多的问题是因为气机不利导致的百病丛生，这个动作可以疏肝解郁，舒畅全身气机。做50到100下，身体微微出汗为度，经期可做，孕期不要做。微博健康说#微博健康讲堂# L针灸匠张宝旬的微博视频 ​
思想聚焦,今天05:07,5,104,0,//weibo.com/1742566624/JE8Qtz7Dn?refer_flag=1001030103_,#长大后最可怕的事情# 来聊聊 O思想聚焦 的红包 ​
ManUtdspot,今天05:10,2,29,0,//weibo.com/2809841193/JE8RzBjyd?refer_flag=1001030103_,上半场的一次争议判罚：弗雷德在禁区内卡位被身后的洛夫图斯齐科撞倒你认为这应该是一粒点球吗？ManUtdspot 曼联 英超  LManUtdspot的微博视频 ​
西雅图夏至,今天05:07,14,13,0,//weibo.com/1960116444/JE8QspmFB?refer_flag=1001030103_,#美国生活# 拜登夫妇抵达白宫，我看到的不是总统和第一夫人，而是一对相爱的伴侣，真实的感情、真实的人，久违了！ L西雅图夏至的微博视频 ​
针灸匠张宝旬,今天05:14,148,15,0,//weibo.com/2282201403/JE8T0twH7?refer_flag=1001030103_,#童子功一日一练# 「以手扳脚舒肝累」内经说肝为万病之贼，太多的问题是因为气机不利导致的百病丛生，这个动作可以疏肝解郁，舒畅全身气机。做50到100下，身体微微出汗为度，经期可做，孕期不要做。微博健康说#微博健康讲堂# L针灸匠张宝旬的微博视频 ​
ManUtdspot,今天05:10,2,29,0,//weibo.com/2809841193/JE8RzBjyd?refer_flag=1001030103_,上半场的一次争议判罚：弗雷德在禁区内卡位被身后的洛夫图斯齐科撞倒你认为这应该是一粒点球吗？ManUtdspot 曼联 英超  LManUtdspot的微博视频 ​
上海徐晓峰,今天04:50,37,63,0,//weibo.com/1974945511/JE8JvllDT?refer_flag=1001030103_,拜登就职演说有几个要点：①承认美国被“深刻撕裂”，呼吁“团结”；②新冠疫情下美国正经历“危险冬天”，为逝者默哀，将积极抗疫；③将打击美国政治极端主义、排外主义和国内恐怖主义；④拒绝“美国孤立”，将修复与盟友关系，与世界再次建立“良好联系”。 ​
思想杂谈,今天05:00,22,8,0,//weibo.com/1338667624/JE8NibXvl?refer_flag=1001030103_,【＂上善若水＂】1、你高，我便退去，决不淹没你的优长； 2、你低，我便涌来，决不暴露你的缺陷； 3、你动，我便随行，决不撇下你的孤单； 4、你静，我便长守，决不打扰你的安宁； 5、你热，我便清凉，决不激化你的沸腾； 6、你冷，我便沸腾，决不漠视你的寒冷！ ​​​​
八组兔有料,今天05:30,8,23,0,//weibo.com/6453312111/JE8ZK5WBW?refer_flag=1001030103_,广电时评发文点名郑爽，不给有劣迹艺人给出镜的机会，你怎么看？#广电时评发文##广电封杀郑爽# 广电封杀郑爽 ​
ManUtdspot,今天05:10,2,29,0,//weibo.com/2809841193/JE8RzBjyd?refer_flag=1001030103_,上半场的一次争议判罚：弗雷德在禁区内卡位被身后的洛夫图斯齐科撞倒你认为这应该是一粒点球吗？ManUtdspot 曼联 英超  LManUtdspot的微博视频 ​
西雅图夏至,今天05:07,13,12,0,//weibo.com/1960116444/JE8QspmFB?refer_flag=1001030103_,#美国生活# 拜登夫妇抵达白宫，我看到的不是总统和第一夫人，而是一对相爱的伴侣，真实的感情、真实的人，久违了！ L西雅图夏至的微博视频 ​
等等梅梅,今天05:00,7,60,0,//weibo.com/2605628620/JE8Nie9Ht?refer_flag=1001030103_,#一日一花# #早安# 拍得不好、但是、我尽心尽力了。 ​
思想聚焦,今天05:07,5,99,0,//weibo.com/1742566624/JE8Qtz7Dn?refer_flag=1001030103_,#长大后最可怕的事情# 来聊聊 O思想聚焦 的红包 ​
上海徐晓峰,今天04:50,32,59,0,//weibo.com/1974945511/JE8JvllDT?refer_flag=1001030103_,拜登就职演说有几个要点：①承认美国被“深刻撕裂”，呼吁“团结”；②新冠疫情下美国正经历“危险冬天”，为逝者默哀，将积极抗疫；③将打击美国政治极端主义、排外主义和国内恐怖主义；④拒绝“美国孤立”，将修复与盟友关系，与世界再次建立“良好联系”。 ​
八组兔有料,今天05:30,8,23,0,//weibo.com/6453312111/JE8ZK5WBW?refer_flag=1001030103_,广电时评发文点名郑爽，不给有劣迹艺人给出镜的机会，你怎么看？#广电时评发文##广电封杀郑爽# 广电封杀郑爽 ​
等等梅梅,今天05:00,11,64,0,//weibo.com/2605628620/JE8Nie9Ht?refer_flag=1001030103_,#一日一花# #早安# 拍得不好、但是、我尽心尽力了。 ​
ManUtdspot,今天05:10,2,29,0,//weibo.com/2809841193/JE8RzBjyd?refer_flag=1001030103_,上半场的一次争议判罚：弗雷德在禁区内卡位被身后的洛夫图斯齐科撞倒你认为这应该是一粒点球吗？ManUtdspot 曼联 英超  LManUtdspot的微博视频 ​
战战的迷妈,今天05:17,49,278,0,//weibo.com/5706035272/JE8UeaDzi?refer_flag=1001030103_,肖战#肖战蒙牛乳业品牌代言人# xz#牛蒙蒙送礼排面大#     昨天买了三次，十二生肖都买了个遍，早上凌晨三点多又爬起来买，我买了130箱。电子卡可以慢慢用，不用担心喝不完过期，如果想买，可以先买电子卡。我不做生意，只是我承诺要尽力支持肖战的影视商务作品的。    多说不如多做，心动不 ​
思想聚焦,今天05:07,5,104,0,//weibo.com/1742566624/JE8Qtz7Dn?refer_flag=1001030103_,#长大后最可怕的事情# 来聊聊 O思想聚焦 的红包 ​
思想杂谈,今天05:00,20,8,0,//weibo.com/1338667624/JE8NibXvl?refer_flag=1001030103_,【＂上善若水＂】1、你高，我便退去，决不淹没你的优长； 2、你低，我便涌来，决不暴露你的缺陷； 3、你动，我便随行，决不撇下你的孤单； 4、你静，我便长守，决不打扰你的安宁； 5、你热，我便清凉，决不激化你的沸腾； 6、你冷，我便沸腾，决不漠视你的寒冷！ ​​​​
思想聚焦,今天05:07,5,101,0,//weibo.com/1742566624/JE8Qtz7Dn?refer_flag=1001030103_,#长大后最可怕的事情# 来聊聊 O思想聚焦 的红包 ​
西雅图夏至,今天05:07,14,12,0,//weibo.com/1960116444/JE8QspmFB?refer_flag=1001030103_,#美国生活# 拜登夫妇抵达白宫，我看到的不是总统和第一夫人，而是一对相爱的伴侣，真实的感情、真实的人，久违了！ L西雅图夏至的微博视频 ​
八组兔有料,今天05:30,7,20,0,//weibo.com/6453312111/JE8ZK5WBW?refer_flag=1001030103_,广电时评发文点名郑爽，不给有劣迹艺人给出镜的机会，你怎么看？#广电时评发文##广电封杀郑爽# 广电封杀郑爽 ​
凤凰王又又,今天05:34,22,38,0,//weibo.com/6498373231/JE91b0m7E?refer_flag=1001030103_,虽然取消了从国会到白宫的游行，新任总统拜登20号下午与家人一起沿着宾夕法尼亚大道朝白宫走了一小段距离。拜登几次慢跑到边界线，停下来与记者和观众交谈。最后第一家庭伴着乐队的演奏进入白宫。 L凤凰王又又的微博视频 ​
八组兔有料,今天05:30,8,23,0,//weibo.com/6453312111/JE8ZK5WBW?refer_flag=1001030103_,广电时评发文点名郑爽，不给有劣迹艺人给出镜的机会，你怎么看？#广电时评发文##广电封杀郑爽# 广电封杀郑爽 ​
针灸匠张宝旬,今天05:14,148,15,0,//weibo.com/2282201403/JE8T0twH7?refer_flag=1001030103_,#童子功一日一练# 「以手扳脚舒肝累」内经说肝为万病之贼，太多的问题是因为气机不利导致的百病丛生，这个动作可以疏肝解郁，舒畅全身气机。做50到100下，身体微微出汗为度，经期可做，孕期不要做。微博健康说#微博健康讲堂# L针灸匠张宝旬的微博视频 ​
ManUtdspot,今天05:10,2,29,0,//weibo.com/2809841193/JE8RzBjyd?refer_flag=1001030103_,上半场的一次争议判罚：弗雷德在禁区内卡位被身后的洛夫图斯齐科撞倒你认为这应该是一粒点球吗？ManUtdspot 曼联 英超  LManUtdspot的微博视频 ​
战战的迷妈,今天05:17,49,278,0,//weibo.com/5706035272/JE8UeaDzi?refer_flag=1001030103_,肖战#肖战蒙牛乳业品牌代言人# xz#牛蒙蒙送礼排面大#     昨天买了三次，十二生肖都买了个遍，早上凌晨三点多又爬起来买，我买了130箱。电子卡可以慢慢用，不用担心喝不完过期，如果想买，可以先买电子卡。我不做生意，只是我承诺要尽力支持肖战的影视商务作品的。    多说不如多做，心动不 ​
等等梅梅,今天05:00,11,64,0,//weibo.com/2605628620/JE8Nie9Ht?refer_flag=1001030103_,#一日一花# #早安# 拍得不好、但是、我尽心尽力了。 ​
思想杂谈,今天05:00,22,8,0,//weibo.com/1338667624/JE8NibXvl?refer_flag=1001030103_,【＂上善若水＂】1、你高，我便退去，决不淹没你的优长； 2、你低，我便涌来，决不暴露你的缺陷； 3、你动，我便随行，决不撇下你的孤单； 4、你静，我便长守，决不打扰你的安宁； 5、你热，我便清凉，决不激化你的沸腾； 6、你冷，我便沸腾，决不漠视你的寒冷！ ​​​​
西雅图夏至,今天05:07,14,13,0,//weibo.com/1960116444/JE8QspmFB?refer_flag=1001030103_,#美国生活# 拜登夫妇抵达白宫，我看到的不是总统和第一夫人，而是一对相爱的伴侣，真实的感情、真实的人，久违了！ L西雅图夏至的微博视频 ​
等等梅梅,今天05:00,11,64,0,//weibo.com/2605628620/JE8Nie9Ht?refer_flag=1001030103_,#一日一花# #早安# 拍得不好、但是、我尽心尽力了。 ​
针灸匠张宝旬,今天05:14,148,15,0,//weibo.com/2282201403/JE8T0twH7?refer_flag=1001030103_,#童子功一日一练# 「以手扳脚舒肝累」内经说肝为万病之贼，太多的问题是因为气机不利导致的百病丛生，这个动作可以疏肝解郁，舒畅全身气机。做50到100下，身体微微出汗为度，经期可做，孕期不要做。微博健康说#微博健康讲堂# L针灸匠张宝旬的微博视频 ​
ManUtdspot,今天05:10,2,29,0,//weibo.com/2809841193/JE8RzBjyd?refer_flag=1001030103_,上半场的一次争议判罚：弗雷德在禁区内卡位被身后的洛夫图斯齐科撞倒你认为这应该是一粒点球吗？ManUtdspot 曼联 英超  LManUtdspot的微博视频 ​
ManUtdspot,今天05:10,2,29,0,//weibo.com/2809841193/JE8RzBjyd?refer_flag=1001030103_,上半场的一次争议判罚：弗雷德在禁区内卡位被身后的洛夫图斯齐科撞倒你认为这应该是一粒点球吗？ManUtdspot 曼联 英超  LManUtdspot的微博视频 ​
八组兔有料,今天05:30,7,20,0,//weibo.com/6453312111/JE8ZK5WBW?refer_flag=1001030103_,广电时评发文点名郑爽，不给有劣迹艺人给出镜的机会，你怎么看？#广电时评发文##广电封杀郑爽# 广电封杀郑爽 ​
上海徐晓峰,今天04:50,32,60,0,//weibo.com/1974945511/JE8JvllDT?refer_flag=1001030103_,拜登就职演说有几个要点：①承认美国被“深刻撕裂”，呼吁“团结”；②新冠疫情下美国正经历“危险冬天”，为逝者默哀，将积极抗疫；③将打击美国政治极端主义、排外主义和国内恐怖主义；④拒绝“美国孤立”，将修复与盟友关系，与世界再次建立“良好联系”。 ​
等等梅梅,今天05:00,8,61,0,//weibo.com/2605628620/JE8Nie9Ht?refer_flag=1001030103_,#一日一花# #早安# 拍得不好、但是、我尽心尽力了。 ​
凤凰王又又,今天05:34,22,34,0,//weibo.com/6498373231/JE91b0m7E?refer_flag=1001030103_,虽然取消了从国会到白宫的游行，新任总统拜登20号下午与家人一起沿着宾夕法尼亚大道朝白宫走了一小段距离。拜登几次慢跑到边界线，停下来与记者和观众交谈。最后第一家庭伴着乐队的演奏进入白宫。 L凤凰王又又的微博视频 ​
凤凰王又又,今天05:34,22,38,0,//weibo.com/6498373231/JE91b0m7E?refer_flag=1001030103_,虽然取消了从国会到白宫的游行，新任总统拜登20号下午与家人一起沿着宾夕法尼亚大道朝白宫走了一小段距离。拜登几次慢跑到边界线，停下来与记者和观众交谈。最后第一家庭伴着乐队的演奏进入白宫。 L凤凰王又又的微博视频 ​
等等梅梅,今天05:00,8,61,0,//weibo.com/2605628620/JE8Nie9Ht?refer_flag=1001030103_,#一日一花# #早安# 拍得不好、但是、我尽心尽力了。 ​
战战的迷妈,今天05:17,34,217,0,//weibo.com/5706035272/JE8UeaDzi?refer_flag=1001030103_,肖战#肖战蒙牛乳业品牌代言人# xz#牛蒙蒙送礼排面大#     昨天买了三次，十二生肖都买了个遍，早上凌晨三点多又爬起来买，我买了130箱。电子卡可以慢慢用，不用担心喝不完过期，如果想买，可以先买电子卡。我不做生意，只是我承诺要尽力支持肖战的影视商务作品的。    多说不如多做，心动不 ​
西雅图夏至,今天05:07,14,12,0,//weibo.com/1960116444/JE8QspmFB?refer_flag=1001030103_,#美国生活# 拜登夫妇抵达白宫，我看到的不是总统和第一夫人，而是一对相爱的伴侣，真实的感情、真实的人，久违了！ L西雅图夏至的微博视频 ​
ManUtdspot,今天05:10,2,29,0,//weibo.com/2809841193/JE8RzBjyd?refer_flag=1001030103_,上半场的一次争议判罚：弗雷德在禁区内卡位被身后的洛夫图斯齐科撞倒你认为这应该是一粒点球吗？ManUtdspot 曼联 英超  LManUtdspot的微博视频 ​
战战的迷妈,今天05:17,37,231,0,//weibo.com/5706035272/JE8UeaDzi?refer_flag=1001030103_,肖战#肖战蒙牛乳业品牌代言人# xz#牛蒙蒙送礼排面大#     昨天买了三次，十二生肖都买了个遍，早上凌晨三点多又爬起来买，我买了130箱。电子卡可以慢慢用，不用担心喝不完过期，如果想买，可以先买电子卡。我不做生意，只是我承诺要尽力支持肖战的影视商务作品的。    多说不如多做，心动不 ​
针灸匠张宝旬,今天05:14,130,14,0,//weibo.com/2282201403/JE8T0twH7?refer_flag=1001030103_,#童子功一日一练# 「以手扳脚舒肝累」内经说肝为万病之贼，太多的问题是因为气机不利导致的百病丛生，这个动作可以疏肝解郁，舒畅全身气机。做50到100下，身体微微出汗为度，经期可做，孕期不要做。微博健康说#微博健康讲堂# L针灸匠张宝旬的微博视频 ​
八组兔有料,今天05:30,7,20,0,//weibo.com/6453312111/JE8ZK5WBW?refer_flag=1001030103_,广电时评发文点名郑爽，不给有劣迹艺人给出镜的机会，你怎么看？#广电时评发文##广电封杀郑爽# 广电封杀郑爽 ​
西雅图夏至,今天05:07,14,12,0,//weibo.com/1960116444/JE8QspmFB?refer_flag=1001030103_,#美国生活# 拜登夫妇抵达白宫，我看到的不是总统和第一夫人，而是一对相爱的伴侣，真实的感情、真实的人，久违了！ L西雅图夏至的微博视频 ​
思想杂谈,今天05:00,20,8,0,//weibo.com/1338667624/JE8NibXvl?refer_flag=1001030103_,【＂上善若水＂】1、你高，我便退去，决不淹没你的优长； 2、你低，我便涌来，决不暴露你的缺陷； 3、你动，我便随行，决不撇下你的孤单； 4、你静，我便长守，决不打扰你的安宁； 5、你热，我便清凉，决不激化你的沸腾； 6、你冷，我便沸腾，决不漠视你的寒冷！ ​​​​
思想杂谈,今天05:00,22,8,0,//weibo.com/1338667624/JE8NibXvl?refer_flag=1001030103_,【＂上善若水＂】1、你高，我便退去，决不淹没你的优长； 2、你低，我便涌来，决不暴露你的缺陷； 3、你动，我便随行，决不撇下你的孤单； 4、你静，我便长守，决不打扰你的安宁； 5、你热，我便清凉，决不激化你的沸腾； 6、你冷，我便沸腾，决不漠视你的寒冷！ ​​​​
上海徐晓峰,今天04:50,37,63,0,//weibo.com/1974945511/JE8JvllDT?refer_flag=1001030103_,拜登就职演说有几个要点：①承认美国被“深刻撕裂”，呼吁“团结”；②新冠疫情下美国正经历“危险冬天”，为逝者默哀，将积极抗疫；③将打击美国政治极端主义、排外主义和国内恐怖主义；④拒绝“美国孤立”，将修复与盟友关系，与世界再次建立“良好联系”。 ​
凤凰王又又,今天05:34,25,40,0,//weibo.com/6498373231/JE91b0m7E?refer_flag=1001030103_,虽然取消了从国会到白宫的游行，新任总统拜登20号下午与家人一起沿着宾夕法尼亚大道朝白宫走了一小段距离。拜登几次慢跑到边界线，停下来与记者和观众交谈。最后第一家庭伴着乐队的演奏进入白宫。 L凤凰王又又的微博视频 ​
等等梅梅,今天05:00,11,64,0,//weibo.com/2605628620/JE8Nie9Ht?refer_flag=1001030103_,#一日一花# #早安# 拍得不好、但是、我尽心尽力了。 ​
思想聚焦,今天05:07,5,104,0,//weibo.com/1742566624/JE8Qtz7Dn?refer_flag=1001030103_,#长大后最可怕的事情# 来聊聊 O思想聚焦 的红包 ​
上海徐晓峰,今天04:50,34,61,0,//weibo.com/1974945511/JE8JvllDT?refer_flag=1001030103_,拜登就职演说有几个要点：①承认美国被“深刻撕裂”，呼吁“团结”；②新冠疫情下美国正经历“危险冬天”，为逝者默哀，将积极抗疫；③将打击美国政治极端主义、排外主义和国内恐怖主义；④拒绝“美国孤立”，将修复与盟友关系，与世界再次建立“良好联系”。 ​
战战的迷妈,今天05:17,37,231,0,//weibo.com/5706035272/JE8UeaDzi?refer_flag=1001030103_,肖战#肖战蒙牛乳业品牌代言人# xz#牛蒙蒙送礼排面大#     昨天买了三次，十二生肖都买了个遍，早上凌晨三点多又爬起来买，我买了130箱。电子卡可以慢慢用，不用担心喝不完过期，如果想买，可以先买电子卡。我不做生意，只是我承诺要尽力支持肖战的影视商务作品的。    多说不如多做，心动不 ​
八组兔有料,今天05:30,7,20,0,//weibo.com/6453312111/JE8ZK5WBW?refer_flag=1001030103_,广电时评发文点名郑爽，不给有劣迹艺人给出镜的机会，你怎么看？#广电时评发文##广电封杀郑爽# 广电封杀郑爽 ​
等等梅梅,今天05:00,9,62,0,//weibo.com/2605628620/JE8Nie9Ht?refer_flag=1001030103_,#一日一花# #早安# 拍得不好、但是、我尽心尽力了。 ​
西雅图夏至,今天05:07,14,12,0,//weibo.com/1960116444/JE8QspmFB?refer_flag=1001030103_,#美国生活# 拜登夫妇抵达白宫，我看到的不是总统和第一夫人，而是一对相爱的伴侣，真实的感情、真实的人，久违了！ L西雅图夏至的微博视频 ​
西雅图夏至,今天05:07,14,12,0,//weibo.com/1960116444/JE8QspmFB?refer_flag=1001030103_,#美国生活# 拜登夫妇抵达白宫，我看到的不是总统和第一夫人，而是一对相爱的伴侣，真实的感情、真实的人，久违了！ L西雅图夏至的微博视频 ​
战战的迷妈,今天05:17,34,217,0,//weibo.com/5706035272/JE8UeaDzi?refer_flag=1001030103_,肖战#肖战蒙牛乳业品牌代言人# xz#牛蒙蒙送礼排面大#     昨天买了三次，十二生肖都买了个遍，早上凌晨三点多又爬起来买，我买了130箱。电子卡可以慢慢用，不用担心喝不完过期，如果想买，可以先买电子卡。我不做生意，只是我承诺要尽力支持肖战的影视商务作品的。    多说不如多做，心动不 ​
思想聚焦,今天05:07,5,101,0,//weibo.com/1742566624/JE8Qtz7Dn?refer_flag=1001030103_,#长大后最可怕的事情# 来聊聊 O思想聚焦 的红包 ​
思想杂谈,今天05:00,20,8,0,//weibo.com/1338667624/JE8NibXvl?refer_flag=1001030103_,【＂上善若水＂】1、你高，我便退去，决不淹没你的优长； 2、你低，我便涌来，决不暴露你的缺陷； 3、你动，我便随行，决不撇下你的孤单； 4、你静，我便长守，决不打扰你的安宁； 5、你热，我便清凉，决不激化你的沸腾； 6、你冷，我便沸腾，决不漠视你的寒冷！ ​​​​
等等梅梅,今天05:00,8,61,0,//weibo.com/2605628620/JE8Nie9Ht?refer_flag=1001030103_,#一日一花# #早安# 拍得不好、但是、我尽心尽力了。 ​
思想杂谈,今天05:00,20,8,0,//weibo.com/1338667624/JE8NibXvl?refer_flag=1001030103_,【＂上善若水＂】1、你高，我便退去，决不淹没你的优长； 2、你低，我便涌来，决不暴露你的缺陷； 3、你动，我便随行，决不撇下你的孤单； 4、你静，我便长守，决不打扰你的安宁； 5、你热，我便清凉，决不激化你的沸腾； 6、你冷，我便沸腾，决不漠视你的寒冷！ ​​​​
针灸匠张宝旬,今天05:14,123,14,0,//weibo.com/2282201403/JE8T0twH7?refer_flag=1001030103_,#童子功一日一练# 「以手扳脚舒肝累」内经说肝为万病之贼，太多的问题是因为气机不利导致的百病丛生，这个动作可以疏肝解郁，舒畅全身气机。做50到100下，身体微微出汗为度，经期可做，孕期不要做。微博健康说#微博健康讲堂# L针灸匠张宝旬的微博视频 ​
ManUtdspot,今天05:10,2,29,0,//weibo.com/2809841193/JE8RzBjyd?refer_flag=1001030103_,上半场的一次争议判罚：弗雷德在禁区内卡位被身后的洛夫图斯齐科撞倒你认为这应该是一粒点球吗？ManUtdspot 曼联 英超  LManUtdspot的微博视频 ​
西雅图夏至,今天05:07,13,12,0,//weibo.com/1960116444/JE8QspmFB?refer_flag=1001030103_,#美国生活# 拜登夫妇抵达白宫，我看到的不是总统和第一夫人，而是一对相爱的伴侣，真实的感情、真实的人，久违了！ L西雅图夏至的微博视频 ​
凤凰王又又,今天05:34,22,34,0,//weibo.com/6498373231/JE91b0m7E?refer_flag=1001030103_,虽然取消了从国会到白宫的游行，新任总统拜登20号下午与家人一起沿着宾夕法尼亚大道朝白宫走了一小段距离。拜登几次慢跑到边界线，停下来与记者和观众交谈。最后第一家庭伴着乐队的演奏进入白宫。 L凤凰王又又的微博视频 ​
思想杂谈,今天05:00,20,8,0,//weibo.com/1338667624/JE8NibXvl?refer_flag=1001030103_,【＂上善若水＂】1、你高，我便退去，决不淹没你的优长； 2、你低，我便涌来，决不暴露你的缺陷； 3、你动，我便随行，决不撇下你的孤单； 4、你静，我便长守，决不打扰你的安宁； 5、你热，我便清凉，决不激化你的沸腾； 6、你冷，我便沸腾，决不漠视你的寒冷！ ​​​​
凤凰王又又,今天05:34,22,38,0,//weibo.com/6498373231/JE91b0m7E?refer_flag=1001030103_,虽然取消了从国会到白宫的游行，新任总统拜登20号下午与家人一起沿着宾夕法尼亚大道朝白宫走了一小段距离。拜登几次慢跑到边界线，停下来与记者和观众交谈。最后第一家庭伴着乐队的演奏进入白宫。 L凤凰王又又的微博视频 ​
上海徐晓峰,今天04:50,34,61,0,//weibo.com/1974945511/JE8JvllDT?refer_flag=1001030103_,拜登就职演说有几个要点：①承认美国被“深刻撕裂”，呼吁“团结”；②新冠疫情下美国正经历“危险冬天”，为逝者默哀，将积极抗疫；③将打击美国政治极端主义、排外主义和国内恐怖主义；④拒绝“美国孤立”，将修复与盟友关系，与世界再次建立“良好联系”。 ​
思想聚焦,今天05:07,5,101,0,//weibo.com/1742566624/JE8Qtz7Dn?refer_flag=1001030103_,#长大后最可怕的事情# 来聊聊 O思想聚焦 的红包 ​
针灸匠张宝旬,今天05:14,128,14,0,//weibo.com/2282201403/JE8T0twH7?refer_flag=1001030103_,#童子功一日一练# 「以手扳脚舒肝累」内经说肝为万病之贼，太多的问题是因为气机不利导致的百病丛生，这个动作可以疏肝解郁，舒畅全身气机。做50到100下，身体微微出汗为度，经期可做，孕期不要做。微博健康说#微博健康讲堂# L针灸匠张宝旬的微博视频 ​
八组兔有料,今天05:30,7,20,0,//weibo.com/6453312111/JE8ZK5WBW?refer_flag=1001030103_,广电时评发文点名郑爽，不给有劣迹艺人给出镜的机会，你怎么看？#广电时评发文##广电封杀郑爽# 广电封杀郑爽 ​
ManUtdspot,今天05:10,2,29,0,//weibo.com/2809841193/JE8RzBjyd?refer_flag=1001030103_,上半场的一次争议判罚：弗雷德在禁区内卡位被身后的洛夫图斯齐科撞倒你认为这应该是一粒点球吗？ManUtdspot 曼联 英超  LManUtdspot的微博视频 ​
针灸匠张宝旬,今天05:14,130,14,0,//weibo.com/2282201403/JE8T0twH7?refer_flag=1001030103_,#童子功一日一练# 「以手扳脚舒肝累」内经说肝为万病之贼，太多的问题是因为气机不利导致的百病丛生，这个动作可以疏肝解郁，舒畅全身气机。做50到100下，身体微微出汗为度，经期可做，孕期不要做。微博健康说#微博健康讲堂# L针灸匠张宝旬的微博视频 ​
等等梅梅,今天05:00,9,62,0,//weibo.com/2605628620/JE8Nie9Ht?refer_flag=1001030103_,#一日一花# #早安# 拍得不好、但是、我尽心尽力了。 ​
思想杂谈,今天05:00,20,8,0,//weibo.com/1338667624/JE8NibXvl?refer_flag=1001030103_,【＂上善若水＂】1、你高，我便退去，决不淹没你的优长； 2、你低，我便涌来，决不暴露你的缺陷； 3、你动，我便随行，决不撇下你的孤单； 4、你静，我便长守，决不打扰你的安宁； 5、你热，我便清凉，决不激化你的沸腾； 6、你冷，我便沸腾，决不漠视你的寒冷！ ​​​​
思想聚焦,今天06:06,56,39,0,//weibo.com/1742566624/JE9e59CDW?refer_flag=1001030103_,树欲静而风不止，子欲养而亲不待。#长大后最可怕的事情# ​​​​
思多金,今天06:02,39,13,0,//weibo.com/6003448985/JE9cEuCLP?refer_flag=1001030103_,人家愿意跟你相处的原因有：第一，你能带给人家实用价值。第二，跟你相处能打开眼界。第三，你能倾听别人的想法并发表有价值的见解。第四，你能充分认可别人的价值。第五，你能带给人家愉快的心情。凡遇事，知道的不要全说，看到的不要全信，听到的就地消化。久而久之，气场自成！一一 ​​​大家早上 ​
教您弄头发,今天06:00,4,1,0,//weibo.com/2610968961/JE9bEeeLr?refer_flag=1001030103_,s秒赞 2021好运会立马向你飞奔而来❤️🐬🐬​​​​
头条新闻,今天06:13,101,74,0,//weibo.com/1618051664/JE9h26rkU?refer_flag=1001030103_,【#拜登正式宣誓就职美国第46任总统# 就职演说重点都在这了！】1月20日，拜登正式宣誓就职美国第46任总统，随后发表就职演说。他称当天为“美国之日”， 并表示“美国经受了新的考验，美国已奋起迎接挑战”。“人民的意志得到了倾听，人民的意志得到了重视。”他承诺将修复联盟，再次与世界接触，引领 ​
央视新闻,今天06:06,152,219,0,//weibo.com/2656274875/JE9esdBkd?refer_flag=1001030103_,【#美国新冠肺炎超2438万例#】美国约翰斯·霍普金斯大学统计数据显示，截至美东时间20日16时22分，美国累计新冠肺炎确诊病例达24382311例，累计死亡病例404898例。过去24小时，美国新增确诊病例171967例，新增死亡病例3770例。（央视记者刘骁骞） ​
思想杂谈,今天05:00,20,8,0,//weibo.com/1338667624/JE8NibXvl?refer_flag=1001030103_,【＂上善若水＂】1、你高，我便退去，决不淹没你的优长； 2、你低，我便涌来，决不暴露你的缺陷； 3、你动，我便随行，决不撇下你的孤单； 4、你静，我便长守，决不打扰你的安宁； 5、你热，我便清凉，决不激化你的沸腾； 6、你冷，我便沸腾，决不漠视你的寒冷！ ​​​​
八组兔有料,今天05:30,7,20,0,//weibo.com/6453312111/JE8ZK5WBW?refer_flag=1001030103_,广电时评发文点名郑爽，不给有劣迹艺人给出镜的机会，你怎么看？#广电时评发文##广电封杀郑爽# 广电封杀郑爽 ​
上海徐晓峰,今天04:50,32,60,0,//weibo.com/1974945511/JE8JvllDT?refer_flag=1001030103_,拜登就职演说有几个要点：①承认美国被“深刻撕裂”，呼吁“团结”；②新冠疫情下美国正经历“危险冬天”，为逝者默哀，将积极抗疫；③将打击美国政治极端主义、排外主义和国内恐怖主义；④拒绝“美国孤立”，将修复与盟友关系，与世界再次建立“良好联系”。 ​
战战的迷妈,今天05:17,34,209,0,//weibo.com/5706035272/JE8UeaDzi?refer_flag=1001030103_,肖战#肖战蒙牛乳业品牌代言人# xz#牛蒙蒙送礼排面大#     昨天买了三次，十二生肖都买了个遍，早上凌晨三点多又爬起来买，我买了130箱。电子卡可以慢慢用，不用担心喝不完过期，如果想买，可以先买电子卡。我不做生意，只是我承诺要尽力支持肖战的影视商务作品的。    多说不如多做，心动不 ​
ManUtdspot,今天05:10,2,29,0,//weibo.com/2809841193/JE8RzBjyd?refer_flag=1001030103_,上半场的一次争议判罚：弗雷德在禁区内卡位被身后的洛夫图斯齐科撞倒你认为这应该是一粒点球吗？ManUtdspot 曼联 英超  LManUtdspot的微博视频 ​
王冰汝,今天06:26,327,246,0,//weibo.com/2174585797/JE9mcqcPl?refer_flag=1001030103_,#拜登正式宣誓就职美国第46任总统# #v光计划#新官上任三把火，拜登一口气签署17项行政命令，撤销特朗普政府时期的政策，包括三大领域：新冠疫情，气候环境和移民政策。👉新冠疫情危机重回世界卫生组织；寻求一项1.9万亿美元的纾困法案，旨在加速新冠疫苗的分发，同时为数百万受大流行病影响的美国 ​
凤凰王又又,今天06:44,13,133,0,//weibo.com/6498373231/JE9tD4ty7?refer_flag=1001030103_,我收工了，大兵还没。 2美国·华盛顿 ​
环球纪录频道,今天06:00,142,4,0,//weibo.com/5867737487/JE9bEaWaX?refer_flag=1001030103_,NHK纪录片《中国文明.王朝交替の秘密》L环球纪录频道的微博视频 ​
HW前HR,今天06:00,118,97,0,//weibo.com/3626485974/JE9bRsDAu?refer_flag=1001030103_,人类社会不一定富国就会胜过穷国，而是有组织执行力的会胜过没有组织执行力的。如果看中外历史，一定会发现很多例子，就是发达社会被经济落后的国家或者部族灭国了，比如北宋经济文化遥遥领先金，但是被金灭国；南宋经济和文化遥遥领先蒙古，但是南宋被灭了。因为宋空有经济，但是整个社会组织能力， ​
思多金,今天06:02,39,13,0,//weibo.com/6003448985/JE9cEuCLP?refer_flag=1001030103_,人家愿意跟你相处的原因有：第一，你能带给人家实用价值。第二，跟你相处能打开眼界。第三，你能倾听别人的想法并发表有价值的见解。第四，你能充分认可别人的价值。第五，你能带给人家愉快的心情。凡遇事，知道的不要全说，看到的不要全信，听到的就地消化。久而久之，气场自成！一一 ​​​大家早上 ​
针灸匠张宝旬,今天05:14,148,15,0,//weibo.com/2282201403/JE8T0twH7?refer_flag=1001030103_,#童子功一日一练# 「以手扳脚舒肝累」内经说肝为万病之贼，太多的问题是因为气机不利导致的百病丛生，这个动作可以疏肝解郁，舒畅全身气机。做50到100下，身体微微出汗为度，经期可做，孕期不要做。微博健康说#微博健康讲堂# L针灸匠张宝旬的微博视频 ​
战战的迷妈,今天05:17,49,278,0,//weibo.com/5706035272/JE8UeaDzi?refer_flag=1001030103_,肖战#肖战蒙牛乳业品牌代言人# xz#牛蒙蒙送礼排面大#     昨天买了三次，十二生肖都买了个遍，早上凌晨三点多又爬起来买，我买了130箱。电子卡可以慢慢用，不用担心喝不完过期，如果想买，可以先买电子卡。我不做生意，只是我承诺要尽力支持肖战的影视商务作品的。    多说不如多做，心动不 ​
ManUtdspot,今天05:10,2,29,0,//weibo.com/2809841193/JE8RzBjyd?refer_flag=1001030103_,上半场的一次争议判罚：弗雷德在禁区内卡位被身后的洛夫图斯齐科撞倒你认为这应该是一粒点球吗？ManUtdspot 曼联 英超  LManUtdspot的微博视频 ​
思想杂谈,今天05:00,22,8,0,//weibo.com/1338667624/JE8NibXvl?refer_flag=1001030103_,【＂上善若水＂】1、你高，我便退去，决不淹没你的优长； 2、你低，我便涌来，决不暴露你的缺陷； 3、你动，我便随行，决不撇下你的孤单； 4、你静，我便长守，决不打扰你的安宁； 5、你热，我便清凉，决不激化你的沸腾； 6、你冷，我便沸腾，决不漠视你的寒冷！ ​​​​
思想聚焦,今天05:07,5,104,0,//weibo.com/1742566624/JE8Qtz7Dn?refer_flag=1001030103_,#长大后最可怕的事情# 来聊聊 O思想聚焦 的红包 ​
HW前HR,今天06:00,118,97,0,//weibo.com/3626485974/JE9bRsDAu?refer_flag=1001030103_,人类社会不一定富国就会胜过穷国，而是有组织执行力的会胜过没有组织执行力的。如果看中外历史，一定会发现很多例子，就是发达社会被经济落后的国家或者部族灭国了，比如北宋经济文化遥遥领先金，但是被金灭国；南宋经济和文化遥遥领先蒙古，但是南宋被灭了。因为宋空有经济，但是整个社会组织能力， ​
思多金,今天06:02,39,13,0,//weibo.com/6003448985/JE9cEuCLP?refer_flag=1001030103_,人家愿意跟你相处的原因有：第一，你能带给人家实用价值。第二，跟你相处能打开眼界。第三，你能倾听别人的想法并发表有价值的见解。第四，你能充分认可别人的价值。第五，你能带给人家愉快的心情。凡遇事，知道的不要全说，看到的不要全信，听到的就地消化。久而久之，气场自成！一一 ​​​大家早上 ​
头条新闻,今天06:13,101,74,0,//weibo.com/1618051664/JE9h26rkU?refer_flag=1001030103_,【#拜登正式宣誓就职美国第46任总统# 就职演说重点都在这了！】1月20日，拜登正式宣誓就职美国第46任总统，随后发表就职演说。他称当天为“美国之日”， 并表示“美国经受了新的考验，美国已奋起迎接挑战”。“人民的意志得到了倾听，人民的意志得到了重视。”他承诺将修复联盟，再次与世界接触，引领 ​
央视新闻,今天06:06,152,219,0,//weibo.com/2656274875/JE9esdBkd?refer_flag=1001030103_,【#美国新冠肺炎超2438万例#】美国约翰斯·霍普金斯大学统计数据显示，截至美东时间20日16时22分，美国累计新冠肺炎确诊病例达24382311例，累计死亡病例404898例。过去24小时，美国新增确诊病例171967例，新增死亡病例3770例。（央视记者刘骁骞） ​
思想聚焦,今天06:06,56,39,0,//weibo.com/1742566624/JE9e59CDW?refer_flag=1001030103_,树欲静而风不止，子欲养而亲不待。#长大后最可怕的事情# ​​​​
思想聚焦,今天05:07,5,101,0,//weibo.com/1742566624/JE8Qtz7Dn?refer_flag=1001030103_,#长大后最可怕的事情# 来聊聊 O思想聚焦 的红包 ​
西雅图夏至,今天05:07,14,12,0,//weibo.com/1960116444/JE8QspmFB?refer_flag=1001030103_,#美国生活# 拜登夫妇抵达白宫，我看到的不是总统和第一夫人，而是一对相爱的伴侣，真实的感情、真实的人，久违了！ L西雅图夏至的微博视频 ​
上海徐晓峰,今天04:50,34,61,0,//weibo.com/1974945511/JE8JvllDT?refer_flag=1001030103_,拜登就职演说有几个要点：①承认美国被“深刻撕裂”，呼吁“团结”；②新冠疫情下美国正经历“危险冬天”，为逝者默哀，将积极抗疫；③将打击美国政治极端主义、排外主义和国内恐怖主义；④拒绝“美国孤立”，将修复与盟友关系，与世界再次建立“良好联系”。 ​
思想杂谈,今天05:00,20,8,0,//weibo.com/1338667624/JE8NibXvl?refer_flag=1001030103_,【＂上善若水＂】1、你高，我便退去，决不淹没你的优长； 2、你低，我便涌来，决不暴露你的缺陷； 3、你动，我便随行，决不撇下你的孤单； 4、你静，我便长守，决不打扰你的安宁； 5、你热，我便清凉，决不激化你的沸腾； 6、你冷，我便沸腾，决不漠视你的寒冷！ ​​​​
ManUtdspot,今天05:10,2,29,0,//weibo.com/2809841193/JE8RzBjyd?refer_flag=1001030103_,上半场的一次争议判罚：弗雷德在禁区内卡位被身后的洛夫图斯齐科撞倒你认为这应该是一粒点球吗？ManUtdspot 曼联 英超  LManUtdspot的微博视频 ​
思想聚焦,今天06:06,54,37,0,//weibo.com/1742566624/JE9e59CDW?refer_flag=1001030103_,树欲静而风不止，子欲养而亲不待。#长大后最可怕的事情# ​​​​
皇马新闻,今天06:32,68,172,0,//weibo.com/1990309453/JE9oFsYlz?refer_flag=1001030103_,耻辱的夜晚。国王杯被一支西班牙第三级别球队西乙Ｂ球队淘汰出局。这场比赛大概就是皇马本赛季的缩影吧。无力吐槽了。拜仁、马竞也被低级别联赛淘汰出局，但是他们是联赛榜首，而我们呢？感觉又是一地鸡毛的一个赛季。大家晚安吧，也说一声早安吧。#皇马国王杯爆冷出局# ​
王冰汝,今天06:26,316,233,0,//weibo.com/2174585797/JE9mcqcPl?refer_flag=1001030103_,#拜登正式宣誓就职美国第46任总统# #v光计划#新官上任三把火，拜登一口气签署17项行政命令，撤销特朗普政府时期的政策，包括三大领域：新冠疫情，气候环境和移民政策。👉新冠疫情危机重回世界卫生组织；寻求一项1.9万亿美元的纾困法案，旨在加速新冠疫苗的分发，同时为数百万受大流行病影响的美国 ​
凤凰王又又,今天06:44,12,132,0,//weibo.com/6498373231/JE9tD4ty7?refer_flag=1001030103_,我收工了，大兵还没。 2美国·华盛顿 ​
环球纪录频道,今天06:00,135,4,0,//weibo.com/5867737487/JE9bEaWaX?refer_flag=1001030103_,NHK纪录片《中国文明.王朝交替の秘密》L环球纪录频道的微博视频 ​
西雅图夏至,今天05:07,14,12,0,//weibo.com/1960116444/JE8QspmFB?refer_flag=1001030103_,#美国生活# 拜登夫妇抵达白宫，我看到的不是总统和第一夫人，而是一对相爱的伴侣，真实的感情、真实的人，久违了！ L西雅图夏至的微博视频 ​
ManUtdspot,今天05:10,2,29,0,//weibo.com/2809841193/JE8RzBjyd?refer_flag=1001030103_,上半场的一次争议判罚：弗雷德在禁区内卡位被身后的洛夫图斯齐科撞倒你认为这应该是一粒点球吗？ManUtdspot 曼联 英超  LManUtdspot的微博视频 ​
思想杂谈,今天05:00,20,8,0,//weibo.com/1338667624/JE8NibXvl?refer_flag=1001030103_,【＂上善若水＂】1、你高，我便退去，决不淹没你的优长； 2、你低，我便涌来，决不暴露你的缺陷； 3、你动，我便随行，决不撇下你的孤单； 4、你静，我便长守，决不打扰你的安宁； 5、你热，我便清凉，决不激化你的沸腾； 6、你冷，我便沸腾，决不漠视你的寒冷！ ​​​​
针灸匠张宝旬,今天05:14,130,14,0,//weibo.com/2282201403/JE8T0twH7?refer_flag=1001030103_,#童子功一日一练# 「以手扳脚舒肝累」内经说肝为万病之贼，太多的问题是因为气机不利导致的百病丛生，这个动作可以疏肝解郁，舒畅全身气机。做50到100下，身体微微出汗为度，经期可做，孕期不要做。微博健康说#微博健康讲堂# L针灸匠张宝旬的微博视频 ​
上海徐晓峰,今天04:50,34,61,0,//weibo.com/1974945511/JE8JvllDT?refer_flag=1001030103_,拜登就职演说有几个要点：①承认美国被“深刻撕裂”，呼吁“团结”；②新冠疫情下美国正经历“危险冬天”，为逝者默哀，将积极抗疫；③将打击美国政治极端主义、排外主义和国内恐怖主义；④拒绝“美国孤立”，将修复与盟友关系，与世界再次建立“良好联系”。 ​
HW前HR,今天06:00,118,97,0,//weibo.com/3626485974/JE9bRsDAu?refer_flag=1001030103_,人类社会不一定富国就会胜过穷国，而是有组织执行力的会胜过没有组织执行力的。如果看中外历史，一定会发现很多例子，就是发达社会被经济落后的国家或者部族灭国了，比如北宋经济文化遥遥领先金，但是被金灭国；南宋经济和文化遥遥领先蒙古，但是南宋被灭了。因为宋空有经济，但是整个社会组织能力， ​
头条新闻,今天06:13,101,74,0,//weibo.com/1618051664/JE9h26rkU?refer_flag=1001030103_,【#拜登正式宣誓就职美国第46任总统# 就职演说重点都在这了！】1月20日，拜登正式宣誓就职美国第46任总统，随后发表就职演说。他称当天为“美国之日”， 并表示“美国经受了新的考验，美国已奋起迎接挑战”。“人民的意志得到了倾听，人民的意志得到了重视。”他承诺将修复联盟，再次与世界接触，引领 ​
皇马新闻,今天06:32,71,175,0,//weibo.com/1990309453/JE9oFsYlz?refer_flag=1001030103_,耻辱的夜晚。国王杯被一支西班牙第三级别球队西乙Ｂ球队淘汰出局。这场比赛大概就是皇马本赛季的缩影吧。无力吐槽了。拜仁、马竞也被低级别联赛淘汰出局，但是他们是联赛榜首，而我们呢？感觉又是一地鸡毛的一个赛季。大家晚安吧，也说一声早安吧。#皇马国王杯爆冷出局# ​
环球纪录频道,今天06:00,142,4,0,//weibo.com/5867737487/JE9bEaWaX?refer_flag=1001030103_,NHK纪录片《中国文明.王朝交替の秘密》L环球纪录频道的微博视频 ​
凤凰王又又,今天06:44,13,133,0,//weibo.com/6498373231/JE9tD4ty7?refer_flag=1001030103_,我收工了，大兵还没。 2美国·华盛顿 ​
凤凰王又又,今天05:34,25,40,0,//weibo.com/6498373231/JE91b0m7E?refer_flag=1001030103_,虽然取消了从国会到白宫的游行，新任总统拜登20号下午与家人一起沿着宾夕法尼亚大道朝白宫走了一小段距离。拜登几次慢跑到边界线，停下来与记者和观众交谈。最后第一家庭伴着乐队的演奏进入白宫。 L凤凰王又又的微博视频 ​
西雅图夏至,今天05:07,14,13,0,//weibo.com/1960116444/JE8QspmFB?refer_flag=1001030103_,#美国生活# 拜登夫妇抵达白宫，我看到的不是总统和第一夫人，而是一对相爱的伴侣，真实的感情、真实的人，久违了！ L西雅图夏至的微博视频 ​
思想聚焦,今天05:07,5,104,0,//weibo.com/1742566624/JE8Qtz7Dn?refer_flag=1001030103_,#长大后最可怕的事情# 来聊聊 O思想聚焦 的红包 ​
上海徐晓峰,今天04:50,37,63,0,//weibo.com/1974945511/JE8JvllDT?refer_flag=1001030103_,拜登就职演说有几个要点：①承认美国被“深刻撕裂”，呼吁“团结”；②新冠疫情下美国正经历“危险冬天”，为逝者默哀，将积极抗疫；③将打击美国政治极端主义、排外主义和国内恐怖主义；④拒绝“美国孤立”，将修复与盟友关系，与世界再次建立“良好联系”。 ​
思想杂谈,今天05:00,22,8,0,//weibo.com/1338667624/JE8NibXvl?refer_flag=1001030103_,【＂上善若水＂】1、你高，我便退去，决不淹没你的优长； 2、你低，我便涌来，决不暴露你的缺陷； 3、你动，我便随行，决不撇下你的孤单； 4、你静，我便长守，决不打扰你的安宁； 5、你热，我便清凉，决不激化你的沸腾； 6、你冷，我便沸腾，决不漠视你的寒冷！ ​​​​
针灸匠张宝旬,今天05:14,130,14,0,//weibo.com/2282201403/JE8T0twH7?refer_flag=1001030103_,#童子功一日一练# 「以手扳脚舒肝累」内经说肝为万病之贼，太多的问题是因为气机不利导致的百病丛生，这个动作可以疏肝解郁，舒畅全身气机。做50到100下，身体微微出汗为度，经期可做，孕期不要做。微博健康说#微博健康讲堂# L针灸匠张宝旬的微博视频 ​
战战的迷妈,今天05:17,37,231,0,//weibo.com/5706035272/JE8UeaDzi?refer_flag=1001030103_,肖战#肖战蒙牛乳业品牌代言人# xz#牛蒙蒙送礼排面大#     昨天买了三次，十二生肖都买了个遍，早上凌晨三点多又爬起来买，我买了130箱。电子卡可以慢慢用，不用担心喝不完过期，如果想买，可以先买电子卡。我不做生意，只是我承诺要尽力支持肖战的影视商务作品的。    多说不如多做，心动不 ​
ManUtdspot,今天05:10,2,29,0,//weibo.com/2809841193/JE8RzBjyd?refer_flag=1001030103_,上半场的一次争议判罚：弗雷德在禁区内卡位被身后的洛夫图斯齐科撞倒你认为这应该是一粒点球吗？ManUtdspot 曼联 英超  LManUtdspot的微博视频 ​
思想杂谈,今天05:00,20,8,0,//weibo.com/1338667624/JE8NibXvl?refer_flag=1001030103_,【＂上善若水＂】1、你高，我便退去，决不淹没你的优长； 2、你低，我便涌来，决不暴露你的缺陷； 3、你动，我便随行，决不撇下你的孤单； 4、你静，我便长守，决不打扰你的安宁； 5、你热，我便清凉，决不激化你的沸腾； 6、你冷，我便沸腾，决不漠视你的寒冷！ ​​​​
思想聚焦,今天05:07,5,101,0,//weibo.com/1742566624/JE8Qtz7Dn?refer_flag=1001030103_,#长大后最可怕的事情# 来聊聊 O思想聚焦 的红包 ​
凤凰王又又,今天06:44,12,132,0,//weibo.com/6498373231/JE9tD4ty7?refer_flag=1001030103_,我收工了，大兵还没。 2美国·华盛顿 ​
环球纪录频道,今天06:00,135,4,0,//weibo.com/5867737487/JE9bEaWaX?refer_flag=1001030103_,NHK纪录片《中国文明.王朝交替の秘密》L环球纪录频道的微博视频 ​
头条新闻,今天06:13,97,71,0,//weibo.com/1618051664/JE9h26rkU?refer_flag=1001030103_,【#拜登正式宣誓就职美国第46任总统# 就职演说重点都在这了！】1月20日，拜登正式宣誓就职美国第46任总统，随后发表就职演说。他称当天为“美国之日”， 并表示“美国经受了新的考验，美国已奋起迎接挑战”。“人民的意志得到了倾听，人民的意志得到了重视。”他承诺将修复联盟，再次与世界接触，引领 ​
HW前HR,今天06:00,114,94,0,//weibo.com/3626485974/JE9bRsDAu?refer_flag=1001030103_,人类社会不一定富国就会胜过穷国，而是有组织执行力的会胜过没有组织执行力的。如果看中外历史，一定会发现很多例子，就是发达社会被经济落后的国家或者部族灭国了，比如北宋经济文化遥遥领先金，但是被金灭国；南宋经济和文化遥遥领先蒙古，但是南宋被灭了。因为宋空有经济，但是整个社会组织能力， ​
皇马新闻,今天06:32,68,172,0,//weibo.com/1990309453/JE9oFsYlz?refer_flag=1001030103_,耻辱的夜晚。国王杯被一支西班牙第三级别球队西乙Ｂ球队淘汰出局。这场比赛大概就是皇马本赛季的缩影吧。无力吐槽了。拜仁、马竞也被低级别联赛淘汰出局，但是他们是联赛榜首，而我们呢？感觉又是一地鸡毛的一个赛季。大家晚安吧，也说一声早安吧。#皇马国王杯爆冷出局# ​
针灸匠张宝旬,今天05:14,130,14,0,//weibo.com/2282201403/JE8T0twH7?refer_flag=1001030103_,#童子功一日一练# 「以手扳脚舒肝累」内经说肝为万病之贼，太多的问题是因为气机不利导致的百病丛生，这个动作可以疏肝解郁，舒畅全身气机。做50到100下，身体微微出汗为度，经期可做，孕期不要做。微博健康说#微博健康讲堂# L针灸匠张宝旬的微博视频 ​
思想聚焦,今天05:07,5,101,0,//weibo.com/1742566624/JE8Qtz7Dn?refer_flag=1001030103_,#长大后最可怕的事情# 来聊聊 O思想聚焦 的红包 ​
战战的迷妈,今天05:17,37,231,0,//weibo.com/5706035272/JE8UeaDzi?refer_flag=1001030103_,肖战#肖战蒙牛乳业品牌代言人# xz#牛蒙蒙送礼排面大#     昨天买了三次，十二生肖都买了个遍，早上凌晨三点多又爬起来买，我买了130箱。电子卡可以慢慢用，不用担心喝不完过期，如果想买，可以先买电子卡。我不做生意，只是我承诺要尽力支持肖战的影视商务作品的。    多说不如多做，心动不 ​
思想杂谈,今天05:00,20,8,0,//weibo.com/1338667624/JE8NibXvl?refer_flag=1001030103_,【＂上善若水＂】1、你高，我便退去，决不淹没你的优长； 2、你低，我便涌来，决不暴露你的缺陷； 3、你动，我便随行，决不撇下你的孤单； 4、你静，我便长守，决不打扰你的安宁； 5、你热，我便清凉，决不激化你的沸腾； 6、你冷，我便沸腾，决不漠视你的寒冷！ ​​​​
西雅图夏至,今天05:07,14,12,0,//weibo.com/1960116444/JE8QspmFB?refer_flag=1001030103_,#美国生活# 拜登夫妇抵达白宫，我看到的不是总统和第一夫人，而是一对相爱的伴侣，真实的感情、真实的人，久违了！ L西雅图夏至的微博视频 ​
思想聚焦,今天05:07,5,101,0,//weibo.com/1742566624/JE8Qtz7Dn?refer_flag=1001030103_,#长大后最可怕的事情# 来聊聊 O思想聚焦 的红包 ​
八组兔有料,今天05:30,7,20,0,//weibo.com/6453312111/JE8ZK5WBW?refer_flag=1001030103_,广电时评发文点名郑爽，不给有劣迹艺人给出镜的机会，你怎么看？#广电时评发文##广电封杀郑爽# 广电封杀郑爽 ​
ManUtdspot,今天05:10,2,29,0,//weibo.com/2809841193/JE8RzBjyd?refer_flag=1001030103_,上半场的一次争议判罚：弗雷德在禁区内卡位被身后的洛夫图斯齐科撞倒你认为这应该是一粒点球吗？ManUtdspot 曼联 英超  LManUtdspot的微博视频 ​
凤凰王又又,今天05:34,22,38,0,//weibo.com/6498373231/JE91b0m7E?refer_flag=1001030103_,虽然取消了从国会到白宫的游行，新任总统拜登20号下午与家人一起沿着宾夕法尼亚大道朝白宫走了一小段距离。拜登几次慢跑到边界线，停下来与记者和观众交谈。最后第一家庭伴着乐队的演奏进入白宫。 L凤凰王又又的微博视频 ​
战战的迷妈,今天05:17,37,231,0,//weibo.com/5706035272/JE8UeaDzi?refer_flag=1001030103_,肖战#肖战蒙牛乳业品牌代言人# xz#牛蒙蒙送礼排面大#     昨天买了三次，十二生肖都买了个遍，早上凌晨三点多又爬起来买，我买了130箱。电子卡可以慢慢用，不用担心喝不完过期，如果想买，可以先买电子卡。我不做生意，只是我承诺要尽力支持肖战的影视商务作品的。    多说不如多做，心动不 ​
教您弄头发,今天06:00,4,1,0,//weibo.com/2610968961/JE9bEeeLr?refer_flag=1001030103_,s秒赞 2021好运会立马向你飞奔而来❤️🐬🐬​​​​
皇马新闻,今天06:32,68,172,0,//weibo.com/1990309453/JE9oFsYlz?refer_flag=1001030103_,耻辱的夜晚。国王杯被一支西班牙第三级别球队西乙Ｂ球队淘汰出局。这场比赛大概就是皇马本赛季的缩影吧。无力吐槽了。拜仁、马竞也被低级别联赛淘汰出局，但是他们是联赛榜首，而我们呢？感觉又是一地鸡毛的一个赛季。大家晚安吧，也说一声早安吧。#皇马国王杯爆冷出局# ​
思想聚焦,今天06:06,54,37,0,//weibo.com/1742566624/JE9e59CDW?refer_flag=1001030103_,树欲静而风不止，子欲养而亲不待。#长大后最可怕的事情# ​​​​
凤凰王又又,今天06:44,12,132,0,//weibo.com/6498373231/JE9tD4ty7?refer_flag=1001030103_,我收工了，大兵还没。 2美国·华盛顿 ​
头条新闻,今天06:13,97,71,0,//weibo.com/1618051664/JE9h26rkU?refer_flag=1001030103_,【#拜登正式宣誓就职美国第46任总统# 就职演说重点都在这了！】1月20日，拜登正式宣誓就职美国第46任总统，随后发表就职演说。他称当天为“美国之日”， 并表示“美国经受了新的考验，美国已奋起迎接挑战”。“人民的意志得到了倾听，人民的意志得到了重视。”他承诺将修复联盟，再次与世界接触，引领 ​
环球纪录频道,今天06:00,135,4,0,//weibo.com/5867737487/JE9bEaWaX?refer_flag=1001030103_,NHK纪录片《中国文明.王朝交替の秘密》L环球纪录频道的微博视频 ​
皇马新闻,今天06:32,68,172,0,//weibo.com/1990309453/JE9oFsYlz?refer_flag=1001030103_,耻辱的夜晚。国王杯被一支西班牙第三级别球队西乙Ｂ球队淘汰出局。这场比赛大概就是皇马本赛季的缩影吧。无力吐槽了。拜仁、马竞也被低级别联赛淘汰出局，但是他们是联赛榜首，而我们呢？感觉又是一地鸡毛的一个赛季。大家晚安吧，也说一声早安吧。#皇马国王杯爆冷出局# ​
头条新闻,今天06:13,97,71,0,//weibo.com/1618051664/JE9h26rkU?refer_flag=1001030103_,【#拜登正式宣誓就职美国第46任总统# 就职演说重点都在这了！】1月20日，拜登正式宣誓就职美国第46任总统，随后发表就职演说。他称当天为“美国之日”， 并表示“美国经受了新的考验，美国已奋起迎接挑战”。“人民的意志得到了倾听，人民的意志得到了重视。”他承诺将修复联盟，再次与世界接触，引领 ​
王冰汝,今天06:26,316,233,0,//weibo.com/2174585797/JE9mcqcPl?refer_flag=1001030103_,#拜登正式宣誓就职美国第46任总统# #v光计划#新官上任三把火，拜登一口气签署17项行政命令，撤销特朗普政府时期的政策，包括三大领域：新冠疫情，气候环境和移民政策。👉新冠疫情危机重回世界卫生组织；寻求一项1.9万亿美元的纾困法案，旨在加速新冠疫苗的分发，同时为数百万受大流行病影响的美国 ​
央视新闻,今天06:06,147,216,0,//weibo.com/2656274875/JE9esdBkd?refer_flag=1001030103_,【#美国新冠肺炎超2438万例#】美国约翰斯·霍普金斯大学统计数据显示，截至美东时间20日16时22分，美国累计新冠肺炎确诊病例达24382311例，累计死亡病例404898例。过去24小时，美国新增确诊病例171967例，新增死亡病例3770例。（央视记者刘骁骞） ​
戎装老兵,2019年12月11日,1,2,0,//weibo.com/6053278987/IkiCqzD3K?refer_flag=1001030103_,军营里那一抹绿#众志成城抗疫情# #新冠肺炎潜伏期最长24天# #出门购物如何全流程防护# #全国累计确诊40171例新冠肺炎# #武汉发热患者不得跨区就诊# #武汉所有住宅小区实行封闭管理# #11日武汉拟将完成所有疑似患者检测清零# #武汉最牛小区其实已有确诊病例# #外省支援湖北对口支援表# #王俊凯# #王源# #蔡徐坤#  O-40℃，你紧握钢枪，却握不住一双筷子…… @人民陆军 
戎装老兵,2019年12月09日,0,2,0,//weibo.com/6053278987/IjZTlpNoP?refer_flag=1001030103_,军营里那一抹绿#众志成城抗疫情# #中国军队战备巡航# #谢谢每个平凡的中国人# #新冠肺炎潜伏期最长24天# #出门购物如何全流程防护# #中国军队战备巡航# #全国累计确诊40171例新冠肺炎# #武汉发热患者不得跨区就诊# #武汉所有住宅小区实行封闭管理# #11日武汉拟将完成所有疑似患者检测清零# #外省支援湖北对口支援表# #41架包机近6000人同天抵达武汉# #肖战# #任嘉伦# #朱一龙# #王源# #王俊凯# #蔡徐坤#  O军营和战友成为了一生的回忆！致敬老兵 @老班长 
戎装老兵,2019年12月11日,1,2,0,//weibo.com/6053278987/IkiCqzD3K?refer_flag=1001030103_,军营里那一抹绿#众志成城抗疫情# #新冠肺炎潜伏期最长24天# #出门购物如何全流程防护# #全国累计确诊40171例新冠肺炎# #武汉发热患者不得跨区就诊# #武汉所有住宅小区实行封闭管理# #11日武汉拟将完成所有疑似患者检测清零# #武汉最牛小区其实已有确诊病例# #外省支援湖北对口支援表# #王俊凯# #王源# #蔡徐坤#  O-40℃，你紧握钢枪，却握不住一双筷子…… @人民陆军 
戎装老兵,2019年12月09日,0,2,0,//weibo.com/6053278987/IjZTlpNoP?refer_flag=1001030103_,军营里那一抹绿#众志成城抗疫情# #中国军队战备巡航# #谢谢每个平凡的中国人# #新冠肺炎潜伏期最长24天# #出门购物如何全流程防护# #中国军队战备巡航# #全国累计确诊40171例新冠肺炎# #武汉发热患者不得跨区就诊# #武汉所有住宅小区实行封闭管理# #11日武汉拟将完成所有疑似患者检测清零# #外省支援湖北对口支援表# #41架包机近6000人同天抵达武汉# #肖战# #任嘉伦# #朱一龙# #王源# #王俊凯# #蔡徐坤#  O军营和战友成为了一生的回忆！致敬老兵 @老班长 
戎装老兵,2019年12月11日,1,2,0,//weibo.com/6053278987/IkiCqzD3K?refer_flag=1001030103_,军营里那一抹绿#众志成城抗疫情# #新冠肺炎潜伏期最长24天# #出门购物如何全流程防护# #全国累计确诊40171例新冠肺炎# #武汉发热患者不得跨区就诊# #武汉所有住宅小区实行封闭管理# #11日武汉拟将完成所有疑似患者检测清零# #武汉最牛小区其实已有确诊病例# #外省支援湖北对口支援表# #王俊凯# #王源# #蔡徐坤#  O-40℃，你紧握钢枪，却握不住一双筷子…… @人民陆军 
戎装老兵,2019年12月09日,0,2,0,//weibo.com/6053278987/IjZTlpNoP?refer_flag=1001030103_,军营里那一抹绿#众志成城抗疫情# #中国军队战备巡航# #谢谢每个平凡的中国人# #新冠肺炎潜伏期最长24天# #出门购物如何全流程防护# #中国军队战备巡航# #全国累计确诊40171例新冠肺炎# #武汉发热患者不得跨区就诊# #武汉所有住宅小区实行封闭管理# #11日武汉拟将完成所有疑似患者检测清零# #外省支援湖北对口支援表# #41架包机近6000人同天抵达武汉# #肖战# #任嘉伦# #朱一龙# #王源# #王俊凯# #蔡徐坤#  O军营和战友成为了一生的回忆！致敬老兵 @老班长 
戎装老兵,2019年12月11日,1,2,0,//weibo.com/6053278987/IkiCqzD3K?refer_flag=1001030103_,军营里那一抹绿#众志成城抗疫情# #新冠肺炎潜伏期最长24天# #出门购物如何全流程防护# #全国累计确诊40171例新冠肺炎# #武汉发热患者不得跨区就诊# #武汉所有住宅小区实行封闭管理# #11日武汉拟将完成所有疑似患者检测清零# #武汉最牛小区其实已有确诊病例# #外省支援湖北对口支援表# #王俊凯# #王源# #蔡徐坤#  O-40℃，你紧握钢枪，却握不住一双筷子…… @人民陆军 
戎装老兵,2019年12月09日,0,2,0,//weibo.com/6053278987/IjZTlpNoP?refer_flag=1001030103_,军营里那一抹绿#众志成城抗疫情# #中国军队战备巡航# #谢谢每个平凡的中国人# #新冠肺炎潜伏期最长24天# #出门购物如何全流程防护# #中国军队战备巡航# #全国累计确诊40171例新冠肺炎# #武汉发热患者不得跨区就诊# #武汉所有住宅小区实行封闭管理# #11日武汉拟将完成所有疑似患者检测清零# #外省支援湖北对口支援表# #41架包机近6000人同天抵达武汉# #肖战# #任嘉伦# #朱一龙# #王源# #王俊凯# #蔡徐坤#  O军营和战友成为了一生的回忆！致敬老兵 @老班长 
戎装老兵,2019年12月11日,1,2,0,//weibo.com/6053278987/IkiCqzD3K?refer_flag=1001030103_,军营里那一抹绿#众志成城抗疫情# #新冠肺炎潜伏期最长24天# #出门购物如何全流程防护# #全国累计确诊40171例新冠肺炎# #武汉发热患者不得跨区就诊# #武汉所有住宅小区实行封闭管理# #11日武汉拟将完成所有疑似患者检测清零# #武汉最牛小区其实已有确诊病例# #外省支援湖北对口支援表# #王俊凯# #王源# #蔡徐坤#  O-40℃，你紧握钢枪，却握不住一双筷子…… @人民陆军 
戎装老兵,2019年12月09日,0,2,0,//weibo.com/6053278987/IjZTlpNoP?refer_flag=1001030103_,军营里那一抹绿#众志成城抗疫情# #中国军队战备巡航# #谢谢每个平凡的中国人# #新冠肺炎潜伏期最长24天# #出门购物如何全流程防护# #中国军队战备巡航# #全国累计确诊40171例新冠肺炎# #武汉发热患者不得跨区就诊# #武汉所有住宅小区实行封闭管理# #11日武汉拟将完成所有疑似患者检测清零# #外省支援湖北对口支援表# #41架包机近6000人同天抵达武汉# #肖战# #任嘉伦# #朱一龙# #王源# #王俊凯# #蔡徐坤#  O军营和战友成为了一生的回忆！致敬老兵 @老班长 
戎装老兵,2019年12月11日,1,2,0,//weibo.com/6053278987/IkiCqzD3K?refer_flag=1001030103_,军营里那一抹绿#众志成城抗疫情# #新冠肺炎潜伏期最长24天# #出门购物如何全流程防护# #全国累计确诊40171例新冠肺炎# #武汉发热患者不得跨区就诊# #武汉所有住宅小区实行封闭管理# #11日武汉拟将完成所有疑似患者检测清零# #武汉最牛小区其实已有确诊病例# #外省支援湖北对口支援表# #王俊凯# #王源# #蔡徐坤#  O-40℃，你紧握钢枪，却握不住一双筷子…… @人民陆军 
戎装老兵,2019年12月09日,0,2,0,//weibo.com/6053278987/IjZTlpNoP?refer_flag=1001030103_,军营里那一抹绿#众志成城抗疫情# #中国军队战备巡航# #谢谢每个平凡的中国人# #新冠肺炎潜伏期最长24天# #出门购物如何全流程防护# #中国军队战备巡航# #全国累计确诊40171例新冠肺炎# #武汉发热患者不得跨区就诊# #武汉所有住宅小区实行封闭管理# #11日武汉拟将完成所有疑似患者检测清零# #外省支援湖北对口支援表# #41架包机近6000人同天抵达武汉# #肖战# #任嘉伦# #朱一龙# #王源# #王俊凯# #蔡徐坤#  O军营和战友成为了一生的回忆！致敬老兵 @老班长 
戎装老兵,2019年12月11日,1,2,0,//weibo.com/6053278987/IkiCqzD3K?refer_flag=1001030103_,军营里那一抹绿#众志成城抗疫情# #新冠肺炎潜伏期最长24天# #出门购物如何全流程防护# #全国累计确诊40171例新冠肺炎# #武汉发热患者不得跨区就诊# #武汉所有住宅小区实行封闭管理# #11日武汉拟将完成所有疑似患者检测清零# #武汉最牛小区其实已有确诊病例# #外省支援湖北对口支援表# #王俊凯# #王源# #蔡徐坤#  O-40℃，你紧握钢枪，却握不住一双筷子…… @人民陆军 
戎装老兵,2019年12月09日,0,2,0,//weibo.com/6053278987/IjZTlpNoP?refer_flag=1001030103_,军营里那一抹绿#众志成城抗疫情# #中国军队战备巡航# #谢谢每个平凡的中国人# #新冠肺炎潜伏期最长24天# #出门购物如何全流程防护# #中国军队战备巡航# #全国累计确诊40171例新冠肺炎# #武汉发热患者不得跨区就诊# #武汉所有住宅小区实行封闭管理# #11日武汉拟将完成所有疑似患者检测清零# #外省支援湖北对口支援表# #41架包机近6000人同天抵达武汉# #肖战# #任嘉伦# #朱一龙# #王源# #王俊凯# #蔡徐坤#  O军营和战友成为了一生的回忆！致敬老兵 @老班长 
戎装老兵,2019年12月11日,1,2,0,//weibo.com/6053278987/IkiCqzD3K?refer_flag=1001030103_,军营里那一抹绿#众志成城抗疫情# #新冠肺炎潜伏期最长24天# #出门购物如何全流程防护# #全国累计确诊40171例新冠肺炎# #武汉发热患者不得跨区就诊# #武汉所有住宅小区实行封闭管理# #11日武汉拟将完成所有疑似患者检测清零# #武汉最牛小区其实已有确诊病例# #外省支援湖北对口支援表# #王俊凯# #王源# #蔡徐坤#  O-40℃，你紧握钢枪，却握不住一双筷子…… @人民陆军 
戎装老兵,2019年12月09日,0,2,0,//weibo.com/6053278987/IjZTlpNoP?refer_flag=1001030103_,军营里那一抹绿#众志成城抗疫情# #中国军队战备巡航# #谢谢每个平凡的中国人# #新冠肺炎潜伏期最长24天# #出门购物如何全流程防护# #中国军队战备巡航# #全国累计确诊40171例新冠肺炎# #武汉发热患者不得跨区就诊# #武汉所有住宅小区实行封闭管理# #11日武汉拟将完成所有疑似患者检测清零# #外省支援湖北对口支援表# #41架包机近6000人同天抵达武汉# #肖战# #任嘉伦# #朱一龙# #王源# #王俊凯# #蔡徐坤#  O军营和战友成为了一生的回忆！致敬老兵 @老班长 
戎装老兵,2019年12月11日,1,2,0,//weibo.com/6053278987/IkiCqzD3K?refer_flag=1001030103_,军营里那一抹绿#众志成城抗疫情# #新冠肺炎潜伏期最长24天# #出门购物如何全流程防护# #全国累计确诊40171例新冠肺炎# #武汉发热患者不得跨区就诊# #武汉所有住宅小区实行封闭管理# #11日武汉拟将完成所有疑似患者检测清零# #武汉最牛小区其实已有确诊病例# #外省支援湖北对口支援表# #王俊凯# #王源# #蔡徐坤#  O-40℃，你紧握钢枪，却握不住一双筷子…… @人民陆军 
戎装老兵,2019年12月09日,0,2,0,//weibo.com/6053278987/IjZTlpNoP?refer_flag=1001030103_,军营里那一抹绿#众志成城抗疫情# #中国军队战备巡航# #谢谢每个平凡的中国人# #新冠肺炎潜伏期最长24天# #出门购物如何全流程防护# #中国军队战备巡航# #全国累计确诊40171例新冠肺炎# #武汉发热患者不得跨区就诊# #武汉所有住宅小区实行封闭管理# #11日武汉拟将完成所有疑似患者检测清零# #外省支援湖北对口支援表# #41架包机近6000人同天抵达武汉# #肖战# #任嘉伦# #朱一龙# #王源# #王俊凯# #蔡徐坤#  O军营和战友成为了一生的回忆！致敬老兵 @老班长 
戎装老兵,2019年12月11日,1,2,0,//weibo.com/6053278987/IkiCqzD3K?refer_flag=1001030103_,军营里那一抹绿#众志成城抗疫情# #新冠肺炎潜伏期最长24天# #出门购物如何全流程防护# #全国累计确诊40171例新冠肺炎# #武汉发热患者不得跨区就诊# #武汉所有住宅小区实行封闭管理# #11日武汉拟将完成所有疑似患者检测清零# #武汉最牛小区其实已有确诊病例# #外省支援湖北对口支援表# #王俊凯# #王源# #蔡徐坤#  O-40℃，你紧握钢枪，却握不住一双筷子…… @人民陆军 
戎装老兵,2019年12月09日,0,2,0,//weibo.com/6053278987/IjZTlpNoP?refer_flag=1001030103_,军营里那一抹绿#众志成城抗疫情# #中国军队战备巡航# #谢谢每个平凡的中国人# #新冠肺炎潜伏期最长24天# #出门购物如何全流程防护# #中国军队战备巡航# #全国累计确诊40171例新冠肺炎# #武汉发热患者不得跨区就诊# #武汉所有住宅小区实行封闭管理# #11日武汉拟将完成所有疑似患者检测清零# #外省支援湖北对口支援表# #41架包机近6000人同天抵达武汉# #肖战# #任嘉伦# #朱一龙# #王源# #王俊凯# #蔡徐坤#  O军营和战友成为了一生的回忆！致敬老兵 @老班长 
戎装老兵,2019年12月11日,1,2,0,//weibo.com/6053278987/IkiCqzD3K?refer_flag=1001030103_,军营里那一抹绿#众志成城抗疫情# #新冠肺炎潜伏期最长24天# #出门购物如何全流程防护# #全国累计确诊40171例新冠肺炎# #武汉发热患者不得跨区就诊# #武汉所有住宅小区实行封闭管理# #11日武汉拟将完成所有疑似患者检测清零# #武汉最牛小区其实已有确诊病例# #外省支援湖北对口支援表# #王俊凯# #王源# #蔡徐坤#  O-40℃，你紧握钢枪，却握不住一双筷子…… @人民陆军 
戎装老兵,2019年12月09日,0,2,0,//weibo.com/6053278987/IjZTlpNoP?refer_flag=1001030103_,军营里那一抹绿#众志成城抗疫情# #中国军队战备巡航# #谢谢每个平凡的中国人# #新冠肺炎潜伏期最长24天# #出门购物如何全流程防护# #中国军队战备巡航# #全国累计确诊40171例新冠肺炎# #武汉发热患者不得跨区就诊# #武汉所有住宅小区实行封闭管理# #11日武汉拟将完成所有疑似患者检测清零# #外省支援湖北对口支援表# #41架包机近6000人同天抵达武汉# #肖战# #任嘉伦# #朱一龙# #王源# #王俊凯# #蔡徐坤#  O军营和战友成为了一生的回忆！致敬老兵 @老班长 
戎装老兵,2019年12月11日,1,2,0,//weibo.com/6053278987/IkiCqzD3K?refer_flag=1001030103_,军营里那一抹绿#众志成城抗疫情# #新冠肺炎潜伏期最长24天# #出门购物如何全流程防护# #全国累计确诊40171例新冠肺炎# #武汉发热患者不得跨区就诊# #武汉所有住宅小区实行封闭管理# #11日武汉拟将完成所有疑似患者检测清零# #武汉最牛小区其实已有确诊病例# #外省支援湖北对口支援表# #王俊凯# #王源# #蔡徐坤#  O-40℃，你紧握钢枪，却握不住一双筷子…… @人民陆军 
戎装老兵,2019年12月09日,0,2,0,//weibo.com/6053278987/IjZTlpNoP?refer_flag=1001030103_,军营里那一抹绿#众志成城抗疫情# #中国军队战备巡航# #谢谢每个平凡的中国人# #新冠肺炎潜伏期最长24天# #出门购物如何全流程防护# #中国军队战备巡航# #全国累计确诊40171例新冠肺炎# #武汉发热患者不得跨区就诊# #武汉所有住宅小区实行封闭管理# #11日武汉拟将完成所有疑似患者检测清零# #外省支援湖北对口支援表# #41架包机近6000人同天抵达武汉# #肖战# #任嘉伦# #朱一龙# #王源# #王俊凯# #蔡徐坤#  O军营和战友成为了一生的回忆！致敬老兵 @老班长 
戎装老兵,2019年12月11日,1,2,0,//weibo.com/6053278987/IkiCqzD3K?refer_flag=1001030103_,军营里那一抹绿#众志成城抗疫情# #新冠肺炎潜伏期最长24天# #出门购物如何全流程防护# #全国累计确诊40171例新冠肺炎# #武汉发热患者不得跨区就诊# #武汉所有住宅小区实行封闭管理# #11日武汉拟将完成所有疑似患者检测清零# #武汉最牛小区其实已有确诊病例# #外省支援湖北对口支援表# #王俊凯# #王源# #蔡徐坤#  O-40℃，你紧握钢枪，却握不住一双筷子…… @人民陆军 
戎装老兵,2019年12月09日,0,2,0,//weibo.com/6053278987/IjZTlpNoP?refer_flag=1001030103_,军营里那一抹绿#众志成城抗疫情# #中国军队战备巡航# #谢谢每个平凡的中国人# #新冠肺炎潜伏期最长24天# #出门购物如何全流程防护# #中国军队战备巡航# #全国累计确诊40171例新冠肺炎# #武汉发热患者不得跨区就诊# #武汉所有住宅小区实行封闭管理# #11日武汉拟将完成所有疑似患者检测清零# #外省支援湖北对口支援表# #41架包机近6000人同天抵达武汉# #肖战# #任嘉伦# #朱一龙# #王源# #王俊凯# #蔡徐坤#  O军营和战友成为了一生的回忆！致敬老兵 @老班长 
