三维通,2020年01月25日,2,3,0,//weibo.com/2292212870/Ir7x85L2R?refer_flag=1001030103_,发表了博文《“GUAN”状病毒》2019年12月下旬，有自称武汉市中心医院眼科医生李文亮的人，「武汉大学临床04级」的微信群爆料，称依据某医学检验所的检测报告，武汉已确诊非典。并披露第一例患者是汉口华O“GUAN”状病毒 ​
人性草纸,2020年01月23日,0,0,0,//weibo.com/1660482152/IqRJvaWoI?refer_flag=1001030103_,丁香园是不是应该给武汉的李文亮医生一个道歉呢，鞠躬也行，当面的！！
Drifter_2009,2020年01月23日,0,0,0,//weibo.com/1791646887/IqRJkg9FS?refer_flag=1001030103_,//@青青虫的微博:所以那八人讲SARS并没什么大错，按中科院定义这就是种“SARS相关冠状病毒”，和非典同种，叫新非典无甚问题，甚至更贴切简洁。而且，即使退一万步说，李文亮医生等根据自己得到的信息和专业背景，在判断之后，出于道义或责任感喊了句狼来了，结果最后来了个豺，也不应简单视为谣言。
李烂,2020年01月23日,0,0,0,//weibo.com/5105863611/IqQ4ljbk4?refer_flag=1001030103_,当时说「可防可控」的领导，现在算不算第九人呢？//@青青虫的微博:所以那八人讲SARS并没大错，按中科院定义“SARS相关冠状病毒”和非典同种叫新非典无甚问题甚至更贴切简洁。退一万步说，李文亮医生等根据自己得到的信息和专业背景，在判断之后出于道义或责任感喊了句狼来了，结果最后来了个豺
EZ-o2333,2020年01月23日,0,0,0,//weibo.com/3544180560/IqQ1j27Ds?refer_flag=1001030103_,//@青青虫的微博:所以那八人讲SARS并没什么大错，按中科院定义这就是种“SARS相关冠状病毒”，和非典同种，叫新非典无甚问题，甚至更贴切简洁。而且，即使退一万步说，李文亮医生等根据自己得到的信息和专业背景，在判断之后，出于道义或责任感喊了句狼来了，结果最后来了个豺，也不应简单视为谣言。
炸号狂魔嘻嘻屁,2020年01月23日,0,0,0,//weibo.com/6000733979/IqPH0fSD6?refer_flag=1001030103_,//@青青虫的微博: 所以那八人讲SARS并没什么大错，按中科院定义这就是种“SARS相关冠状病毒”，和非典同种，叫新非典无甚问题，甚至更贴切简洁。而且，即使退一万步说，李文亮医生等根据自己得到的信息和专业背景，在判断之后，出于道义或责任感喊了句狼来了，结果最后来了个豺，也不应简单视为谣言。
StopShoot,2020年01月23日,1,0,0,//weibo.com/3847748586/IqPFPh281?refer_flag=1001030103_,//@青青虫的微博:所以那八人讲SARS并没什么大错，按中科院定义这就是种“SARS相关冠状病毒”，和非典同种，叫新非典无甚问题，甚至更贴切简洁。而且，即使退一万步说，李文亮医生等根据自己得到的信息和专业背景，在判断之后，出于道义或责任感喊了句狼来了，结果最后来了个豺，也不应简单视为谣言。
我第一喜欢睡觉,2020年01月23日,0,0,0,//weibo.com/5288991924/IqPFo6gTO?refer_flag=1001030103_,//@青青虫的微博:所以那八人讲SARS并没什么大错，按中科院定义这就是种“SARS相关冠状病毒”，和非典同种，叫新非典无甚问题，甚至更贴切简洁。而且，即使退一万步说，李文亮医生等根据自己得到的信息和专业背景，在判断之后，出于道义或责任感喊了句狼来了，结果最后来了个豺，也不应简单视为谣言。
FiringAce,2020年01月23日,0,0,0,//weibo.com/3989811119/IqPDd2zlq?refer_flag=1001030103_,//@青青虫的微博:所以那八人讲SARS并没什么大错，按中科院定义这就是种“SARS相关冠状病毒”，和非典同种，叫新非典无甚问题，甚至更贴切简洁。而且，即使退一万步说，李文亮医生等根据自己得到的信息和专业背景，在判断之后，出于道义或责任感喊了句狼来了，结果最后来了个豺，也不应简单视为谣言。
我也不喜欢实名制,2020年01月23日,0,0,0,//weibo.com/2803169202/IqPBob9Qf?refer_flag=1001030103_,//@青青虫的微博:所以那八人讲SARS并没什么大错，按中科院定义这就是种“SARS相关冠状病毒”，和非典同种，叫新非典无甚问题，甚至更贴切简洁。而且，即使退一万步说，李文亮医生等根据自己得到的信息和专业背景，在判断之后，出于道义或责任感喊了句狼来了，结果最后来了个豺，也不应简单视为谣言。
習慣性因公殉職,2020年01月23日,0,0,0,//weibo.com/6070542258/IqPAopDWv?refer_flag=1001030103_,//@青青虫的微博:所以那八人讲SARS并没什么大错，按中科院定义这就是种“SARS相关冠状病毒”，和非典同种，叫新非典无甚问题，甚至更贴切简洁。而且，即使退一万步说，李文亮医生等根据自己得到的信息和专业背景，在判断之后，出于道义或责任感喊了句狼来了，结果最后来了个豺，也不应简单视为谣言。
Baron剑Feng,2020年01月23日,0,0,0,//weibo.com/2264730274/IqPAlpwFc?refer_flag=1001030103_,//@青青虫的微博:所以那八人讲SARS并没什么大错，按中科院定义这就是种“SARS相关冠状病毒”，和非典同种，叫新非典无甚问题，甚至更贴切简洁。而且，即使退一万步说，李文亮医生等根据自己得到的信息和专业背景，在判断之后，出于道义或责任感喊了句狼来了，结果最后来了个豺，也不应简单视为谣言。
嗑王老师专用,今天13:04,2864,1105,0,//weibo.com/6541061905/JEbY58rbk?refer_flag=1001030103_,哈…怎么dy还多一个机位 生怕我看不清呢 真贴心#王一博有翡# #周翡谢允花瓣吻花絮# L嗑王老师专用的微博视频 ​
电商报,今天13:21,103,101,0,//weibo.com/1956700750/JEc4Q8U76?refer_flag=1001030103_,#苹果降低iPhone12 mini产量#，将200万台产能给了iPhone 12 Pro系列。做个小调查，你有入手iPhone12系列吗？ 你有入手iPhone12系列吗？ ​
央视新闻,今天13:12,367,450,0,//weibo.com/2656274875/JEc1lc44h?refer_flag=1001030103_,【#边防战士在齐腰深的积雪中巡逻#】新疆塔城，气温零下20摄氏度，边防官兵们顶风冒雪踏上巡逻路。一路上，能见度不足20米，积雪齐腰深，每前进一步都很困难。他们手拉手、肩并肩，顺利到达巡逻点位。他们守护着我们！转起致敬！@央视军事 ​
渡边鱼子酱,今天12:52,3515,2041,0,//weibo.com/2024042357/JEbT55LA4?refer_flag=1001030103_,也太爽了吧…我的人生目标找好了！！现在就开始攒钱以后找个类似月子中心的养老院住进去！！ （评论说我在带节奏劝生我很恼火，母胎solo二十多年想找个条件好服务好的养老院都是在劝生吗？别人生不生管我什么事啊？我劝什么？我是孩子爹吗？） ​
东方网,今天13:35,242,2975,0,//weibo.com/1918021250/JEcamBceP?refer_flag=1001030103_,【直播 | #上海市新冠肺炎疫情防控新闻发布会#】1月21日下午2:00，上海举行新冠肺炎疫情防控新闻发布会，邀请市卫生健康委、黄浦区相关负责人及有关专家介绍有关情况。一起关注~ 东方网的微博直播 ​
渡边鱼子酱,今天12:52,3515,2041,0,//weibo.com/2024042357/JEbT55LA4?refer_flag=1001030103_,也太爽了吧…我的人生目标找好了！！现在就开始攒钱以后找个类似月子中心的养老院住进去！！ （评论说我在带节奏劝生我很恼火，母胎solo二十多年想找个条件好服务好的养老院都是在劝生吗？别人生不生管我什么事啊？我劝什么？我是孩子爹吗？） ​
罗云熙Leo,今天13:08,95904,17791,0,//weibo.com/1860563805/JEbZwEgv7?refer_flag=1001030103_,#魔熙先生# 一起听起来，跳起来反正我已经入坑 O绿洲 ​
何运晨Yancy,今天13:15,1712,4312,0,//weibo.com/3925308009/JEc2yfn8X?refer_flag=1001030103_,#明星大侦探# 从「逃出无名岛」开始入坑明侦，没想到今儿竟然有机会亲！身！参！与！ 我无憾了 ​
东方网,今天13:35,242,2975,0,//weibo.com/1918021250/JEcamBceP?refer_flag=1001030103_,【直播 | #上海市新冠肺炎疫情防控新闻发布会#】1月21日下午2:00，上海举行新冠肺炎疫情防控新闻发布会，邀请市卫生健康委、黄浦区相关负责人及有关专家介绍有关情况。一起关注~ 东方网的微博直播 ​
央视新闻,今天13:12,367,450,0,//weibo.com/2656274875/JEc1lc44h?refer_flag=1001030103_,【#边防战士在齐腰深的积雪中巡逻#】新疆塔城，气温零下20摄氏度，边防官兵们顶风冒雪踏上巡逻路。一路上，能见度不足20米，积雪齐腰深，每前进一步都很困难。他们手拉手、肩并肩，顺利到达巡逻点位。他们守护着我们！转起致敬！@央视军事 ​
罗云熙Leo,今天13:08,96560,21452,0,//weibo.com/1860563805/JEbZwEgv7?refer_flag=1001030103_,#魔熙先生# 一起听起来，跳起来反正我已经入坑 O绿洲 ​
东方网,今天13:35,243,2982,0,//weibo.com/1918021250/JEcamBceP?refer_flag=1001030103_,【直播 | #上海市新冠肺炎疫情防控新闻发布会#】1月21日下午2:00，上海举行新冠肺炎疫情防控新闻发布会，邀请市卫生健康委、黄浦区相关负责人及有关专家介绍有关情况。一起关注~ 东方网的微博直播 ​
何运晨Yancy,今天13:15,1763,4442,0,//weibo.com/3925308009/JEc2yfn8X?refer_flag=1001030103_,#明星大侦探# 从「逃出无名岛」开始入坑明侦，没想到今儿竟然有机会亲！身！参！与！ 我无憾了 ​
嗑王老师专用,今天13:04,2913,1136,0,//weibo.com/6541061905/JEbY58rbk?refer_flag=1001030103_,哈…怎么dy还多一个机位 生怕我看不清呢 真贴心#王一博有翡# #周翡谢允花瓣吻花絮# L嗑王老师专用的微博视频 ​
央视新闻,今天13:12,371,454,0,//weibo.com/2656274875/JEc1lc44h?refer_flag=1001030103_,【#边防战士在齐腰深的积雪中巡逻#】新疆塔城，气温零下20摄氏度，边防官兵们顶风冒雪踏上巡逻路。一路上，能见度不足20米，积雪齐腰深，每前进一步都很困难。他们手拉手、肩并肩，顺利到达巡逻点位。他们守护着我们！转起致敬！@央视军事 ​
Happy张江,今天12:01,6,36,0,//weibo.com/2709577332/JEbyboY5t?refer_flag=1001030103_,#知识抽查# ：青龙偃月刀是谁的武器？ 青龙偃月刀是谁的武器？ ​
娱闻少女,今天12:15,2887,4677,0,//weibo.com/5471534537/JEbEaclRf?refer_flag=1001030103_,#徐静蕾#郑爽是真的牵扯出很多人，徐静蕾：我将来是准备代孕的，这很正常，身边很多人都这样，双胞胎三胞胎都是。是我跟不上时代的步伐了？这哪正常啊？这在说啥啊.....md听不懂了L娱闻少女的微博视频 ​
天天向上,今天12:16,7191,3718,0,//weibo.com/1507921471/JEbECAmsA?refer_flag=1001030103_,#天天向上# 【王炸来袭】“王炸”组合@王力宏 @UNIQ-王一博 跨年后再合体，就一个字——炸！  L天天向上的微博视频 ​
时代少年团-丁程鑫,今天12:05,69200,24779,0,//weibo.com/5781292544/JEbzTrE36?refer_flag=1001030103_,#接招吧前辈# 接招吧，朋友！小丁在线出招，接稳了！ ​
八哥,今天12:16,371,452,0,//weibo.com/5106602573/JEbEnu136?refer_flag=1001030103_,#徐静蕾#徐静蕾早起采访被扒，她说代孕很正常，身边的不少朋友都有做。徐静蕾作为四大花旦之一，风评还是蛮好的。这些年也处于半退圈状态。结果却因为这一番话翻车。这番话，有影响到你继续喜欢徐静蕾吗？ 这番话，有影响到你继续喜欢徐静蕾吗？ ​
东方网,今天13:35,242,2975,0,//weibo.com/1918021250/JEcamBceP?refer_flag=1001030103_,【直播 | #上海市新冠肺炎疫情防控新闻发布会#】1月21日下午2:00，上海举行新冠肺炎疫情防控新闻发布会，邀请市卫生健康委、黄浦区相关负责人及有关专家介绍有关情况。一起关注~ 东方网的微博直播 ​
杨紫,今天13:09,8924,6055,0,//weibo.com/1227368500/JEbZW0QfA?refer_flag=1001030103_,我想人会变老 但永远不会长大～   陶喆/袁娅维《Forever Young (Live)》KForever Young @QQ音乐 ​
A股侠女,今天12:50,1,16,0,//weibo.com/5091912327/JEbSnq5Hi?refer_flag=1001030103_,#广电时评称不会给郑爽发声露脸机会# 这就等于封杀郑爽，你支持广电的做法吗？ 你支持广电的做法吗？ ​
罗云熙Leo,今天13:08,95904,17791,0,//weibo.com/1860563805/JEbZwEgv7?refer_flag=1001030103_,#魔熙先生# 一起听起来，跳起来反正我已经入坑 O绿洲 ​
何运晨Yancy,今天13:15,1712,4312,0,//weibo.com/3925308009/JEc2yfn8X?refer_flag=1001030103_,#明星大侦探# 从「逃出无名岛」开始入坑明侦，没想到今儿竟然有机会亲！身！参！与！ 我无憾了 ​
渡边鱼子酱,今天12:52,3037,1797,0,//weibo.com/2024042357/JEbT55LA4?refer_flag=1001030103_,也太爽了吧…我的人生目标找好了！！现在就开始攒钱以后找个类似月子中心的养老院住进去！！ （评论说我在带节奏劝生我很恼火，母胎solo二十多年想找个条件好服务好的养老院都是在劝生吗？别人生不生管我什么事啊？我劝什么？我是孩子爹吗？） ​
杨紫,今天13:09,7200,5205,0,//weibo.com/1227368500/JEbZW0QfA?refer_flag=1001030103_,我想人会变老 但永远不会长大～   陶喆/袁娅维《Forever Young (Live)》KForever Young @QQ音乐 ​
东方网,今天13:35,211,2064,0,//weibo.com/1918021250/JEcamBceP?refer_flag=1001030103_,【直播 | #上海市新冠肺炎疫情防控新闻发布会#】1月21日下午2:00，上海举行新冠肺炎疫情防控新闻发布会，邀请市卫生健康委、黄浦区相关负责人及有关专家介绍有关情况。一起关注~ 东方网的微博直播 ​
央视新闻,今天13:12,346,425,0,//weibo.com/2656274875/JEc1lc44h?refer_flag=1001030103_,【#边防战士在齐腰深的积雪中巡逻#】新疆塔城，气温零下20摄氏度，边防官兵们顶风冒雪踏上巡逻路。一路上，能见度不足20米，积雪齐腰深，每前进一步都很困难。他们手拉手、肩并肩，顺利到达巡逻点位。他们守护着我们！转起致敬！@央视军事 ​
嗑王老师专用,今天13:04,2684,979,0,//weibo.com/6541061905/JEbY58rbk?refer_flag=1001030103_,哈…怎么dy还多一个机位 生怕我看不清呢 真贴心#王一博有翡# #周翡谢允花瓣吻花絮# L嗑王老师专用的微博视频 ​
电商报,今天13:21,101,80,0,//weibo.com/1956700750/JEc4Q8U76?refer_flag=1001030103_,#苹果降低iPhone12 mini产量#，将200万台产能给了iPhone 12 Pro系列。做个小调查，你有入手iPhone12系列吗？ 你有入手iPhone12系列吗？ ​
渡边鱼子酱,今天12:52,3037,1797,0,//weibo.com/2024042357/JEbT55LA4?refer_flag=1001030103_,也太爽了吧…我的人生目标找好了！！现在就开始攒钱以后找个类似月子中心的养老院住进去！！ （评论说我在带节奏劝生我很恼火，母胎solo二十多年想找个条件好服务好的养老院都是在劝生吗？别人生不生管我什么事啊？我劝什么？我是孩子爹吗？） ​
何运晨Yancy,今天13:15,1459,3830,0,//weibo.com/3925308009/JEc2yfn8X?refer_flag=1001030103_,#明星大侦探# 从「逃出无名岛」开始入坑明侦，没想到今儿竟然有机会亲！身！参！与！ 我无憾了 ​
自在萧寒,今天13:13,3579,1161,0,//weibo.com/1921821955/JEc1CjeW5?refer_flag=1001030103_,文汇报，并没有采访我，但是真的懂我，懂#奇妙之城# “这代人所接触的，是观点交锋的社交媒体、信息多元的开阔视野以及开放平台上有互动有陪伴的“偶像”影响。对照《奇妙之城》的情景，当艺人融入万家灯火，在Z世代们看来，熟悉的人与城市空间里多元的状态叠加，恰恰能满足他们对于陪伴式内 ​
央视新闻,今天13:12,346,425,0,//weibo.com/2656274875/JEc1lc44h?refer_flag=1001030103_,【#边防战士在齐腰深的积雪中巡逻#】新疆塔城，气温零下20摄氏度，边防官兵们顶风冒雪踏上巡逻路。一路上，能见度不足20米，积雪齐腰深，每前进一步都很困难。他们手拉手、肩并肩，顺利到达巡逻点位。他们守护着我们！转起致敬！@央视军事 ​
电商报,今天13:21,103,101,0,//weibo.com/1956700750/JEc4Q8U76?refer_flag=1001030103_,#苹果降低iPhone12 mini产量#，将200万台产能给了iPhone 12 Pro系列。做个小调查，你有入手iPhone12系列吗？ 你有入手iPhone12系列吗？ ​
央视新闻,今天13:12,368,452,0,//weibo.com/2656274875/JEc1lc44h?refer_flag=1001030103_,【#边防战士在齐腰深的积雪中巡逻#】新疆塔城，气温零下20摄氏度，边防官兵们顶风冒雪踏上巡逻路。一路上，能见度不足20米，积雪齐腰深，每前进一步都很困难。他们手拉手、肩并肩，顺利到达巡逻点位。他们守护着我们！转起致敬！@央视军事 ​
A股侠女,今天12:50,1,16,0,//weibo.com/5091912327/JEbSnq5Hi?refer_flag=1001030103_,#广电时评称不会给郑爽发声露脸机会# 这就等于封杀郑爽，你支持广电的做法吗？ 你支持广电的做法吗？ ​
罗云熙Leo,今天13:08,95924,18333,0,//weibo.com/1860563805/JEbZwEgv7?refer_flag=1001030103_,#魔熙先生# 一起听起来，跳起来反正我已经入坑 O绿洲 ​
渡边鱼子酱,今天12:52,3528,2048,0,//weibo.com/2024042357/JEbT55LA4?refer_flag=1001030103_,也太爽了吧…我的人生目标找好了！！现在就开始攒钱以后找个类似月子中心的养老院住进去！！ （评论说我在带节奏劝生我很恼火，母胎solo二十多年想找个条件好服务好的养老院都是在劝生吗？别人生不生管我什么事啊？我劝什么？我是孩子爹吗？） ​
罗云熙Leo,今天13:08,93258,11021,0,//weibo.com/1860563805/JEbZwEgv7?refer_flag=1001030103_,#魔熙先生# 一起听起来，跳起来反正我已经入坑 O绿洲 ​
东方网,今天13:35,211,2064,0,//weibo.com/1918021250/JEcamBceP?refer_flag=1001030103_,【直播 | #上海市新冠肺炎疫情防控新闻发布会#】1月21日下午2:00，上海举行新冠肺炎疫情防控新闻发布会，邀请市卫生健康委、黄浦区相关负责人及有关专家介绍有关情况。一起关注~ 东方网的微博直播 ​
杨紫,今天13:09,7200,5205,0,//weibo.com/1227368500/JEbZW0QfA?refer_flag=1001030103_,我想人会变老 但永远不会长大～   陶喆/袁娅维《Forever Young (Live)》KForever Young @QQ音乐 ​
渡边鱼子酱,今天12:52,3037,1797,0,//weibo.com/2024042357/JEbT55LA4?refer_flag=1001030103_,也太爽了吧…我的人生目标找好了！！现在就开始攒钱以后找个类似月子中心的养老院住进去！！ （评论说我在带节奏劝生我很恼火，母胎solo二十多年想找个条件好服务好的养老院都是在劝生吗？别人生不生管我什么事啊？我劝什么？我是孩子爹吗？） ​
何运晨Yancy,今天13:15,1459,3830,0,//weibo.com/3925308009/JEc2yfn8X?refer_flag=1001030103_,#明星大侦探# 从「逃出无名岛」开始入坑明侦，没想到今儿竟然有机会亲！身！参！与！ 我无憾了 ​
嗑王老师专用,今天13:04,2871,1110,0,//weibo.com/6541061905/JEbY58rbk?refer_flag=1001030103_,哈…怎么dy还多一个机位 生怕我看不清呢 真贴心#王一博有翡# #周翡谢允花瓣吻花絮# L嗑王老师专用的微博视频 ​
杨紫,今天13:09,9000,6075,0,//weibo.com/1227368500/JEbZW0QfA?refer_flag=1001030103_,我想人会变老 但永远不会长大～   陶喆/袁娅维《Forever Young (Live)》KForever Young @QQ音乐 ​
A股侠女,今天12:50,1,16,0,//weibo.com/5091912327/JEbSnq5Hi?refer_flag=1001030103_,#广电时评称不会给郑爽发声露脸机会# 这就等于封杀郑爽，你支持广电的做法吗？ 你支持广电的做法吗？ ​
东方网,今天13:35,242,2976,0,//weibo.com/1918021250/JEcamBceP?refer_flag=1001030103_,【直播 | #上海市新冠肺炎疫情防控新闻发布会#】1月21日下午2:00，上海举行新冠肺炎疫情防控新闻发布会，邀请市卫生健康委、黄浦区相关负责人及有关专家介绍有关情况。一起关注~ 东方网的微博直播 ​
何运晨Yancy,今天13:15,1725,4332,0,//weibo.com/3925308009/JEc2yfn8X?refer_flag=1001030103_,#明星大侦探# 从「逃出无名岛」开始入坑明侦，没想到今儿竟然有机会亲！身！参！与！ 我无憾了 ​
杨紫,今天13:09,7200,5205,0,//weibo.com/1227368500/JEbZW0QfA?refer_flag=1001030103_,我想人会变老 但永远不会长大～   陶喆/袁娅维《Forever Young (Live)》KForever Young @QQ音乐 ​
东方网,今天13:35,211,2064,0,//weibo.com/1918021250/JEcamBceP?refer_flag=1001030103_,【直播 | #上海市新冠肺炎疫情防控新闻发布会#】1月21日下午2:00，上海举行新冠肺炎疫情防控新闻发布会，邀请市卫生健康委、黄浦区相关负责人及有关专家介绍有关情况。一起关注~ 东方网的微博直播 ​
电商报,今天13:21,101,80,0,//weibo.com/1956700750/JEc4Q8U76?refer_flag=1001030103_,#苹果降低iPhone12 mini产量#，将200万台产能给了iPhone 12 Pro系列。做个小调查，你有入手iPhone12系列吗？ 你有入手iPhone12系列吗？ ​
自在萧寒,今天13:13,3579,1161,0,//weibo.com/1921821955/JEc1CjeW5?refer_flag=1001030103_,文汇报，并没有采访我，但是真的懂我，懂#奇妙之城# “这代人所接触的，是观点交锋的社交媒体、信息多元的开阔视野以及开放平台上有互动有陪伴的“偶像”影响。对照《奇妙之城》的情景，当艺人融入万家灯火，在Z世代们看来，熟悉的人与城市空间里多元的状态叠加，恰恰能满足他们对于陪伴式内 ​
嗑王老师专用,今天13:04,2684,979,0,//weibo.com/6541061905/JEbY58rbk?refer_flag=1001030103_,哈…怎么dy还多一个机位 生怕我看不清呢 真贴心#王一博有翡# #周翡谢允花瓣吻花絮# L嗑王老师专用的微博视频 ​
时代少年团-丁程鑫,今天12:05,69200,24779,0,//weibo.com/5781292544/JEbzTrE36?refer_flag=1001030103_,#接招吧前辈# 接招吧，朋友！小丁在线出招，接稳了！ ​
天天向上,今天12:16,7191,3718,0,//weibo.com/1507921471/JEbECAmsA?refer_flag=1001030103_,#天天向上# 【王炸来袭】“王炸”组合@王力宏 @UNIQ-王一博 跨年后再合体，就一个字——炸！  L天天向上的微博视频 ​
娱闻少女,今天12:15,2887,4677,0,//weibo.com/5471534537/JEbEaclRf?refer_flag=1001030103_,#徐静蕾#郑爽是真的牵扯出很多人，徐静蕾：我将来是准备代孕的，这很正常，身边很多人都这样，双胞胎三胞胎都是。是我跟不上时代的步伐了？这哪正常啊？这在说啥啊.....md听不懂了L娱闻少女的微博视频 ​
电视剧有翡,今天12:06,15295,10882,0,//weibo.com/6203216599/JEbAnyV1m?refer_flag=1001030103_,电视剧有翡 【小有小号】#赵丽颖王一博逆光吻戏太绝了# 大家最期待的花絮来了 浪漫唯美的花瓣吻片场直击，话不多说来嗑糖#周翡谢允花瓣吻花絮#L《有翡》独家花絮：免费看糖！桃花吻幕后唯美得不像话！ ​
圈内鱼报,今天12:17,190,913,0,//weibo.com/3927379460/JEbEHlfea?refer_flag=1001030103_,#徐静蕾#徐静蕾在节目中讨论dy称是准备找一肚子dy 娱乐圈很正常 很多人dy把生/命当作可以买卖的儿戏  真不要脸 你觉得这种艺人应该封/杀吗？ ​
自在萧寒,今天13:13,3579,1161,0,//weibo.com/1921821955/JEc1CjeW5?refer_flag=1001030103_,文汇报，并没有采访我，但是真的懂我，懂#奇妙之城# “这代人所接触的，是观点交锋的社交媒体、信息多元的开阔视野以及开放平台上有互动有陪伴的“偶像”影响。对照《奇妙之城》的情景，当艺人融入万家灯火，在Z世代们看来，熟悉的人与城市空间里多元的状态叠加，恰恰能满足他们对于陪伴式内 ​
杨紫,今天13:09,7200,5205,0,//weibo.com/1227368500/JEbZW0QfA?refer_flag=1001030103_,我想人会变老 但永远不会长大～   陶喆/袁娅维《Forever Young (Live)》KForever Young @QQ音乐 ​
A股侠女,今天12:50,1,15,0,//weibo.com/5091912327/JEbSnq5Hi?refer_flag=1001030103_,#广电时评称不会给郑爽发声露脸机会# 这就等于封杀郑爽，你支持广电的做法吗？ 你支持广电的做法吗？ ​
何运晨Yancy,今天13:15,1459,3830,0,//weibo.com/3925308009/JEc2yfn8X?refer_flag=1001030103_,#明星大侦探# 从「逃出无名岛」开始入坑明侦，没想到今儿竟然有机会亲！身！参！与！ 我无憾了 ​
罗云熙Leo,今天13:08,93258,11021,0,//weibo.com/1860563805/JEbZwEgv7?refer_flag=1001030103_,#魔熙先生# 一起听起来，跳起来反正我已经入坑 O绿洲 ​
嗑王老师专用,今天13:04,2864,1105,0,//weibo.com/6541061905/JEbY58rbk?refer_flag=1001030103_,哈…怎么dy还多一个机位 生怕我看不清呢 真贴心#王一博有翡# #周翡谢允花瓣吻花絮# L嗑王老师专用的微博视频 ​
自在萧寒,今天13:13,4149,1295,0,//weibo.com/1921821955/JEc1CjeW5?refer_flag=1001030103_,文汇报，并没有采访我，但是真的懂我，懂#奇妙之城# “这代人所接触的，是观点交锋的社交媒体、信息多元的开阔视野以及开放平台上有互动有陪伴的“偶像”影响。对照《奇妙之城》的情景，当艺人融入万家灯火，在Z世代们看来，熟悉的人与城市空间里多元的状态叠加，恰恰能满足他们对于陪伴式内 ​
央视新闻,今天13:12,367,450,0,//weibo.com/2656274875/JEc1lc44h?refer_flag=1001030103_,【#边防战士在齐腰深的积雪中巡逻#】新疆塔城，气温零下20摄氏度，边防官兵们顶风冒雪踏上巡逻路。一路上，能见度不足20米，积雪齐腰深，每前进一步都很困难。他们手拉手、肩并肩，顺利到达巡逻点位。他们守护着我们！转起致敬！@央视军事 ​
东方网,今天13:35,242,2975,0,//weibo.com/1918021250/JEcamBceP?refer_flag=1001030103_,【直播 | #上海市新冠肺炎疫情防控新闻发布会#】1月21日下午2:00，上海举行新冠肺炎疫情防控新闻发布会，邀请市卫生健康委、黄浦区相关负责人及有关专家介绍有关情况。一起关注~ 东方网的微博直播 ​
杨紫,今天13:09,8924,6055,0,//weibo.com/1227368500/JEbZW0QfA?refer_flag=1001030103_,我想人会变老 但永远不会长大～   陶喆/袁娅维《Forever Young (Live)》KForever Young @QQ音乐 ​
嗑王老师专用,今天13:04,2593,930,0,//weibo.com/6541061905/JEbY58rbk?refer_flag=1001030103_,哈…怎么dy还多一个机位 生怕我看不清呢 真贴心#王一博有翡# #周翡谢允花瓣吻花絮# L嗑王老师专用的微博视频 ​
电商报,今天13:21,100,74,0,//weibo.com/1956700750/JEc4Q8U76?refer_flag=1001030103_,#苹果降低iPhone12 mini产量#，将200万台产能给了iPhone 12 Pro系列。做个小调查，你有入手iPhone12系列吗？ 你有入手iPhone12系列吗？ ​
渡边鱼子酱,今天12:52,2855,1703,0,//weibo.com/2024042357/JEbT55LA4?refer_flag=1001030103_,也太爽了吧…我的人生目标找好了！！现在就开始攒钱以后找个类似月子中心的养老院住进去！！ （评论说我在带节奏劝生我很恼火，母胎solo二十多年想找个条件好服务好的养老院都是在劝生吗？别人生不生管我什么事啊？我劝什么？我是孩子爹吗？） ​
A股侠女,今天12:50,1,14,0,//weibo.com/5091912327/JEbSnq5Hi?refer_flag=1001030103_,#广电时评称不会给郑爽发声露脸机会# 这就等于封杀郑爽，你支持广电的做法吗？ 你支持广电的做法吗？ ​
罗云熙Leo,今天13:08,81872,10026,0,//weibo.com/1860563805/JEbZwEgv7?refer_flag=1001030103_,#魔熙先生# 一起听起来，跳起来反正我已经入坑 O绿洲 ​
何运晨Yancy,今天13:15,1725,4332,0,//weibo.com/3925308009/JEc2yfn8X?refer_flag=1001030103_,#明星大侦探# 从「逃出无名岛」开始入坑明侦，没想到今儿竟然有机会亲！身！参！与！ 我无憾了 ​
嗑王老师专用,今天13:04,2871,1110,0,//weibo.com/6541061905/JEbY58rbk?refer_flag=1001030103_,哈…怎么dy还多一个机位 生怕我看不清呢 真贴心#王一博有翡# #周翡谢允花瓣吻花絮# L嗑王老师专用的微博视频 ​
A股侠女,今天12:50,1,16,0,//weibo.com/5091912327/JEbSnq5Hi?refer_flag=1001030103_,#广电时评称不会给郑爽发声露脸机会# 这就等于封杀郑爽，你支持广电的做法吗？ 你支持广电的做法吗？ ​
电商报,今天13:21,103,101,0,//weibo.com/1956700750/JEc4Q8U76?refer_flag=1001030103_,#苹果降低iPhone12 mini产量#，将200万台产能给了iPhone 12 Pro系列。做个小调查，你有入手iPhone12系列吗？ 你有入手iPhone12系列吗？ ​
央视新闻,今天13:12,368,452,0,//weibo.com/2656274875/JEc1lc44h?refer_flag=1001030103_,【#边防战士在齐腰深的积雪中巡逻#】新疆塔城，气温零下20摄氏度，边防官兵们顶风冒雪踏上巡逻路。一路上，能见度不足20米，积雪齐腰深，每前进一步都很困难。他们手拉手、肩并肩，顺利到达巡逻点位。他们守护着我们！转起致敬！@央视军事 ​
自在萧寒,今天13:13,4294,1324,0,//weibo.com/1921821955/JEc1CjeW5?refer_flag=1001030103_,文汇报，并没有采访我，但是真的懂我，懂#奇妙之城# “这代人所接触的，是观点交锋的社交媒体、信息多元的开阔视野以及开放平台上有互动有陪伴的“偶像”影响。对照《奇妙之城》的情景，当艺人融入万家灯火，在Z世代们看来，熟悉的人与城市空间里多元的状态叠加，恰恰能满足他们对于陪伴式内 ​
东方网,今天13:35,243,2982,0,//weibo.com/1918021250/JEcamBceP?refer_flag=1001030103_,【直播 | #上海市新冠肺炎疫情防控新闻发布会#】1月21日下午2:00，上海举行新冠肺炎疫情防控新闻发布会，邀请市卫生健康委、黄浦区相关负责人及有关专家介绍有关情况。一起关注~ 东方网的微博直播 ​
杨紫,今天13:09,9409,6246,0,//weibo.com/1227368500/JEbZW0QfA?refer_flag=1001030103_,我想人会变老 但永远不会长大～   陶喆/袁娅维《Forever Young (Live)》KForever Young @QQ音乐 ​
央视新闻,今天13:12,371,454,0,//weibo.com/2656274875/JEc1lc44h?refer_flag=1001030103_,【#边防战士在齐腰深的积雪中巡逻#】新疆塔城，气温零下20摄氏度，边防官兵们顶风冒雪踏上巡逻路。一路上，能见度不足20米，积雪齐腰深，每前进一步都很困难。他们手拉手、肩并肩，顺利到达巡逻点位。他们守护着我们！转起致敬！@央视军事 ​
渡边鱼子酱,今天12:52,3618,2095,0,//weibo.com/2024042357/JEbT55LA4?refer_flag=1001030103_,也太爽了吧…我的人生目标找好了！！现在就开始攒钱以后找个类似月子中心的养老院住进去！！ （评论说我在带节奏劝生我很恼火，母胎solo二十多年想找个条件好服务好的养老院都是在劝生吗？别人生不生管我什么事啊？我劝什么？我是孩子爹吗？） ​
何运晨Yancy,今天13:15,1319,3574,0,//weibo.com/3925308009/JEc2yfn8X?refer_flag=1001030103_,#明星大侦探# 从「逃出无名岛」开始入坑明侦，没想到今儿竟然有机会亲！身！参！与！ 我无憾了 ​
电商报,今天13:21,100,74,0,//weibo.com/1956700750/JEc4Q8U76?refer_flag=1001030103_,#苹果降低iPhone12 mini产量#，将200万台产能给了iPhone 12 Pro系列。做个小调查，你有入手iPhone12系列吗？ 你有入手iPhone12系列吗？ ​
罗云熙Leo,今天13:08,81872,10026,0,//weibo.com/1860563805/JEbZwEgv7?refer_flag=1001030103_,#魔熙先生# 一起听起来，跳起来反正我已经入坑 O绿洲 ​
A股侠女,今天12:50,1,14,0,//weibo.com/5091912327/JEbSnq5Hi?refer_flag=1001030103_,#广电时评称不会给郑爽发声露脸机会# 这就等于封杀郑爽，你支持广电的做法吗？ 你支持广电的做法吗？ ​
自在萧寒,今天13:13,3291,1089,0,//weibo.com/1921821955/JEc1CjeW5?refer_flag=1001030103_,文汇报，并没有采访我，但是真的懂我，懂#奇妙之城# “这代人所接触的，是观点交锋的社交媒体、信息多元的开阔视野以及开放平台上有互动有陪伴的“偶像”影响。对照《奇妙之城》的情景，当艺人融入万家灯火，在Z世代们看来，熟悉的人与城市空间里多元的状态叠加，恰恰能满足他们对于陪伴式内 ​
自在萧寒,今天13:13,3291,1089,0,//weibo.com/1921821955/JEc1CjeW5?refer_flag=1001030103_,文汇报，并没有采访我，但是真的懂我，懂#奇妙之城# “这代人所接触的，是观点交锋的社交媒体、信息多元的开阔视野以及开放平台上有互动有陪伴的“偶像”影响。对照《奇妙之城》的情景，当艺人融入万家灯火，在Z世代们看来，熟悉的人与城市空间里多元的状态叠加，恰恰能满足他们对于陪伴式内 ​
央视新闻,今天13:12,325,410,0,//weibo.com/2656274875/JEc1lc44h?refer_flag=1001030103_,【#边防战士在齐腰深的积雪中巡逻#】新疆塔城，气温零下20摄氏度，边防官兵们顶风冒雪踏上巡逻路。一路上，能见度不足20米，积雪齐腰深，每前进一步都很困难。他们手拉手、肩并肩，顺利到达巡逻点位。他们守护着我们！转起致敬！@央视军事 ​
电商报,今天13:21,100,74,0,//weibo.com/1956700750/JEc4Q8U76?refer_flag=1001030103_,#苹果降低iPhone12 mini产量#，将200万台产能给了iPhone 12 Pro系列。做个小调查，你有入手iPhone12系列吗？ 你有入手iPhone12系列吗？ ​
东方网,今天13:35,195,1566,0,//weibo.com/1918021250/JEcamBceP?refer_flag=1001030103_,【直播 | #上海市新冠肺炎疫情防控新闻发布会#】1月21日下午2:00，上海举行新冠肺炎疫情防控新闻发布会，邀请市卫生健康委、黄浦区相关负责人及有关专家介绍有关情况。一起关注~ 东方网的微博直播 ​
罗云熙Leo,今天13:08,81872,10026,0,//weibo.com/1860563805/JEbZwEgv7?refer_flag=1001030103_,#魔熙先生# 一起听起来，跳起来反正我已经入坑 O绿洲 ​
A股侠女,今天12:50,1,16,0,//weibo.com/5091912327/JEbSnq5Hi?refer_flag=1001030103_,#广电时评称不会给郑爽发声露脸机会# 这就等于封杀郑爽，你支持广电的做法吗？ 你支持广电的做法吗？ ​
电商报,今天13:21,103,101,0,//weibo.com/1956700750/JEc4Q8U76?refer_flag=1001030103_,#苹果降低iPhone12 mini产量#，将200万台产能给了iPhone 12 Pro系列。做个小调查，你有入手iPhone12系列吗？ 你有入手iPhone12系列吗？ ​
央视新闻,今天13:12,368,452,0,//weibo.com/2656274875/JEc1lc44h?refer_flag=1001030103_,【#边防战士在齐腰深的积雪中巡逻#】新疆塔城，气温零下20摄氏度，边防官兵们顶风冒雪踏上巡逻路。一路上，能见度不足20米，积雪齐腰深，每前进一步都很困难。他们手拉手、肩并肩，顺利到达巡逻点位。他们守护着我们！转起致敬！@央视军事 ​
杨紫,今天13:09,9000,6075,0,//weibo.com/1227368500/JEbZW0QfA?refer_flag=1001030103_,我想人会变老 但永远不会长大～   陶喆/袁娅维《Forever Young (Live)》KForever Young @QQ音乐 ​
渡边鱼子酱,今天12:52,3528,2048,0,//weibo.com/2024042357/JEbT55LA4?refer_flag=1001030103_,也太爽了吧…我的人生目标找好了！！现在就开始攒钱以后找个类似月子中心的养老院住进去！！ （评论说我在带节奏劝生我很恼火，母胎solo二十多年想找个条件好服务好的养老院都是在劝生吗？别人生不生管我什么事啊？我劝什么？我是孩子爹吗？） ​
何运晨Yancy,今天13:15,1319,3574,0,//weibo.com/3925308009/JEc2yfn8X?refer_flag=1001030103_,#明星大侦探# 从「逃出无名岛」开始入坑明侦，没想到今儿竟然有机会亲！身！参！与！ 我无憾了 ​
电商报,今天13:21,100,74,0,//weibo.com/1956700750/JEc4Q8U76?refer_flag=1001030103_,#苹果降低iPhone12 mini产量#，将200万台产能给了iPhone 12 Pro系列。做个小调查，你有入手iPhone12系列吗？ 你有入手iPhone12系列吗？ ​
杨紫,今天13:09,6614,4917,0,//weibo.com/1227368500/JEbZW0QfA?refer_flag=1001030103_,我想人会变老 但永远不会长大～   陶喆/袁娅维《Forever Young (Live)》KForever Young @QQ音乐 ​
央视新闻,今天13:12,325,410,0,//weibo.com/2656274875/JEc1lc44h?refer_flag=1001030103_,【#边防战士在齐腰深的积雪中巡逻#】新疆塔城，气温零下20摄氏度，边防官兵们顶风冒雪踏上巡逻路。一路上，能见度不足20米，积雪齐腰深，每前进一步都很困难。他们手拉手、肩并肩，顺利到达巡逻点位。他们守护着我们！转起致敬！@央视军事 ​
自在萧寒,今天13:13,3291,1089,0,//weibo.com/1921821955/JEc1CjeW5?refer_flag=1001030103_,文汇报，并没有采访我，但是真的懂我，懂#奇妙之城# “这代人所接触的，是观点交锋的社交媒体、信息多元的开阔视野以及开放平台上有互动有陪伴的“偶像”影响。对照《奇妙之城》的情景，当艺人融入万家灯火，在Z世代们看来，熟悉的人与城市空间里多元的状态叠加，恰恰能满足他们对于陪伴式内 ​
天天向上,今天12:16,7191,3718,0,//weibo.com/1507921471/JEbECAmsA?refer_flag=1001030103_,#天天向上# 【王炸来袭】“王炸”组合@王力宏 @UNIQ-王一博 跨年后再合体，就一个字——炸！  L天天向上的微博视频 ​
张馨予,今天11:59,5406,6220,0,//weibo.com/1749964961/JEbxo3dBg?refer_flag=1001030103_,#张馨予画乘风破浪# 画这幅画需要几天的时间，因为颜色得分阶段进行上色，小画布已画完，舞台这幅巨画会如何呈现？我未知！尽力就无憾。 L张馨予的微博视频 ​
时代少年团-丁程鑫,今天12:05,69200,24779,0,//weibo.com/5781292544/JEbzTrE36?refer_flag=1001030103_,#接招吧前辈# 接招吧，朋友！小丁在线出招，接稳了！ ​
圈内鱼报,今天12:17,190,913,0,//weibo.com/3927379460/JEbEHlfea?refer_flag=1001030103_,#徐静蕾#徐静蕾在节目中讨论dy称是准备找一肚子dy 娱乐圈很正常 很多人dy把生/命当作可以买卖的儿戏  真不要脸 你觉得这种艺人应该封/杀吗？ ​
八哥,今天12:16,371,452,0,//weibo.com/5106602573/JEbEnu136?refer_flag=1001030103_,#徐静蕾#徐静蕾早起采访被扒，她说代孕很正常，身边的不少朋友都有做。徐静蕾作为四大花旦之一，风评还是蛮好的。这些年也处于半退圈状态。结果却因为这一番话翻车。这番话，有影响到你继续喜欢徐静蕾吗？ 这番话，有影响到你继续喜欢徐静蕾吗？ ​
央视新闻,今天13:12,368,452,0,//weibo.com/2656274875/JEc1lc44h?refer_flag=1001030103_,【#边防战士在齐腰深的积雪中巡逻#】新疆塔城，气温零下20摄氏度，边防官兵们顶风冒雪踏上巡逻路。一路上，能见度不足20米，积雪齐腰深，每前进一步都很困难。他们手拉手、肩并肩，顺利到达巡逻点位。他们守护着我们！转起致敬！@央视军事 ​
杨紫,今天13:09,9000,6075,0,//weibo.com/1227368500/JEbZW0QfA?refer_flag=1001030103_,我想人会变老 但永远不会长大～   陶喆/袁娅维《Forever Young (Live)》KForever Young @QQ音乐 ​
A股侠女,今天12:50,1,16,0,//weibo.com/5091912327/JEbSnq5Hi?refer_flag=1001030103_,#广电时评称不会给郑爽发声露脸机会# 这就等于封杀郑爽，你支持广电的做法吗？ 你支持广电的做法吗？ ​
罗云熙Leo,今天13:08,95924,18333,0,//weibo.com/1860563805/JEbZwEgv7?refer_flag=1001030103_,#魔熙先生# 一起听起来，跳起来反正我已经入坑 O绿洲 ​
何运晨Yancy,今天13:15,1725,4332,0,//weibo.com/3925308009/JEc2yfn8X?refer_flag=1001030103_,#明星大侦探# 从「逃出无名岛」开始入坑明侦，没想到今儿竟然有机会亲！身！参！与！ 我无憾了 ​
A股侠女,今天12:50,1,16,0,//weibo.com/5091912327/JEbSnq5Hi?refer_flag=1001030103_,#广电时评称不会给郑爽发声露脸机会# 这就等于封杀郑爽，你支持广电的做法吗？ 你支持广电的做法吗？ ​
渡边鱼子酱,今天12:52,3515,2041,0,//weibo.com/2024042357/JEbT55LA4?refer_flag=1001030103_,也太爽了吧…我的人生目标找好了！！现在就开始攒钱以后找个类似月子中心的养老院住进去！！ （评论说我在带节奏劝生我很恼火，母胎solo二十多年想找个条件好服务好的养老院都是在劝生吗？别人生不生管我什么事啊？我劝什么？我是孩子爹吗？） ​
自在萧寒,今天13:13,4149,1295,0,//weibo.com/1921821955/JEc1CjeW5?refer_flag=1001030103_,文汇报，并没有采访我，但是真的懂我，懂#奇妙之城# “这代人所接触的，是观点交锋的社交媒体、信息多元的开阔视野以及开放平台上有互动有陪伴的“偶像”影响。对照《奇妙之城》的情景，当艺人融入万家灯火，在Z世代们看来，熟悉的人与城市空间里多元的状态叠加，恰恰能满足他们对于陪伴式内 ​
何运晨Yancy,今天13:15,1712,4312,0,//weibo.com/3925308009/JEc2yfn8X?refer_flag=1001030103_,#明星大侦探# 从「逃出无名岛」开始入坑明侦，没想到今儿竟然有机会亲！身！参！与！ 我无憾了 ​
央视新闻,今天13:12,367,450,0,//weibo.com/2656274875/JEc1lc44h?refer_flag=1001030103_,【#边防战士在齐腰深的积雪中巡逻#】新疆塔城，气温零下20摄氏度，边防官兵们顶风冒雪踏上巡逻路。一路上，能见度不足20米，积雪齐腰深，每前进一步都很困难。他们手拉手、肩并肩，顺利到达巡逻点位。他们守护着我们！转起致敬！@央视军事 ​
娱闻少女,今天12:15,2887,4677,0,//weibo.com/5471534537/JEbEaclRf?refer_flag=1001030103_,#徐静蕾#郑爽是真的牵扯出很多人，徐静蕾：我将来是准备代孕的，这很正常，身边很多人都这样，双胞胎三胞胎都是。是我跟不上时代的步伐了？这哪正常啊？这在说啥啊.....md听不懂了L娱闻少女的微博视频 ​
不二大叔说,今天12:00,7,17,0,//weibo.com/3900215081/JEby14AMs?refer_flag=1001030103_,“一个小胖子，藏着黑珠子，剥开黄身子，露出白肚子！”指的是哪种水果？ 如题 ​
天天向上,今天12:16,7191,3718,0,//weibo.com/1507921471/JEbECAmsA?refer_flag=1001030103_,#天天向上# 【王炸来袭】“王炸”组合@王力宏 @UNIQ-王一博 跨年后再合体，就一个字——炸！  L天天向上的微博视频 ​
张馨予,今天11:59,5406,6220,0,//weibo.com/1749964961/JEbxo3dBg?refer_flag=1001030103_,#张馨予画乘风破浪# 画这幅画需要几天的时间，因为颜色得分阶段进行上色，小画布已画完，舞台这幅巨画会如何呈现？我未知！尽力就无憾。 L张馨予的微博视频 ​
圈内鱼报,今天12:17,190,913,0,//weibo.com/3927379460/JEbEHlfea?refer_flag=1001030103_,#徐静蕾#徐静蕾在节目中讨论dy称是准备找一肚子dy 娱乐圈很正常 很多人dy把生/命当作可以买卖的儿戏  真不要脸 你觉得这种艺人应该封/杀吗？ ​
渡边鱼子酱,今天12:52,2855,1703,0,//weibo.com/2024042357/JEbT55LA4?refer_flag=1001030103_,也太爽了吧…我的人生目标找好了！！现在就开始攒钱以后找个类似月子中心的养老院住进去！！ （评论说我在带节奏劝生我很恼火，母胎solo二十多年想找个条件好服务好的养老院都是在劝生吗？别人生不生管我什么事啊？我劝什么？我是孩子爹吗？） ​
罗云熙Leo,今天13:08,81872,10026,0,//weibo.com/1860563805/JEbZwEgv7?refer_flag=1001030103_,#魔熙先生# 一起听起来，跳起来反正我已经入坑 O绿洲 ​
何运晨Yancy,今天13:15,1319,3574,0,//weibo.com/3925308009/JEc2yfn8X?refer_flag=1001030103_,#明星大侦探# 从「逃出无名岛」开始入坑明侦，没想到今儿竟然有机会亲！身！参！与！ 我无憾了 ​
东方网,今天13:35,195,1566,0,//weibo.com/1918021250/JEcamBceP?refer_flag=1001030103_,【直播 | #上海市新冠肺炎疫情防控新闻发布会#】1月21日下午2:00，上海举行新冠肺炎疫情防控新闻发布会，邀请市卫生健康委、黄浦区相关负责人及有关专家介绍有关情况。一起关注~ 东方网的微博直播 ​
央视新闻,今天13:12,325,410,0,//weibo.com/2656274875/JEc1lc44h?refer_flag=1001030103_,【#边防战士在齐腰深的积雪中巡逻#】新疆塔城，气温零下20摄氏度，边防官兵们顶风冒雪踏上巡逻路。一路上，能见度不足20米，积雪齐腰深，每前进一步都很困难。他们手拉手、肩并肩，顺利到达巡逻点位。他们守护着我们！转起致敬！@央视军事 ​
自在萧寒,今天13:13,4294,1324,0,//weibo.com/1921821955/JEc1CjeW5?refer_flag=1001030103_,文汇报，并没有采访我，但是真的懂我，懂#奇妙之城# “这代人所接触的，是观点交锋的社交媒体、信息多元的开阔视野以及开放平台上有互动有陪伴的“偶像”影响。对照《奇妙之城》的情景，当艺人融入万家灯火，在Z世代们看来，熟悉的人与城市空间里多元的状态叠加，恰恰能满足他们对于陪伴式内 ​
杨紫,今天13:09,9409,6246,0,//weibo.com/1227368500/JEbZW0QfA?refer_flag=1001030103_,我想人会变老 但永远不会长大～   陶喆/袁娅维《Forever Young (Live)》KForever Young @QQ音乐 ​
东方网,今天13:35,243,2982,0,//weibo.com/1918021250/JEcamBceP?refer_flag=1001030103_,【直播 | #上海市新冠肺炎疫情防控新闻发布会#】1月21日下午2:00，上海举行新冠肺炎疫情防控新闻发布会，邀请市卫生健康委、黄浦区相关负责人及有关专家介绍有关情况。一起关注~ 东方网的微博直播 ​
罗云熙Leo,今天13:08,96560,21452,0,//weibo.com/1860563805/JEbZwEgv7?refer_flag=1001030103_,#魔熙先生# 一起听起来，跳起来反正我已经入坑 O绿洲 ​
A股侠女,今天12:50,1,16,0,//weibo.com/5091912327/JEbSnq5Hi?refer_flag=1001030103_,#广电时评称不会给郑爽发声露脸机会# 这就等于封杀郑爽，你支持广电的做法吗？ 你支持广电的做法吗？ ​
电商报,今天13:21,103,101,0,//weibo.com/1956700750/JEc4Q8U76?refer_flag=1001030103_,#苹果降低iPhone12 mini产量#，将200万台产能给了iPhone 12 Pro系列。做个小调查，你有入手iPhone12系列吗？ 你有入手iPhone12系列吗？ ​
罗云熙Leo,今天13:08,95924,18333,0,//weibo.com/1860563805/JEbZwEgv7?refer_flag=1001030103_,#魔熙先生# 一起听起来，跳起来反正我已经入坑 O绿洲 ​
东方网,今天13:35,242,2976,0,//weibo.com/1918021250/JEcamBceP?refer_flag=1001030103_,【直播 | #上海市新冠肺炎疫情防控新闻发布会#】1月21日下午2:00，上海举行新冠肺炎疫情防控新闻发布会，邀请市卫生健康委、黄浦区相关负责人及有关专家介绍有关情况。一起关注~ 东方网的微博直播 ​
杨紫,今天13:09,9000,6075,0,//weibo.com/1227368500/JEbZW0QfA?refer_flag=1001030103_,我想人会变老 但永远不会长大～   陶喆/袁娅维《Forever Young (Live)》KForever Young @QQ音乐 ​
自在萧寒,今天13:13,4165,1297,0,//weibo.com/1921821955/JEc1CjeW5?refer_flag=1001030103_,文汇报，并没有采访我，但是真的懂我，懂#奇妙之城# “这代人所接触的，是观点交锋的社交媒体、信息多元的开阔视野以及开放平台上有互动有陪伴的“偶像”影响。对照《奇妙之城》的情景，当艺人融入万家灯火，在Z世代们看来，熟悉的人与城市空间里多元的状态叠加，恰恰能满足他们对于陪伴式内 ​
渡边鱼子酱,今天12:52,3037,1797,0,//weibo.com/2024042357/JEbT55LA4?refer_flag=1001030103_,也太爽了吧…我的人生目标找好了！！现在就开始攒钱以后找个类似月子中心的养老院住进去！！ （评论说我在带节奏劝生我很恼火，母胎solo二十多年想找个条件好服务好的养老院都是在劝生吗？别人生不生管我什么事啊？我劝什么？我是孩子爹吗？） ​
A股侠女,今天12:50,1,15,0,//weibo.com/5091912327/JEbSnq5Hi?refer_flag=1001030103_,#广电时评称不会给郑爽发声露脸机会# 这就等于封杀郑爽，你支持广电的做法吗？ 你支持广电的做法吗？ ​
央视新闻,今天13:12,346,425,0,//weibo.com/2656274875/JEc1lc44h?refer_flag=1001030103_,【#边防战士在齐腰深的积雪中巡逻#】新疆塔城，气温零下20摄氏度，边防官兵们顶风冒雪踏上巡逻路。一路上，能见度不足20米，积雪齐腰深，每前进一步都很困难。他们手拉手、肩并肩，顺利到达巡逻点位。他们守护着我们！转起致敬！@央视军事 ​
自在萧寒,今天13:13,3579,1161,0,//weibo.com/1921821955/JEc1CjeW5?refer_flag=1001030103_,文汇报，并没有采访我，但是真的懂我，懂#奇妙之城# “这代人所接触的，是观点交锋的社交媒体、信息多元的开阔视野以及开放平台上有互动有陪伴的“偶像”影响。对照《奇妙之城》的情景，当艺人融入万家灯火，在Z世代们看来，熟悉的人与城市空间里多元的状态叠加，恰恰能满足他们对于陪伴式内 ​
杨紫,今天13:09,7200,5205,0,//weibo.com/1227368500/JEbZW0QfA?refer_flag=1001030103_,我想人会变老 但永远不会长大～   陶喆/袁娅维《Forever Young (Live)》KForever Young @QQ音乐 ​
央视新闻,今天13:12,371,454,0,//weibo.com/2656274875/JEc1lc44h?refer_flag=1001030103_,【#边防战士在齐腰深的积雪中巡逻#】新疆塔城，气温零下20摄氏度，边防官兵们顶风冒雪踏上巡逻路。一路上，能见度不足20米，积雪齐腰深，每前进一步都很困难。他们手拉手、肩并肩，顺利到达巡逻点位。他们守护着我们！转起致敬！@央视军事 ​
东方网,今天13:35,243,2982,0,//weibo.com/1918021250/JEcamBceP?refer_flag=1001030103_,【直播 | #上海市新冠肺炎疫情防控新闻发布会#】1月21日下午2:00，上海举行新冠肺炎疫情防控新闻发布会，邀请市卫生健康委、黄浦区相关负责人及有关专家介绍有关情况。一起关注~ 东方网的微博直播 ​
A股侠女,今天12:50,1,16,0,//weibo.com/5091912327/JEbSnq5Hi?refer_flag=1001030103_,#广电时评称不会给郑爽发声露脸机会# 这就等于封杀郑爽，你支持广电的做法吗？ 你支持广电的做法吗？ ​
电商报,今天13:21,125,107,0,//weibo.com/1956700750/JEc4Q8U76?refer_flag=1001030103_,#苹果降低iPhone12 mini产量#，将200万台产能给了iPhone 12 Pro系列。做个小调查，你有入手iPhone12系列吗？ 你有入手iPhone12系列吗？ ​
罗云熙Leo,今天13:08,96560,21452,0,//weibo.com/1860563805/JEbZwEgv7?refer_flag=1001030103_,#魔熙先生# 一起听起来，跳起来反正我已经入坑 O绿洲 ​
罗云熙Leo,今天13:08,95924,18333,0,//weibo.com/1860563805/JEbZwEgv7?refer_flag=1001030103_,#魔熙先生# 一起听起来，跳起来反正我已经入坑 O绿洲 ​
渡边鱼子酱,今天12:52,3528,2048,0,//weibo.com/2024042357/JEbT55LA4?refer_flag=1001030103_,也太爽了吧…我的人生目标找好了！！现在就开始攒钱以后找个类似月子中心的养老院住进去！！ （评论说我在带节奏劝生我很恼火，母胎solo二十多年想找个条件好服务好的养老院都是在劝生吗？别人生不生管我什么事啊？我劝什么？我是孩子爹吗？） ​
杨紫,今天13:09,9000,6075,0,//weibo.com/1227368500/JEbZW0QfA?refer_flag=1001030103_,我想人会变老 但永远不会长大～   陶喆/袁娅维《Forever Young (Live)》KForever Young @QQ音乐 ​
央视新闻,今天13:12,368,452,0,//weibo.com/2656274875/JEc1lc44h?refer_flag=1001030103_,【#边防战士在齐腰深的积雪中巡逻#】新疆塔城，气温零下20摄氏度，边防官兵们顶风冒雪踏上巡逻路。一路上，能见度不足20米，积雪齐腰深，每前进一步都很困难。他们手拉手、肩并肩，顺利到达巡逻点位。他们守护着我们！转起致敬！@央视军事 ​
何运晨Yancy,今天13:15,1725,4332,0,//weibo.com/3925308009/JEc2yfn8X?refer_flag=1001030103_,#明星大侦探# 从「逃出无名岛」开始入坑明侦，没想到今儿竟然有机会亲！身！参！与！ 我无憾了 ​
电商报,今天13:21,101,80,0,//weibo.com/1956700750/JEc4Q8U76?refer_flag=1001030103_,#苹果降低iPhone12 mini产量#，将200万台产能给了iPhone 12 Pro系列。做个小调查，你有入手iPhone12系列吗？ 你有入手iPhone12系列吗？ ​
杨紫,今天13:09,7200,5205,0,//weibo.com/1227368500/JEbZW0QfA?refer_flag=1001030103_,我想人会变老 但永远不会长大～   陶喆/袁娅维《Forever Young (Live)》KForever Young @QQ音乐 ​
东方网,今天13:35,211,2064,0,//weibo.com/1918021250/JEcamBceP?refer_flag=1001030103_,【直播 | #上海市新冠肺炎疫情防控新闻发布会#】1月21日下午2:00，上海举行新冠肺炎疫情防控新闻发布会，邀请市卫生健康委、黄浦区相关负责人及有关专家介绍有关情况。一起关注~ 东方网的微博直播 ​
A股侠女,今天12:50,1,15,0,//weibo.com/5091912327/JEbSnq5Hi?refer_flag=1001030103_,#广电时评称不会给郑爽发声露脸机会# 这就等于封杀郑爽，你支持广电的做法吗？ 你支持广电的做法吗？ ​
罗云熙Leo,今天13:08,93258,11021,0,//weibo.com/1860563805/JEbZwEgv7?refer_flag=1001030103_,#魔熙先生# 一起听起来，跳起来反正我已经入坑 O绿洲 ​
天天向上,今天12:16,7191,3718,0,//weibo.com/1507921471/JEbECAmsA?refer_flag=1001030103_,#天天向上# 【王炸来袭】“王炸”组合@王力宏 @UNIQ-王一博 跨年后再合体，就一个字——炸！  L天天向上的微博视频 ​
时代少年团-宋亚轩,今天12:10,93289,30564,0,//weibo.com/6015189526/JEbBTBiKA?refer_flag=1001030103_,#接招吧前辈# 接招吧，朋友！让我康康，还有谁比我更灵活 ​
不二大叔说,今天12:00,7,17,0,//weibo.com/3900215081/JEby14AMs?refer_flag=1001030103_,“一个小胖子，藏着黑珠子，剥开黄身子，露出白肚子！”指的是哪种水果？ 如题 ​
时代少年团-丁程鑫,今天12:05,69200,24779,0,//weibo.com/5781292544/JEbzTrE36?refer_flag=1001030103_,#接招吧前辈# 接招吧，朋友！小丁在线出招，接稳了！ ​
张馨予,今天11:59,5406,6220,0,//weibo.com/1749964961/JEbxo3dBg?refer_flag=1001030103_,#张馨予画乘风破浪# 画这幅画需要几天的时间，因为颜色得分阶段进行上色，小画布已画完，舞台这幅巨画会如何呈现？我未知！尽力就无憾。 L张馨予的微博视频 ​
嗑王老师专用,今天13:04,2684,979,0,//weibo.com/6541061905/JEbY58rbk?refer_flag=1001030103_,哈…怎么dy还多一个机位 生怕我看不清呢 真贴心#王一博有翡# #周翡谢允花瓣吻花絮# L嗑王老师专用的微博视频 ​
自在萧寒,今天13:13,3579,1161,0,//weibo.com/1921821955/JEc1CjeW5?refer_flag=1001030103_,文汇报，并没有采访我，但是真的懂我，懂#奇妙之城# “这代人所接触的，是观点交锋的社交媒体、信息多元的开阔视野以及开放平台上有互动有陪伴的“偶像”影响。对照《奇妙之城》的情景，当艺人融入万家灯火，在Z世代们看来，熟悉的人与城市空间里多元的状态叠加，恰恰能满足他们对于陪伴式内 ​
A股侠女,今天12:50,1,15,0,//weibo.com/5091912327/JEbSnq5Hi?refer_flag=1001030103_,#广电时评称不会给郑爽发声露脸机会# 这就等于封杀郑爽，你支持广电的做法吗？ 你支持广电的做法吗？ ​
罗云熙Leo,今天13:08,93258,11021,0,//weibo.com/1860563805/JEbZwEgv7?refer_flag=1001030103_,#魔熙先生# 一起听起来，跳起来反正我已经入坑 O绿洲 ​
东方网,今天13:35,211,2064,0,//weibo.com/1918021250/JEcamBceP?refer_flag=1001030103_,【直播 | #上海市新冠肺炎疫情防控新闻发布会#】1月21日下午2:00，上海举行新冠肺炎疫情防控新闻发布会，邀请市卫生健康委、黄浦区相关负责人及有关专家介绍有关情况。一起关注~ 东方网的微博直播 ​
时代少年团-丁程鑫,今天12:05,69200,24779,0,//weibo.com/5781292544/JEbzTrE36?refer_flag=1001030103_,#接招吧前辈# 接招吧，朋友！小丁在线出招，接稳了！ ​
天天向上,今天12:16,7191,3718,0,//weibo.com/1507921471/JEbECAmsA?refer_flag=1001030103_,#天天向上# 【王炸来袭】“王炸”组合@王力宏 @UNIQ-王一博 跨年后再合体，就一个字——炸！  L天天向上的微博视频 ​
圈内鱼报,今天12:17,190,913,0,//weibo.com/3927379460/JEbEHlfea?refer_flag=1001030103_,#徐静蕾#徐静蕾在节目中讨论dy称是准备找一肚子dy 娱乐圈很正常 很多人dy把生/命当作可以买卖的儿戏  真不要脸 你觉得这种艺人应该封/杀吗？ ​
电视剧有翡,今天12:06,15295,10882,0,//weibo.com/6203216599/JEbAnyV1m?refer_flag=1001030103_,电视剧有翡 【小有小号】#赵丽颖王一博逆光吻戏太绝了# 大家最期待的花絮来了 浪漫唯美的花瓣吻片场直击，话不多说来嗑糖#周翡谢允花瓣吻花絮#L《有翡》独家花絮：免费看糖！桃花吻幕后唯美得不像话！ ​
时代少年团-宋亚轩,今天12:10,93289,30564,0,//weibo.com/6015189526/JEbBTBiKA?refer_flag=1001030103_,#接招吧前辈# 接招吧，朋友！让我康康，还有谁比我更灵活 ​
杨紫,今天13:09,9409,6246,0,//weibo.com/1227368500/JEbZW0QfA?refer_flag=1001030103_,我想人会变老 但永远不会长大～   陶喆/袁娅维《Forever Young (Live)》KForever Young @QQ音乐 ​
电商报,今天13:21,125,107,0,//weibo.com/1956700750/JEc4Q8U76?refer_flag=1001030103_,#苹果降低iPhone12 mini产量#，将200万台产能给了iPhone 12 Pro系列。做个小调查，你有入手iPhone12系列吗？ 你有入手iPhone12系列吗？ ​
嗑王老师专用,今天13:04,2913,1136,0,//weibo.com/6541061905/JEbY58rbk?refer_flag=1001030103_,哈…怎么dy还多一个机位 生怕我看不清呢 真贴心#王一博有翡# #周翡谢允花瓣吻花絮# L嗑王老师专用的微博视频 ​
渡边鱼子酱,今天12:52,3618,2095,0,//weibo.com/2024042357/JEbT55LA4?refer_flag=1001030103_,也太爽了吧…我的人生目标找好了！！现在就开始攒钱以后找个类似月子中心的养老院住进去！！ （评论说我在带节奏劝生我很恼火，母胎solo二十多年想找个条件好服务好的养老院都是在劝生吗？别人生不生管我什么事啊？我劝什么？我是孩子爹吗？） ​
央视新闻,今天13:12,371,454,0,//weibo.com/2656274875/JEc1lc44h?refer_flag=1001030103_,【#边防战士在齐腰深的积雪中巡逻#】新疆塔城，气温零下20摄氏度，边防官兵们顶风冒雪踏上巡逻路。一路上，能见度不足20米，积雪齐腰深，每前进一步都很困难。他们手拉手、肩并肩，顺利到达巡逻点位。他们守护着我们！转起致敬！@央视军事 ​
A股侠女,今天12:50,1,16,0,//weibo.com/5091912327/JEbSnq5Hi?refer_flag=1001030103_,#广电时评称不会给郑爽发声露脸机会# 这就等于封杀郑爽，你支持广电的做法吗？ 你支持广电的做法吗？ ​
何运晨Yancy,今天13:15,1725,4332,0,//weibo.com/3925308009/JEc2yfn8X?refer_flag=1001030103_,#明星大侦探# 从「逃出无名岛」开始入坑明侦，没想到今儿竟然有机会亲！身！参！与！ 我无憾了 ​
渡边鱼子酱,今天12:52,3528,2048,0,//weibo.com/2024042357/JEbT55LA4?refer_flag=1001030103_,也太爽了吧…我的人生目标找好了！！现在就开始攒钱以后找个类似月子中心的养老院住进去！！ （评论说我在带节奏劝生我很恼火，母胎solo二十多年想找个条件好服务好的养老院都是在劝生吗？别人生不生管我什么事啊？我劝什么？我是孩子爹吗？） ​
央视新闻,今天13:12,368,452,0,//weibo.com/2656274875/JEc1lc44h?refer_flag=1001030103_,【#边防战士在齐腰深的积雪中巡逻#】新疆塔城，气温零下20摄氏度，边防官兵们顶风冒雪踏上巡逻路。一路上，能见度不足20米，积雪齐腰深，每前进一步都很困难。他们手拉手、肩并肩，顺利到达巡逻点位。他们守护着我们！转起致敬！@央视军事 ​
罗云熙Leo,今天13:08,95924,18333,0,//weibo.com/1860563805/JEbZwEgv7?refer_flag=1001030103_,#魔熙先生# 一起听起来，跳起来反正我已经入坑 O绿洲 ​
不二大叔说,今天12:00,7,17,0,//weibo.com/3900215081/JEby14AMs?refer_flag=1001030103_,“一个小胖子，藏着黑珠子，剥开黄身子，露出白肚子！”指的是哪种水果？ 如题 ​
时代少年团-丁程鑫,今天12:05,69200,24779,0,//weibo.com/5781292544/JEbzTrE36?refer_flag=1001030103_,#接招吧前辈# 接招吧，朋友！小丁在线出招，接稳了！ ​
时代少年团-宋亚轩,今天12:10,93289,30564,0,//weibo.com/6015189526/JEbBTBiKA?refer_flag=1001030103_,#接招吧前辈# 接招吧，朋友！让我康康，还有谁比我更灵活 ​
电视剧有翡,今天12:06,15295,10882,0,//weibo.com/6203216599/JEbAnyV1m?refer_flag=1001030103_,电视剧有翡 【小有小号】#赵丽颖王一博逆光吻戏太绝了# 大家最期待的花絮来了 浪漫唯美的花瓣吻片场直击，话不多说来嗑糖#周翡谢允花瓣吻花絮#L《有翡》独家花絮：免费看糖！桃花吻幕后唯美得不像话！ ​
圈内鱼报,今天12:17,190,913,0,//weibo.com/3927379460/JEbEHlfea?refer_flag=1001030103_,#徐静蕾#徐静蕾在节目中讨论dy称是准备找一肚子dy 娱乐圈很正常 很多人dy把生/命当作可以买卖的儿戏  真不要脸 你觉得这种艺人应该封/杀吗？ ​
罗云熙Leo,今天13:08,95904,17791,0,//weibo.com/1860563805/JEbZwEgv7?refer_flag=1001030103_,#魔熙先生# 一起听起来，跳起来反正我已经入坑 O绿洲 ​
央视新闻,今天13:12,367,450,0,//weibo.com/2656274875/JEc1lc44h?refer_flag=1001030103_,【#边防战士在齐腰深的积雪中巡逻#】新疆塔城，气温零下20摄氏度，边防官兵们顶风冒雪踏上巡逻路。一路上，能见度不足20米，积雪齐腰深，每前进一步都很困难。他们手拉手、肩并肩，顺利到达巡逻点位。他们守护着我们！转起致敬！@央视军事 ​
渡边鱼子酱,今天12:52,3515,2041,0,//weibo.com/2024042357/JEbT55LA4?refer_flag=1001030103_,也太爽了吧…我的人生目标找好了！！现在就开始攒钱以后找个类似月子中心的养老院住进去！！ （评论说我在带节奏劝生我很恼火，母胎solo二十多年想找个条件好服务好的养老院都是在劝生吗？别人生不生管我什么事啊？我劝什么？我是孩子爹吗？） ​
自在萧寒,今天13:13,4149,1295,0,//weibo.com/1921821955/JEc1CjeW5?refer_flag=1001030103_,文汇报，并没有采访我，但是真的懂我，懂#奇妙之城# “这代人所接触的，是观点交锋的社交媒体、信息多元的开阔视野以及开放平台上有互动有陪伴的“偶像”影响。对照《奇妙之城》的情景，当艺人融入万家灯火，在Z世代们看来，熟悉的人与城市空间里多元的状态叠加，恰恰能满足他们对于陪伴式内 ​
电商报,今天13:21,103,101,0,//weibo.com/1956700750/JEc4Q8U76?refer_flag=1001030103_,#苹果降低iPhone12 mini产量#，将200万台产能给了iPhone 12 Pro系列。做个小调查，你有入手iPhone12系列吗？ 你有入手iPhone12系列吗？ ​
嗑王老师专用,今天13:04,2684,979,0,//weibo.com/6541061905/JEbY58rbk?refer_flag=1001030103_,哈…怎么dy还多一个机位 生怕我看不清呢 真贴心#王一博有翡# #周翡谢允花瓣吻花絮# L嗑王老师专用的微博视频 ​
东方网,今天13:35,211,2064,0,//weibo.com/1918021250/JEcamBceP?refer_flag=1001030103_,【直播 | #上海市新冠肺炎疫情防控新闻发布会#】1月21日下午2:00，上海举行新冠肺炎疫情防控新闻发布会，邀请市卫生健康委、黄浦区相关负责人及有关专家介绍有关情况。一起关注~ 东方网的微博直播 ​
自在萧寒,今天13:13,3579,1161,0,//weibo.com/1921821955/JEc1CjeW5?refer_flag=1001030103_,文汇报，并没有采访我，但是真的懂我，懂#奇妙之城# “这代人所接触的，是观点交锋的社交媒体、信息多元的开阔视野以及开放平台上有互动有陪伴的“偶像”影响。对照《奇妙之城》的情景，当艺人融入万家灯火，在Z世代们看来，熟悉的人与城市空间里多元的状态叠加，恰恰能满足他们对于陪伴式内 ​
何运晨Yancy,今天13:15,1459,3830,0,//weibo.com/3925308009/JEc2yfn8X?refer_flag=1001030103_,#明星大侦探# 从「逃出无名岛」开始入坑明侦，没想到今儿竟然有机会亲！身！参！与！ 我无憾了 ​
罗云熙Leo,今天13:08,93258,11021,0,//weibo.com/1860563805/JEbZwEgv7?refer_flag=1001030103_,#魔熙先生# 一起听起来，跳起来反正我已经入坑 O绿洲 ​
自在萧寒,今天13:13,4149,1295,0,//weibo.com/1921821955/JEc1CjeW5?refer_flag=1001030103_,文汇报，并没有采访我，但是真的懂我，懂#奇妙之城# “这代人所接触的，是观点交锋的社交媒体、信息多元的开阔视野以及开放平台上有互动有陪伴的“偶像”影响。对照《奇妙之城》的情景，当艺人融入万家灯火，在Z世代们看来，熟悉的人与城市空间里多元的状态叠加，恰恰能满足他们对于陪伴式内 ​
渡边鱼子酱,今天12:52,3515,2041,0,//weibo.com/2024042357/JEbT55LA4?refer_flag=1001030103_,也太爽了吧…我的人生目标找好了！！现在就开始攒钱以后找个类似月子中心的养老院住进去！！ （评论说我在带节奏劝生我很恼火，母胎solo二十多年想找个条件好服务好的养老院都是在劝生吗？别人生不生管我什么事啊？我劝什么？我是孩子爹吗？） ​
罗云熙Leo,今天13:08,95904,17791,0,//weibo.com/1860563805/JEbZwEgv7?refer_flag=1001030103_,#魔熙先生# 一起听起来，跳起来反正我已经入坑 O绿洲 ​
杨紫,今天13:09,8924,6055,0,//weibo.com/1227368500/JEbZW0QfA?refer_flag=1001030103_,我想人会变老 但永远不会长大～   陶喆/袁娅维《Forever Young (Live)》KForever Young @QQ音乐 ​
东方网,今天13:35,242,2975,0,//weibo.com/1918021250/JEcamBceP?refer_flag=1001030103_,【直播 | #上海市新冠肺炎疫情防控新闻发布会#】1月21日下午2:00，上海举行新冠肺炎疫情防控新闻发布会，邀请市卫生健康委、黄浦区相关负责人及有关专家介绍有关情况。一起关注~ 东方网的微博直播 ​
电商报,今天13:21,103,101,0,//weibo.com/1956700750/JEc4Q8U76?refer_flag=1001030103_,#苹果降低iPhone12 mini产量#，将200万台产能给了iPhone 12 Pro系列。做个小调查，你有入手iPhone12系列吗？ 你有入手iPhone12系列吗？ ​
杨紫,今天13:09,8924,6055,0,//weibo.com/1227368500/JEbZW0QfA?refer_flag=1001030103_,我想人会变老 但永远不会长大～   陶喆/袁娅维《Forever Young (Live)》KForever Young @QQ音乐 ​
嗑王老师专用,今天13:04,2864,1105,0,//weibo.com/6541061905/JEbY58rbk?refer_flag=1001030103_,哈…怎么dy还多一个机位 生怕我看不清呢 真贴心#王一博有翡# #周翡谢允花瓣吻花絮# L嗑王老师专用的微博视频 ​
央视新闻,今天13:12,367,450,0,//weibo.com/2656274875/JEc1lc44h?refer_flag=1001030103_,【#边防战士在齐腰深的积雪中巡逻#】新疆塔城，气温零下20摄氏度，边防官兵们顶风冒雪踏上巡逻路。一路上，能见度不足20米，积雪齐腰深，每前进一步都很困难。他们手拉手、肩并肩，顺利到达巡逻点位。他们守护着我们！转起致敬！@央视军事 ​
罗云熙Leo,今天13:08,95904,17791,0,//weibo.com/1860563805/JEbZwEgv7?refer_flag=1001030103_,#魔熙先生# 一起听起来，跳起来反正我已经入坑 O绿洲 ​
东方网,今天13:35,242,2976,0,//weibo.com/1918021250/JEcamBceP?refer_flag=1001030103_,【直播 | #上海市新冠肺炎疫情防控新闻发布会#】1月21日下午2:00，上海举行新冠肺炎疫情防控新闻发布会，邀请市卫生健康委、黄浦区相关负责人及有关专家介绍有关情况。一起关注~ 东方网的微博直播 ​
杨紫,今天13:09,9000,6075,0,//weibo.com/1227368500/JEbZW0QfA?refer_flag=1001030103_,我想人会变老 但永远不会长大～   陶喆/袁娅维《Forever Young (Live)》KForever Young @QQ音乐 ​
何运晨Yancy,今天13:15,1725,4332,0,//weibo.com/3925308009/JEc2yfn8X?refer_flag=1001030103_,#明星大侦探# 从「逃出无名岛」开始入坑明侦，没想到今儿竟然有机会亲！身！参！与！ 我无憾了 ​
嗑王老师专用,今天13:04,2871,1110,0,//weibo.com/6541061905/JEbY58rbk?refer_flag=1001030103_,哈…怎么dy还多一个机位 生怕我看不清呢 真贴心#王一博有翡# #周翡谢允花瓣吻花絮# L嗑王老师专用的微博视频 ​
A股侠女,今天12:50,1,16,0,//weibo.com/5091912327/JEbSnq5Hi?refer_flag=1001030103_,#广电时评称不会给郑爽发声露脸机会# 这就等于封杀郑爽，你支持广电的做法吗？ 你支持广电的做法吗？ ​
不二大叔说,今天12:00,7,17,0,//weibo.com/3900215081/JEby14AMs?refer_flag=1001030103_,“一个小胖子，藏着黑珠子，剥开黄身子，露出白肚子！”指的是哪种水果？ 如题 ​
时代少年团-丁程鑫,今天12:05,69200,24779,0,//weibo.com/5781292544/JEbzTrE36?refer_flag=1001030103_,#接招吧前辈# 接招吧，朋友！小丁在线出招，接稳了！ ​
Happy张江,今天12:01,6,36,0,//weibo.com/2709577332/JEbyboY5t?refer_flag=1001030103_,#知识抽查# ：青龙偃月刀是谁的武器？ 青龙偃月刀是谁的武器？ ​
娱闻少女,今天12:15,2887,4677,0,//weibo.com/5471534537/JEbEaclRf?refer_flag=1001030103_,#徐静蕾#郑爽是真的牵扯出很多人，徐静蕾：我将来是准备代孕的，这很正常，身边很多人都这样，双胞胎三胞胎都是。是我跟不上时代的步伐了？这哪正常啊？这在说啥啊.....md听不懂了L娱闻少女的微博视频 ​
天天向上,今天12:16,7191,3718,0,//weibo.com/1507921471/JEbECAmsA?refer_flag=1001030103_,#天天向上# 【王炸来袭】“王炸”组合@王力宏 @UNIQ-王一博 跨年后再合体，就一个字——炸！  L天天向上的微博视频 ​
央视新闻,今天13:12,371,454,0,//weibo.com/2656274875/JEc1lc44h?refer_flag=1001030103_,【#边防战士在齐腰深的积雪中巡逻#】新疆塔城，气温零下20摄氏度，边防官兵们顶风冒雪踏上巡逻路。一路上，能见度不足20米，积雪齐腰深，每前进一步都很困难。他们手拉手、肩并肩，顺利到达巡逻点位。他们守护着我们！转起致敬！@央视军事 ​
自在萧寒,今天13:13,4294,1324,0,//weibo.com/1921821955/JEc1CjeW5?refer_flag=1001030103_,文汇报，并没有采访我，但是真的懂我，懂#奇妙之城# “这代人所接触的，是观点交锋的社交媒体、信息多元的开阔视野以及开放平台上有互动有陪伴的“偶像”影响。对照《奇妙之城》的情景，当艺人融入万家灯火，在Z世代们看来，熟悉的人与城市空间里多元的状态叠加，恰恰能满足他们对于陪伴式内 ​
A股侠女,今天12:50,1,16,0,//weibo.com/5091912327/JEbSnq5Hi?refer_flag=1001030103_,#广电时评称不会给郑爽发声露脸机会# 这就等于封杀郑爽，你支持广电的做法吗？ 你支持广电的做法吗？ ​
罗云熙Leo,今天13:08,96560,21452,0,//weibo.com/1860563805/JEbZwEgv7?refer_flag=1001030103_,#魔熙先生# 一起听起来，跳起来反正我已经入坑 O绿洲 ​
电商报,今天13:21,125,107,0,//weibo.com/1956700750/JEc4Q8U76?refer_flag=1001030103_,#苹果降低iPhone12 mini产量#，将200万台产能给了iPhone 12 Pro系列。做个小调查，你有入手iPhone12系列吗？ 你有入手iPhone12系列吗？ ​
自在萧寒,今天13:13,4149,1295,0,//weibo.com/1921821955/JEc1CjeW5?refer_flag=1001030103_,文汇报，并没有采访我，但是真的懂我，懂#奇妙之城# “这代人所接触的，是观点交锋的社交媒体、信息多元的开阔视野以及开放平台上有互动有陪伴的“偶像”影响。对照《奇妙之城》的情景，当艺人融入万家灯火，在Z世代们看来，熟悉的人与城市空间里多元的状态叠加，恰恰能满足他们对于陪伴式内 ​
渡边鱼子酱,今天12:52,3515,2041,0,//weibo.com/2024042357/JEbT55LA4?refer_flag=1001030103_,也太爽了吧…我的人生目标找好了！！现在就开始攒钱以后找个类似月子中心的养老院住进去！！ （评论说我在带节奏劝生我很恼火，母胎solo二十多年想找个条件好服务好的养老院都是在劝生吗？别人生不生管我什么事啊？我劝什么？我是孩子爹吗？） ​
电商报,今天13:21,103,101,0,//weibo.com/1956700750/JEc4Q8U76?refer_flag=1001030103_,#苹果降低iPhone12 mini产量#，将200万台产能给了iPhone 12 Pro系列。做个小调查，你有入手iPhone12系列吗？ 你有入手iPhone12系列吗？ ​
罗云熙Leo,今天13:08,95904,17791,0,//weibo.com/1860563805/JEbZwEgv7?refer_flag=1001030103_,#魔熙先生# 一起听起来，跳起来反正我已经入坑 O绿洲 ​
杨紫,今天13:09,8924,6055,0,//weibo.com/1227368500/JEbZW0QfA?refer_flag=1001030103_,我想人会变老 但永远不会长大～   陶喆/袁娅维《Forever Young (Live)》KForever Young @QQ音乐 ​
娱闻少女,今天12:15,2887,4677,0,//weibo.com/5471534537/JEbEaclRf?refer_flag=1001030103_,#徐静蕾#郑爽是真的牵扯出很多人，徐静蕾：我将来是准备代孕的，这很正常，身边很多人都这样，双胞胎三胞胎都是。是我跟不上时代的步伐了？这哪正常啊？这在说啥啊.....md听不懂了L娱闻少女的微博视频 ​
圈内鱼报,今天12:17,190,913,0,//weibo.com/3927379460/JEbEHlfea?refer_flag=1001030103_,#徐静蕾#徐静蕾在节目中讨论dy称是准备找一肚子dy 娱乐圈很正常 很多人dy把生/命当作可以买卖的儿戏  真不要脸 你觉得这种艺人应该封/杀吗？ ​
天天向上,今天12:16,7191,3718,0,//weibo.com/1507921471/JEbECAmsA?refer_flag=1001030103_,#天天向上# 【王炸来袭】“王炸”组合@王力宏 @UNIQ-王一博 跨年后再合体，就一个字——炸！  L天天向上的微博视频 ​
不二大叔说,今天12:00,7,17,0,//weibo.com/3900215081/JEby14AMs?refer_flag=1001030103_,“一个小胖子，藏着黑珠子，剥开黄身子，露出白肚子！”指的是哪种水果？ 如题 ​
时代少年团-宋亚轩,今天12:10,93289,30564,0,//weibo.com/6015189526/JEbBTBiKA?refer_flag=1001030103_,#接招吧前辈# 接招吧，朋友！让我康康，还有谁比我更灵活 ​
央视新闻,今天13:12,371,454,0,//weibo.com/2656274875/JEc1lc44h?refer_flag=1001030103_,【#边防战士在齐腰深的积雪中巡逻#】新疆塔城，气温零下20摄氏度，边防官兵们顶风冒雪踏上巡逻路。一路上，能见度不足20米，积雪齐腰深，每前进一步都很困难。他们手拉手、肩并肩，顺利到达巡逻点位。他们守护着我们！转起致敬！@央视军事 ​
东方网,今天13:35,243,2982,0,//weibo.com/1918021250/JEcamBceP?refer_flag=1001030103_,【直播 | #上海市新冠肺炎疫情防控新闻发布会#】1月21日下午2:00，上海举行新冠肺炎疫情防控新闻发布会，邀请市卫生健康委、黄浦区相关负责人及有关专家介绍有关情况。一起关注~ 东方网的微博直播 ​
杨紫,今天13:09,9409,6246,0,//weibo.com/1227368500/JEbZW0QfA?refer_flag=1001030103_,我想人会变老 但永远不会长大～   陶喆/袁娅维《Forever Young (Live)》KForever Young @QQ音乐 ​
何运晨Yancy,今天13:15,1763,4442,0,//weibo.com/3925308009/JEc2yfn8X?refer_flag=1001030103_,#明星大侦探# 从「逃出无名岛」开始入坑明侦，没想到今儿竟然有机会亲！身！参！与！ 我无憾了 ​
罗云熙Leo,今天13:08,96560,21452,0,//weibo.com/1860563805/JEbZwEgv7?refer_flag=1001030103_,#魔熙先生# 一起听起来，跳起来反正我已经入坑 O绿洲 ​
三维通,2020年01月25日,2,3,0,//weibo.com/2292212870/Ir7x85L2R?refer_flag=1001030103_,发表了博文《“GUAN”状病毒》2019年12月下旬，有自称武汉市中心医院眼科医生李文亮的人，「武汉大学临床04级」的微信群爆料，称依据某医学检验所的检测报告，武汉已确诊非典。并披露第一例患者是汉口华O“GUAN”状病毒 ​
人性草纸,2020年01月23日,0,0,0,//weibo.com/1660482152/IqRJvaWoI?refer_flag=1001030103_,丁香园是不是应该给武汉的李文亮医生一个道歉呢，鞠躬也行，当面的！！
Drifter_2009,2020年01月23日,0,0,0,//weibo.com/1791646887/IqRJkg9FS?refer_flag=1001030103_,//@青青虫的微博:所以那八人讲SARS并没什么大错，按中科院定义这就是种“SARS相关冠状病毒”，和非典同种，叫新非典无甚问题，甚至更贴切简洁。而且，即使退一万步说，李文亮医生等根据自己得到的信息和专业背景，在判断之后，出于道义或责任感喊了句狼来了，结果最后来了个豺，也不应简单视为谣言。
李烂,2020年01月23日,0,0,0,//weibo.com/5105863611/IqQ4ljbk4?refer_flag=1001030103_,当时说「可防可控」的领导，现在算不算第九人呢？//@青青虫的微博:所以那八人讲SARS并没大错，按中科院定义“SARS相关冠状病毒”和非典同种叫新非典无甚问题甚至更贴切简洁。退一万步说，李文亮医生等根据自己得到的信息和专业背景，在判断之后出于道义或责任感喊了句狼来了，结果最后来了个豺
EZ-o2333,2020年01月23日,0,0,0,//weibo.com/3544180560/IqQ1j27Ds?refer_flag=1001030103_,//@青青虫的微博:所以那八人讲SARS并没什么大错，按中科院定义这就是种“SARS相关冠状病毒”，和非典同种，叫新非典无甚问题，甚至更贴切简洁。而且，即使退一万步说，李文亮医生等根据自己得到的信息和专业背景，在判断之后，出于道义或责任感喊了句狼来了，结果最后来了个豺，也不应简单视为谣言。
三维通,2020年01月25日,2,3,0,//weibo.com/2292212870/Ir7x85L2R?refer_flag=1001030103_,发表了博文《“GUAN”状病毒》2019年12月下旬，有自称武汉市中心医院眼科医生李文亮的人，「武汉大学临床04级」的微信群爆料，称依据某医学检验所的检测报告，武汉已确诊非典。并披露第一例患者是汉口华O“GUAN”状病毒 ​
人性草纸,2020年01月23日,0,0,0,//weibo.com/1660482152/IqRJvaWoI?refer_flag=1001030103_,丁香园是不是应该给武汉的李文亮医生一个道歉呢，鞠躬也行，当面的！！
Drifter_2009,2020年01月23日,0,0,0,//weibo.com/1791646887/IqRJkg9FS?refer_flag=1001030103_,//@青青虫的微博:所以那八人讲SARS并没什么大错，按中科院定义这就是种“SARS相关冠状病毒”，和非典同种，叫新非典无甚问题，甚至更贴切简洁。而且，即使退一万步说，李文亮医生等根据自己得到的信息和专业背景，在判断之后，出于道义或责任感喊了句狼来了，结果最后来了个豺，也不应简单视为谣言。
李烂,2020年01月23日,0,0,0,//weibo.com/5105863611/IqQ4ljbk4?refer_flag=1001030103_,当时说「可防可控」的领导，现在算不算第九人呢？//@青青虫的微博:所以那八人讲SARS并没大错，按中科院定义“SARS相关冠状病毒”和非典同种叫新非典无甚问题甚至更贴切简洁。退一万步说，李文亮医生等根据自己得到的信息和专业背景，在判断之后出于道义或责任感喊了句狼来了，结果最后来了个豺
EZ-o2333,2020年01月23日,0,0,0,//weibo.com/3544180560/IqQ1j27Ds?refer_flag=1001030103_,//@青青虫的微博:所以那八人讲SARS并没什么大错，按中科院定义这就是种“SARS相关冠状病毒”，和非典同种，叫新非典无甚问题，甚至更贴切简洁。而且，即使退一万步说，李文亮医生等根据自己得到的信息和专业背景，在判断之后，出于道义或责任感喊了句狼来了，结果最后来了个豺，也不应简单视为谣言。
三维通,2020年01月25日,2,3,0,//weibo.com/2292212870/Ir7x85L2R?refer_flag=1001030103_,发表了博文《“GUAN”状病毒》2019年12月下旬，有自称武汉市中心医院眼科医生李文亮的人，「武汉大学临床04级」的微信群爆料，称依据某医学检验所的检测报告，武汉已确诊非典。并披露第一例患者是汉口华O“GUAN”状病毒 ​
人性草纸,2020年01月23日,0,0,0,//weibo.com/1660482152/IqRJvaWoI?refer_flag=1001030103_,丁香园是不是应该给武汉的李文亮医生一个道歉呢，鞠躬也行，当面的！！
Drifter_2009,2020年01月23日,0,0,0,//weibo.com/1791646887/IqRJkg9FS?refer_flag=1001030103_,//@青青虫的微博:所以那八人讲SARS并没什么大错，按中科院定义这就是种“SARS相关冠状病毒”，和非典同种，叫新非典无甚问题，甚至更贴切简洁。而且，即使退一万步说，李文亮医生等根据自己得到的信息和专业背景，在判断之后，出于道义或责任感喊了句狼来了，结果最后来了个豺，也不应简单视为谣言。
李烂,2020年01月23日,0,0,0,//weibo.com/5105863611/IqQ4ljbk4?refer_flag=1001030103_,当时说「可防可控」的领导，现在算不算第九人呢？//@青青虫的微博:所以那八人讲SARS并没大错，按中科院定义“SARS相关冠状病毒”和非典同种叫新非典无甚问题甚至更贴切简洁。退一万步说，李文亮医生等根据自己得到的信息和专业背景，在判断之后出于道义或责任感喊了句狼来了，结果最后来了个豺
EZ-o2333,2020年01月23日,0,0,0,//weibo.com/3544180560/IqQ1j27Ds?refer_flag=1001030103_,//@青青虫的微博:所以那八人讲SARS并没什么大错，按中科院定义这就是种“SARS相关冠状病毒”，和非典同种，叫新非典无甚问题，甚至更贴切简洁。而且，即使退一万步说，李文亮医生等根据自己得到的信息和专业背景，在判断之后，出于道义或责任感喊了句狼来了，结果最后来了个豺，也不应简单视为谣言。
三维通,2020年01月25日,2,3,0,//weibo.com/2292212870/Ir7x85L2R?refer_flag=1001030103_,发表了博文《“GUAN”状病毒》2019年12月下旬，有自称武汉市中心医院眼科医生李文亮的人，「武汉大学临床04级」的微信群爆料，称依据某医学检验所的检测报告，武汉已确诊非典。并披露第一例患者是汉口华O“GUAN”状病毒 ​
人性草纸,2020年01月23日,0,0,0,//weibo.com/1660482152/IqRJvaWoI?refer_flag=1001030103_,丁香园是不是应该给武汉的李文亮医生一个道歉呢，鞠躬也行，当面的！！
Drifter_2009,2020年01月23日,0,0,0,//weibo.com/1791646887/IqRJkg9FS?refer_flag=1001030103_,//@青青虫的微博:所以那八人讲SARS并没什么大错，按中科院定义这就是种“SARS相关冠状病毒”，和非典同种，叫新非典无甚问题，甚至更贴切简洁。而且，即使退一万步说，李文亮医生等根据自己得到的信息和专业背景，在判断之后，出于道义或责任感喊了句狼来了，结果最后来了个豺，也不应简单视为谣言。
李烂,2020年01月23日,0,0,0,//weibo.com/5105863611/IqQ4ljbk4?refer_flag=1001030103_,当时说「可防可控」的领导，现在算不算第九人呢？//@青青虫的微博:所以那八人讲SARS并没大错，按中科院定义“SARS相关冠状病毒”和非典同种叫新非典无甚问题甚至更贴切简洁。退一万步说，李文亮医生等根据自己得到的信息和专业背景，在判断之后出于道义或责任感喊了句狼来了，结果最后来了个豺
EZ-o2333,2020年01月23日,0,0,0,//weibo.com/3544180560/IqQ1j27Ds?refer_flag=1001030103_,//@青青虫的微博:所以那八人讲SARS并没什么大错，按中科院定义这就是种“SARS相关冠状病毒”，和非典同种，叫新非典无甚问题，甚至更贴切简洁。而且，即使退一万步说，李文亮医生等根据自己得到的信息和专业背景，在判断之后，出于道义或责任感喊了句狼来了，结果最后来了个豺，也不应简单视为谣言。
三维通,2020年01月25日,2,3,0,//weibo.com/2292212870/Ir7x85L2R?refer_flag=1001030103_,发表了博文《“GUAN”状病毒》2019年12月下旬，有自称武汉市中心医院眼科医生李文亮的人，「武汉大学临床04级」的微信群爆料，称依据某医学检验所的检测报告，武汉已确诊非典。并披露第一例患者是汉口华O“GUAN”状病毒 ​
人性草纸,2020年01月23日,0,0,0,//weibo.com/1660482152/IqRJvaWoI?refer_flag=1001030103_,丁香园是不是应该给武汉的李文亮医生一个道歉呢，鞠躬也行，当面的！！
Drifter_2009,2020年01月23日,0,0,0,//weibo.com/1791646887/IqRJkg9FS?refer_flag=1001030103_,//@青青虫的微博:所以那八人讲SARS并没什么大错，按中科院定义这就是种“SARS相关冠状病毒”，和非典同种，叫新非典无甚问题，甚至更贴切简洁。而且，即使退一万步说，李文亮医生等根据自己得到的信息和专业背景，在判断之后，出于道义或责任感喊了句狼来了，结果最后来了个豺，也不应简单视为谣言。
李烂,2020年01月23日,0,0,0,//weibo.com/5105863611/IqQ4ljbk4?refer_flag=1001030103_,当时说「可防可控」的领导，现在算不算第九人呢？//@青青虫的微博:所以那八人讲SARS并没大错，按中科院定义“SARS相关冠状病毒”和非典同种叫新非典无甚问题甚至更贴切简洁。退一万步说，李文亮医生等根据自己得到的信息和专业背景，在判断之后出于道义或责任感喊了句狼来了，结果最后来了个豺
EZ-o2333,2020年01月23日,0,0,0,//weibo.com/3544180560/IqQ1j27Ds?refer_flag=1001030103_,//@青青虫的微博:所以那八人讲SARS并没什么大错，按中科院定义这就是种“SARS相关冠状病毒”，和非典同种，叫新非典无甚问题，甚至更贴切简洁。而且，即使退一万步说，李文亮医生等根据自己得到的信息和专业背景，在判断之后，出于道义或责任感喊了句狼来了，结果最后来了个豺，也不应简单视为谣言。
三维通,2020年01月25日,2,3,0,//weibo.com/2292212870/Ir7x85L2R?refer_flag=1001030103_,发表了博文《“GUAN”状病毒》2019年12月下旬，有自称武汉市中心医院眼科医生李文亮的人，「武汉大学临床04级」的微信群爆料，称依据某医学检验所的检测报告，武汉已确诊非典。并披露第一例患者是汉口华O“GUAN”状病毒 ​
人性草纸,2020年01月23日,0,0,0,//weibo.com/1660482152/IqRJvaWoI?refer_flag=1001030103_,丁香园是不是应该给武汉的李文亮医生一个道歉呢，鞠躬也行，当面的！！
Drifter_2009,2020年01月23日,0,0,0,//weibo.com/1791646887/IqRJkg9FS?refer_flag=1001030103_,//@青青虫的微博:所以那八人讲SARS并没什么大错，按中科院定义这就是种“SARS相关冠状病毒”，和非典同种，叫新非典无甚问题，甚至更贴切简洁。而且，即使退一万步说，李文亮医生等根据自己得到的信息和专业背景，在判断之后，出于道义或责任感喊了句狼来了，结果最后来了个豺，也不应简单视为谣言。
李烂,2020年01月23日,0,0,0,//weibo.com/5105863611/IqQ4ljbk4?refer_flag=1001030103_,当时说「可防可控」的领导，现在算不算第九人呢？//@青青虫的微博:所以那八人讲SARS并没大错，按中科院定义“SARS相关冠状病毒”和非典同种叫新非典无甚问题甚至更贴切简洁。退一万步说，李文亮医生等根据自己得到的信息和专业背景，在判断之后出于道义或责任感喊了句狼来了，结果最后来了个豺
EZ-o2333,2020年01月23日,0,0,0,//weibo.com/3544180560/IqQ1j27Ds?refer_flag=1001030103_,//@青青虫的微博:所以那八人讲SARS并没什么大错，按中科院定义这就是种“SARS相关冠状病毒”，和非典同种，叫新非典无甚问题，甚至更贴切简洁。而且，即使退一万步说，李文亮医生等根据自己得到的信息和专业背景，在判断之后，出于道义或责任感喊了句狼来了，结果最后来了个豺，也不应简单视为谣言。
三维通,2020年01月25日,2,3,0,//weibo.com/2292212870/Ir7x85L2R?refer_flag=1001030103_,发表了博文《“GUAN”状病毒》2019年12月下旬，有自称武汉市中心医院眼科医生李文亮的人，「武汉大学临床04级」的微信群爆料，称依据某医学检验所的检测报告，武汉已确诊非典。并披露第一例患者是汉口华O“GUAN”状病毒 ​
人性草纸,2020年01月23日,0,0,0,//weibo.com/1660482152/IqRJvaWoI?refer_flag=1001030103_,丁香园是不是应该给武汉的李文亮医生一个道歉呢，鞠躬也行，当面的！！
Drifter_2009,2020年01月23日,0,0,0,//weibo.com/1791646887/IqRJkg9FS?refer_flag=1001030103_,//@青青虫的微博:所以那八人讲SARS并没什么大错，按中科院定义这就是种“SARS相关冠状病毒”，和非典同种，叫新非典无甚问题，甚至更贴切简洁。而且，即使退一万步说，李文亮医生等根据自己得到的信息和专业背景，在判断之后，出于道义或责任感喊了句狼来了，结果最后来了个豺，也不应简单视为谣言。
李烂,2020年01月23日,0,0,0,//weibo.com/5105863611/IqQ4ljbk4?refer_flag=1001030103_,当时说「可防可控」的领导，现在算不算第九人呢？//@青青虫的微博:所以那八人讲SARS并没大错，按中科院定义“SARS相关冠状病毒”和非典同种叫新非典无甚问题甚至更贴切简洁。退一万步说，李文亮医生等根据自己得到的信息和专业背景，在判断之后出于道义或责任感喊了句狼来了，结果最后来了个豺
EZ-o2333,2020年01月23日,0,0,0,//weibo.com/3544180560/IqQ1j27Ds?refer_flag=1001030103_,//@青青虫的微博:所以那八人讲SARS并没什么大错，按中科院定义这就是种“SARS相关冠状病毒”，和非典同种，叫新非典无甚问题，甚至更贴切简洁。而且，即使退一万步说，李文亮医生等根据自己得到的信息和专业背景，在判断之后，出于道义或责任感喊了句狼来了，结果最后来了个豺，也不应简单视为谣言。
三维通,2020年01月25日,2,3,0,//weibo.com/2292212870/Ir7x85L2R?refer_flag=1001030103_,发表了博文《“GUAN”状病毒》2019年12月下旬，有自称武汉市中心医院眼科医生李文亮的人，「武汉大学临床04级」的微信群爆料，称依据某医学检验所的检测报告，武汉已确诊非典。并披露第一例患者是汉口华O“GUAN”状病毒 ​
人性草纸,2020年01月23日,0,0,0,//weibo.com/1660482152/IqRJvaWoI?refer_flag=1001030103_,丁香园是不是应该给武汉的李文亮医生一个道歉呢，鞠躬也行，当面的！！
Drifter_2009,2020年01月23日,0,0,0,//weibo.com/1791646887/IqRJkg9FS?refer_flag=1001030103_,//@青青虫的微博:所以那八人讲SARS并没什么大错，按中科院定义这就是种“SARS相关冠状病毒”，和非典同种，叫新非典无甚问题，甚至更贴切简洁。而且，即使退一万步说，李文亮医生等根据自己得到的信息和专业背景，在判断之后，出于道义或责任感喊了句狼来了，结果最后来了个豺，也不应简单视为谣言。
李烂,2020年01月23日,0,0,0,//weibo.com/5105863611/IqQ4ljbk4?refer_flag=1001030103_,当时说「可防可控」的领导，现在算不算第九人呢？//@青青虫的微博:所以那八人讲SARS并没大错，按中科院定义“SARS相关冠状病毒”和非典同种叫新非典无甚问题甚至更贴切简洁。退一万步说，李文亮医生等根据自己得到的信息和专业背景，在判断之后出于道义或责任感喊了句狼来了，结果最后来了个豺
EZ-o2333,2020年01月23日,0,0,0,//weibo.com/3544180560/IqQ1j27Ds?refer_flag=1001030103_,//@青青虫的微博:所以那八人讲SARS并没什么大错，按中科院定义这就是种“SARS相关冠状病毒”，和非典同种，叫新非典无甚问题，甚至更贴切简洁。而且，即使退一万步说，李文亮医生等根据自己得到的信息和专业背景，在判断之后，出于道义或责任感喊了句狼来了，结果最后来了个豺，也不应简单视为谣言。
三维通,2020年01月25日,2,3,0,//weibo.com/2292212870/Ir7x85L2R?refer_flag=1001030103_,发表了博文《“GUAN”状病毒》2019年12月下旬，有自称武汉市中心医院眼科医生李文亮的人，「武汉大学临床04级」的微信群爆料，称依据某医学检验所的检测报告，武汉已确诊非典。并披露第一例患者是汉口华O“GUAN”状病毒 ​
人性草纸,2020年01月23日,0,0,0,//weibo.com/1660482152/IqRJvaWoI?refer_flag=1001030103_,丁香园是不是应该给武汉的李文亮医生一个道歉呢，鞠躬也行，当面的！！
Drifter_2009,2020年01月23日,0,0,0,//weibo.com/1791646887/IqRJkg9FS?refer_flag=1001030103_,//@青青虫的微博:所以那八人讲SARS并没什么大错，按中科院定义这就是种“SARS相关冠状病毒”，和非典同种，叫新非典无甚问题，甚至更贴切简洁。而且，即使退一万步说，李文亮医生等根据自己得到的信息和专业背景，在判断之后，出于道义或责任感喊了句狼来了，结果最后来了个豺，也不应简单视为谣言。
李烂,2020年01月23日,0,0,0,//weibo.com/5105863611/IqQ4ljbk4?refer_flag=1001030103_,当时说「可防可控」的领导，现在算不算第九人呢？//@青青虫的微博:所以那八人讲SARS并没大错，按中科院定义“SARS相关冠状病毒”和非典同种叫新非典无甚问题甚至更贴切简洁。退一万步说，李文亮医生等根据自己得到的信息和专业背景，在判断之后出于道义或责任感喊了句狼来了，结果最后来了个豺
EZ-o2333,2020年01月23日,0,0,0,//weibo.com/3544180560/IqQ1j27Ds?refer_flag=1001030103_,//@青青虫的微博:所以那八人讲SARS并没什么大错，按中科院定义这就是种“SARS相关冠状病毒”，和非典同种，叫新非典无甚问题，甚至更贴切简洁。而且，即使退一万步说，李文亮医生等根据自己得到的信息和专业背景，在判断之后，出于道义或责任感喊了句狼来了，结果最后来了个豺，也不应简单视为谣言。
三维通,2020年01月25日,2,3,0,//weibo.com/2292212870/Ir7x85L2R?refer_flag=1001030103_,发表了博文《“GUAN”状病毒》2019年12月下旬，有自称武汉市中心医院眼科医生李文亮的人，「武汉大学临床04级」的微信群爆料，称依据某医学检验所的检测报告，武汉已确诊非典。并披露第一例患者是汉口华O“GUAN”状病毒 ​
人性草纸,2020年01月23日,0,0,0,//weibo.com/1660482152/IqRJvaWoI?refer_flag=1001030103_,丁香园是不是应该给武汉的李文亮医生一个道歉呢，鞠躬也行，当面的！！
Drifter_2009,2020年01月23日,0,0,0,//weibo.com/1791646887/IqRJkg9FS?refer_flag=1001030103_,//@青青虫的微博:所以那八人讲SARS并没什么大错，按中科院定义这就是种“SARS相关冠状病毒”，和非典同种，叫新非典无甚问题，甚至更贴切简洁。而且，即使退一万步说，李文亮医生等根据自己得到的信息和专业背景，在判断之后，出于道义或责任感喊了句狼来了，结果最后来了个豺，也不应简单视为谣言。
李烂,2020年01月23日,0,0,0,//weibo.com/5105863611/IqQ4ljbk4?refer_flag=1001030103_,当时说「可防可控」的领导，现在算不算第九人呢？//@青青虫的微博:所以那八人讲SARS并没大错，按中科院定义“SARS相关冠状病毒”和非典同种叫新非典无甚问题甚至更贴切简洁。退一万步说，李文亮医生等根据自己得到的信息和专业背景，在判断之后出于道义或责任感喊了句狼来了，结果最后来了个豺
EZ-o2333,2020年01月23日,0,0,0,//weibo.com/3544180560/IqQ1j27Ds?refer_flag=1001030103_,//@青青虫的微博:所以那八人讲SARS并没什么大错，按中科院定义这就是种“SARS相关冠状病毒”，和非典同种，叫新非典无甚问题，甚至更贴切简洁。而且，即使退一万步说，李文亮医生等根据自己得到的信息和专业背景，在判断之后，出于道义或责任感喊了句狼来了，结果最后来了个豺，也不应简单视为谣言。
