乐观葫芦瓜,2020年01月31日,0,0,0,//weibo.com/2829891737/Is5bbsOGQ?refer_flag=1001030103_,//@冈瓦纳:化验结果上写了Sars //@Mika_Cecalesis: //@三蝶纪 :白纸黑字真凭实据//@丁香园 :致敬！第一个揭开真相的李文亮医生！！
黑椒摩卡,2020年01月31日,11,0,0,//weibo.com/1112537800/Is5bazqHS?refer_flag=1001030103_,//@冈瓦纳:化验结果上写了Sars //@Mika_Cecalesis: //@三蝶纪 :白纸黑字真凭实据//@丁香园 :致敬！第一个揭开真相的李文亮医生！！
persephone0413,2020年01月31日,0,0,0,//weibo.com/2127729751/Is5b8v6xj?refer_flag=1001030103_,希望李医生和家人能早日康复！//@丁香园:致敬！第一个揭开真相的李文亮医生！！
2021年一定会一夜暴富的,2020年01月31日,0,0,0,//weibo.com/5591936982/Is5b8eqE1?refer_flag=1001030103_,//@LaSolaSola_索拉:民族脊梁//@管鑫Sam:这位就是在第一时间提醒医生群内的同事们小心病毒、被公安机关“训诫”、12日自己在一线被感染入院、那时还在纳闷为什么没有通报人传人、医护人员感染病例的，李文亮医生。（sorry定语写太长了）
我科两连冠,2020年01月31日,0,0,0,//weibo.com/1898614577/Is5b7BI6T?refer_flag=1001030103_,//@丁香园:致敬！第一个揭开真相的李文亮医生！！
教战守策,2020年01月31日,0,0,0,//weibo.com/5608684361/Is5b7CJsE?refer_flag=1001030103_,//@丁香园:致敬！第一个揭开真相的李文亮医生！！
IcathiaRain,2020年01月31日,0,0,0,//weibo.com/5960473981/Is5b72oHP?refer_flag=1001030103_,//@冈瓦纳: 化验结果上写了Sars //@Mika_Cecalesis: //@三蝶纪 :白纸黑字真凭实据//@丁香园 :致敬！第一个揭开真相的李文亮医生！！
阿丹只想做个小透明好好毕业,2020年01月31日,0,0,0,//weibo.com/3942193060/Is5b6aVht?refer_flag=1001030103_,//@丁香园:致敬！第一个揭开真相的李文亮医生！！
饭饭粒粒盐,2020年01月31日,0,0,0,//weibo.com/3989158253/Is5b5zdS2?refer_flag=1001030103_,致敬！//@丁香园:致敬！第一个揭开真相的李文亮医生！！
逆cp爱好者,2020年01月31日,0,0,0,//weibo.com/6138204526/Is5b5fAOn?refer_flag=1001030103_,//@管鑫Sam:这位就是在第一时间提醒医生群内的同事们小心病毒、被公安机关“训诫”、12日自己在一线被感染入院、那时还在纳闷为什么没有通报人传人、医护人员感染病例的，李文亮医生。（sorry定语写太长了）
四方坪杨五坨,2020年01月31日,1,0,0,//weibo.com/1763535864/Is5aJ6hTC?refer_flag=1001030103_,//@丁香园:致敬！第一个揭开真相的李文亮医生！！
稀饭和酒,2020年01月31日,0,0,0,//weibo.com/6293908222/Is5aGuidG?refer_flag=1001030103_,//@管鑫Sam:这位就是在第一时间提醒医生群内的同事们小心病毒、被公安机关“训诫”、12日自己在一线被感染入院、那时还在纳闷为什么没有通报人传人、医护人员感染病例的，李文亮医生。（sorry定语写太长了）
阿白白一米六一生黑,2020年01月31日,0,0,0,//weibo.com/1819776501/Is5aFAV9G?refer_flag=1001030103_,//@丁香园:致敬！第一个揭开真相的李文亮医生！！
把西瓜放进小溪里,2020年01月31日,0,0,0,//weibo.com/2955290642/Is5aE8dlO?refer_flag=1001030103_,//@丁香园:致敬！第一个揭开真相的李文亮医生！！
小白兔83838,2020年01月31日,0,0,0,//weibo.com/7306266321/Is5aClppP?refer_flag=1001030103_,//@百姓网视: 为你这个谣点赞！//@山东东营头条://@速报哥:李文亮医生蛮有骨气，他不认为自己是造谣，连传谣都不是，这是纯粹发自善意的提醒。@xiaolwl
啵鱼薯条,2020年01月31日,0,0,0,//weibo.com/5350082726/Is5az5JNj?refer_flag=1001030103_,//@丁香园:致敬！第一个揭开真相的李文亮医生！！
文懒人,2020年01月31日,0,0,0,//weibo.com/2250619161/Is5axzxc1?refer_flag=1001030103_,//@丁香园:致敬！第一个揭开真相的李文亮医生！！
深夜公园V,2020年01月31日,2,0,0,//weibo.com/1775903844/Is5awpzUG?refer_flag=1001030103_,//@丁香园:致敬！第一个揭开真相的李文亮医生！！
不列爹泥石流,2020年01月31日,0,0,0,//weibo.com/7311367801/Is5aszoTh?refer_flag=1001030103_,//@管鑫Sam:这位就是在第一时间提醒医生群内的同事们小心病毒、被公安机关“训诫”、12日自己在一线被感染入院、那时还在纳闷为什么没有通报人传人、医护人员感染病例的，李文亮医生。（sorry定语写太长了）
奔跑的狐狸姐1218,2020年01月31日,0,0,0,//weibo.com/1218003411/Is5agrQRu?refer_flag=1001030103_,//@丁香园:致敬！第一个揭开真相的李文亮医生！！
居居崽肚子里的蛔虫,2020年01月31日,0,0,0,//weibo.com/1888225024/Is5ae6lKZ?refer_flag=1001030103_,//@丁香园:致敬！第一个揭开真相的李文亮医生！！
HIMONSANT,2020年01月31日,0,3,0,//weibo.com/5817249038/Is5ae4LrS?refer_flag=1001030103_,我要看看未来会不会被穿小鞋//@管鑫Sam:这位就是在第一时间提醒医生群内的同事们小心病毒、被公安机关“训诫”、12日自己在一线被感染入院、那时还在纳闷为什么没有通报人传人、医护人员感染病例的，李文亮医生。（sorry定语写太长了）
腾力苏,2020年01月31日,0,0,0,//weibo.com/2404724563/Is5a7jFxY?refer_flag=1001030103_,从未来穿越过来也没办法拯救世界，祝健康//@软言靉:/@rwkkrwkk:祝李医生和家人都能早日康复！//@管鑫Sam:这位就是在第一时间提醒医生群内的同事们小心病毒、被公安机关“训诫”、12日自己在一线被感染入院、那时还在纳闷为什么没有通报人传人、医护人员感染病例的，李文亮医生。（sorry定语写太长了）
橘ayuu,2020年01月31日,0,0,0,//weibo.com/1903793533/Is5a66Z3J?refer_flag=1001030103_,//@丁香园:致敬！第一个揭开真相的李文亮医生！！
rua伊莱宝贝的鹰鹰,2020年01月31日,0,0,0,//weibo.com/5162594179/Is5a65Ntw?refer_flag=1001030103_,//@丁香园:致敬！第一个揭开真相的李文亮医生！！
我超好吃的_,2020年01月31日,0,0,0,//weibo.com/2250702623/Is5a5u79y?refer_flag=1001030103_,在一堆烂透的人和事里看到hsk事务所，韩红，李文亮，林生斌，高晓松，我觉得我们的生活还是会更好的万物皆有裂痕，那是光照进来的地方 ​
明晃晃西西,2020年01月31日,0,0,0,//weibo.com/5410498875/Is5a15UUs?refer_flag=1001030103_,//@丁香园:致敬！第一个揭开真相的李文亮医生！！
jouret,2020年01月31日,0,0,0,//weibo.com/2785881830/Is59Nvwf2?refer_flag=1001030103_,//@管鑫Sam:这位就是在第一时间提醒医生群内的同事们小心病毒、被公安机关“训诫”、12日自己在一线被感染入院、那时还在纳闷为什么没有通报人传人、医护人员感染病例的，李文亮医生。（sorry定语写太长了）
FM963,2020年01月31日,0,0,0,//weibo.com/1963863007/Is59MzoBk?refer_flag=1001030103_,【#对话武汉被训诫医生#：被大家理解很满足，想尽快回到一线】2019年12月30日，武汉市中心医院医生李文亮在同学群发布关于华南海鲜市场的疫情信息，警方以其发布不实言论对其训诫。1月12日李文亮因发烧、肺部感染住院，现属疑似病例。31日李文亮接受@梨视频 采访时说，当时是为提醒同学注意防护， ​  展开全文c
驯养一本shu,2020年01月31日,0,0,0,//weibo.com/5816959923/Is59KeQPq?refer_flag=1001030103_,//@丁香园:致敬！第一个揭开真相的李文亮医生！！
一位年老体弱的养生博主,2020年01月31日,0,0,0,//weibo.com/2795543502/Is59JCCOM?refer_flag=1001030103_,//@丁香园:致敬！第一个揭开真相的李文亮医生！！
夏日的番石榴,2020年01月31日,0,0,0,//weibo.com/2173426034/Is59Fwixz?refer_flag=1001030103_,还好有你们//@丁香园:致敬！第一个揭开真相的李文亮医生！！
RealSquidjim,2020年01月31日,0,0,0,//weibo.com/3586877515/Is59E4Uvg?refer_flag=1001030103_,//@我还叫PONY://@丁香园:致敬！第一个揭开真相的李文亮医生！！
BOBO芒果小姐,2020年01月31日,0,0,0,//weibo.com/2048613925/Is59E3zA4?refer_flag=1001030103_,//@丁香园:致敬！第一个揭开真相的李文亮医生！！
Dseasy_,2020年01月31日,0,0,0,//weibo.com/3606637662/Is59BDEWp?refer_flag=1001030103_,//@老兵李连明 :李文亮，武汉市中心医院眼科医生，传谣武汉暴发“非典”的8人之一，自己也是感染者之一，仍在隔离治疗中。现在看来，文亮是一位有良心和职业道德的医生，当时武汉市若能重视，积极采取防治措施，一个月后的今天也许是另一番景象。
indigient,2020年01月31日,0,0,0,//weibo.com/1770583877/Is59AeMhQ?refer_flag=1001030103_,//@管鑫Sam:这位就是在第一时间提醒医生群内的同事们小心病毒、被公安机关“训诫”、12日自己在一线被感染入院、那时还在纳闷为什么没有通报人传人、医护人员感染病例的，李文亮医生。（sorry定语写太长了）
土豆变的,2020年01月31日,0,1,0,//weibo.com/5288440874/Is59lo0ZM?refer_flag=1001030103_,//@丁香园:致敬！第一个揭开真相的李文亮医生！！
神奇小羊在这里OvO,2020年01月31日,1,0,0,//weibo.com/1869116805/Is59kx2OI?refer_flag=1001030103_,//@LaSolaSola_索拉:民族脊梁//@管鑫Sam:这位就是在第一时间提醒医生群内的同事们小心病毒、被公安机关“训诫”、12日自己在一线被感染入院、那时还在纳闷为什么没有通报人传人、医护人员感染病例的，李文亮医生。（sorry定语写太长了）
刚睡醒的鸡蛋卷,2020年01月31日,0,0,0,//weibo.com/5446809058/Is59jDe6L?refer_flag=1001030103_,//@丁香园:致敬！第一个揭开真相的李文亮医生！！
叶可以MK2,2020年01月31日,0,0,0,//weibo.com/2407584070/Is59i9DCQ?refer_flag=1001030103_,//@白衣小牛://@丁香园:致敬！第一个说真话的李文亮医生！！
___Flechazo,2020年01月31日,0,0,0,//weibo.com/6008878949/Is59e4pJW?refer_flag=1001030103_,//@丁香园:致敬！第一个揭开真相的李文亮医生！！
栗子mdmea,2020年01月31日,0,0,0,//weibo.com/3813257041/Is59ciH5R?refer_flag=1001030103_,我是第834位申请创建“【超话】李文亮”→ http://t.cn/A6PX4IVP 的粉丝，助力创建人数越多，开通几率越大！大家快来戳这里→ O网页链接 帮我加快创建速度吧~ ​
HC_Kwoki,2020年01月31日,0,0,0,//weibo.com/3217056885/Is59bmGAh?refer_flag=1001030103_,//@丁香园:致敬！第一个揭开真相的李文亮医生！！
大橘子泡泡楽,2020年01月31日,0,0,0,//weibo.com/5993393799/Is58YDlid?refer_flag=1001030103_,//@小马呐:早日康复//@丁香园:致敬！第一个揭开真相的李文亮医生！！
超级超级的玛丽,2020年01月31日,0,0,0,//weibo.com/2121608333/Is58Ue2zM?refer_flag=1001030103_,#武汉政府欠李文亮医生一个道歉#2019.1.3？日期都不对啊。后补的吧，李医生你没事吧？ ​
賁賁賁0510,2020年01月31日,0,0,0,//weibo.com/5977262182/Is58Tn4Mb?refer_flag=1001030103_,//@丁香园:致敬！第一个揭开真相的李文亮医生！！
橘大头是只喵,2020年01月31日,0,0,0,//weibo.com/6429674194/Is58MhayB?refer_flag=1001030103_,#李文亮# 李医生 祝好！
fishundersky,2020年01月31日,0,0,0,//weibo.com/5602020313/Is58MgfFS?refer_flag=1001030103_,//@丁香园:致敬！第一个揭开真相的李文亮医生！！
Todakki,2020年01月31日,0,0,0,//weibo.com/1837198574/Is58LFqRQ?refer_flag=1001030103_,//@丁香园:致敬！第一个揭开真相的李文亮医生！！
野狐蟾,2020年01月31日,3,0,0,//weibo.com/6691154786/Is58LFpCO?refer_flag=1001030103_,//@行我不素:天使//@理性的白痴:李文亮医生
守护神是苍鹰呀,2020年01月31日,0,0,0,//weibo.com/5233219907/Is58JB0Jc?refer_flag=1001030103_,//@丁香园:致敬！第一个揭开真相的李文亮医生！！
猫饼饼233,2020年01月31日,0,0,0,//weibo.com/1669982290/Is58GmFgX?refer_flag=1001030103_,早日康复//@三蝶纪 :白纸黑字真凭实据//@丁香园 :致敬！第一个揭开真相的李文亮医生！！
Lily-蘑菇酱要充电,2020年01月31日,0,0,0,//weibo.com/2955705087/Is58GlKfK?refer_flag=1001030103_,//@丁香园 :致敬！第一个揭开真相的李文亮医生！！
无锡财知道,2020年01月31日,1,0,0,//weibo.com/3047876510/Is58yEqZy?refer_flag=1001030103_,【#对话武汉传谣被训诫医生#，被大家理解很满足，想尽快回到一线】2019年12月30日，武汉市中心医院医生李文亮在同学群发布关于华南海鲜市场的疫情信息，警方以其发布不实言论对其训诫。1月12日李文亮因发烧、肺部感染住院，现属疑似病例。31日李文亮接受@梨视频 采访时说，当时是为提醒同学注意防护，没想到截图外传，康复后想尽快回到一线。L一手video的秒拍视频 
暮雨寒河,2020年01月31日,0,0,0,//weibo.com/6806464970/Is58y57cz?refer_flag=1001030103_,//@丁香园 :致敬！第一个揭开真相的李文亮医生！！
鱼凫-Lilian,2020年01月31日,0,0,0,//weibo.com/3199223251/Is58v8eJL?refer_flag=1001030103_,//@丁香园:致敬！第一个揭开真相的李文亮医生！！
让我换个名字哈哈哈,2020年01月31日,0,0,0,//weibo.com/3174190040/Is58uwAzR?refer_flag=1001030103_,//@丁香园:致敬！第一个揭开真相的李文亮医生！！
phiuphiu,2020年01月31日,0,0,0,//weibo.com/1648349615/Is58o3FVB?refer_flag=1001030103_,//@三蝶纪:白纸黑字真凭实据//@丁香园:致敬！第一个揭开真相的李文亮医生！！
李鸮0432,2020年01月31日,0,0,0,//weibo.com/5947111857/Is58o17qP?refer_flag=1001030103_,//@三蝶纪:白纸黑字真凭实据//@丁香园:致敬！第一个揭开真相的李文亮医生！！
少年K苏,2020年01月31日,0,0,0,//weibo.com/5064004876/Is58nsvhe?refer_flag=1001030103_,//@丁香园:致敬！第一个说真话的李文亮医生！！
超级超级的玛丽,2020年01月31日,0,3,0,//weibo.com/2121608333/Is58lnwRa?refer_flag=1001030103_,#武汉政府欠李文亮医生一个道歉#最后落的日期没有问题吗？2019.1.3？？？？？后补的？ ​
CRAZYFISH519,2020年01月31日,0,0,0,//weibo.com/2151485745/Is58lkXOx?refer_flag=1001030103_,//@CrazyAlex123://@管鑫Sam:这位就是在第一时间提醒医生群内的同事们小心病毒、被公安机关“训诫”、12日自己在一线被感染入院、那时还在纳闷为什么没有通报人传人、医护人员感染病例的，李文亮医生。（sorry定语写太长了）
瓶子里面有个蛋蛋,2020年01月31日,0,0,0,//weibo.com/5708841161/Is58a7xNW?refer_flag=1001030103_,//@丁香园:致敬！第一个揭开真相的李文亮医生！！
守住发际线最后的尊严,2020年01月31日,0,0,0,//weibo.com/3193112204/Is588mKrk?refer_flag=1001030103_,早日康复🙏🙏🙏//@丁香园:致敬！第一个揭开真相的李文亮医生！！
小马呐,2020年01月31日,8,0,0,//weibo.com/2803684262/Is587vzht?refer_flag=1001030103_,早日康复//@丁香园:致敬！第一个揭开真相的李文亮医生！！
pororo珍,2020年01月31日,14,0,0,//weibo.com/1783953615/Is587dPU5?refer_flag=1001030103_,//@丁香园:致敬！第一个揭开真相的李文亮医生！！
viewray,2020年01月31日,0,0,0,//weibo.com/6635405844/Is5859oxM?refer_flag=1001030103_,//@丁香园:致敬！第一个揭开真相的李文亮医生！！
switch61,2020年01月31日,0,0,0,//weibo.com/5255902687/Is584cSqw?refer_flag=1001030103_,191230，本来可以避免春运的//@丁香园:致敬！第一个揭开真相的李文亮医生！！
菲尼克S500,2020年01月31日,0,0,0,//weibo.com/1144718541/Is5834r6y?refer_flag=1001030103_,//@Ming_the_Great_大明://@东方历史评论://@enclavetj:财新专访：吹哨人李文亮（O新冠肺炎“吹哨人”李文亮：真相比平反更重要）
明天不吃饺子,2020年01月31日,0,0,0,//weibo.com/2771156281/Is580EmwT?refer_flag=1001030103_,//@丁香园:致敬！第一个揭开真相的李文亮医生！！
十六五九,2020年01月31日,0,0,0,//weibo.com/2661925405/Is57Li5Op?refer_flag=1001030103_,魔幻题材//@Blood旌旗://@填鸭式教育受害者://@管鑫Sam:这位就是在第一时间提醒医生群内的同事们小心病毒、被公安机关“训诫”、12日自己在一线被感染入院、那时还在纳闷为什么没有通报人传人、医护人员感染病例的，李文亮医生。（sorry定语写太长了）
拖男带女,2020年01月31日,0,0,0,//weibo.com/2829288984/Is57IEN8P?refer_flag=1001030103_,//@丁香园:致敬！第一个揭开真相的李文亮医生！！
湉湉夏日里的花花,2020年01月31日,0,0,0,//weibo.com/5310587165/Is57HtJCp?refer_flag=1001030103_,//@丁香园:致敬！第一个揭开真相的李文亮医生！！
呀呀呀胖酱,2020年01月31日,0,0,0,//weibo.com/1747089894/Is57HbCOA?refer_flag=1001030103_,//@丁香园:致敬！第一个揭开真相的李文亮医生！！
请回答阿比盖尔,2020年01月31日,0,0,0,//weibo.com/5921419487/Is57Ex3tx?refer_flag=1001030103_,这个时代，这个病态的社会，需要的就是这样勇敢的发声者，不是吗？//@丁香园:致敬！第一个揭开真相的李文亮医生！！
JuliusC8889,2020年01月31日,0,0,0,//weibo.com/6829215046/Is57DC9hg?refer_flag=1001030103_,我是第1021位申请创建“【超话】李文亮”→ http://t.cn/A6PX4IVP 的粉丝，助力创建人数越多，开通几率越大！大家快来戳这里→ O网页链接 帮我加快创建速度吧~ ​
蒂亚戈哥哥,2020年01月31日,0,0,0,//weibo.com/3916048314/Is57DAPri?refer_flag=1001030103_,//@丁香园 :致敬！第一个揭开真相的李文亮医生！！
默_Amare,2020年01月31日,0,0,0,//weibo.com/1808534507/Is57BhwK5?refer_flag=1001030103_,//@丁香园:致敬！第一个揭开真相的李文亮医生！！
to河南小蓉,2020年01月31日,0,2,0,//weibo.com/1835323057/Is57lkCET?refer_flag=1001030103_,早日康复//@丁香园:致敬！第一个揭开真相的李文亮医生！！
是追星星的眼盐呀,2020年01月31日,0,0,0,//weibo.com/1576088882/Is57ljqGy?refer_flag=1001030103_,//@丁香园:致敬！第一个揭开真相的李文亮医生！！
蓝鲸财经记者工作平台,2020年01月31日,59,43,0,//weibo.com/1885454921/Is57lhMSR?refer_flag=1001030103_,【鲸视频：#对话武汉传谣被训诫医生#，被大家理解很满足，想尽快回到一线】2019年12月30日，武汉市中心医院医生李文亮在同学群发布关于华南海鲜市场的疫情信息，警方以其发布不实言论对其训诫。1月12日李文亮因发烧、肺部感染住院，现属疑似病例。31日李文亮接受@梨视频 采访时说，当时是为提醒同学注 ​  展开全文c
帅到痔息,2020年01月31日,0,0,0,//weibo.com/6041741711/Is57kq5jO?refer_flag=1001030103_,揭露真相却被训诫，魔幻。//@丁香园:致敬！第一个揭开真相的李文亮医生！！
转运wa,2020年01月31日,0,0,0,//weibo.com/3717006473/Is57jf0t6?refer_flag=1001030103_,//@管鑫Sam :这位就是在第一时间提醒医生群内的同事们小心病毒、被公安机关“训诫”、12日自己在一线被感染入院、那时还在纳闷为什么没有通报人传人、医护人员感染病例的，李文亮医生。（sorry定语写太长了）
zll7401,2020年01月31日,0,0,0,//weibo.com/5465819495/Is57jhLVx?refer_flag=1001030103_,//@丁香园:致敬！第一个揭开真相的李文亮医生！！
风行指尖,2020年01月31日,0,0,0,//weibo.com/3977874894/Is57iCJyp?refer_flag=1001030103_,//@丁香园:致敬！第一个揭开真相的李文亮医生！！
小加呗Tiger,2020年01月31日,0,0,0,//weibo.com/1857936394/Is57j0756?refer_flag=1001030103_,致敬早日康复//@丁香园:致敬！第一个揭开真相的李文亮医生！！
用户7366167996,2020年01月31日,0,0,0,//weibo.com/7366167996/Is57gzXRf?refer_flag=1001030103_,为李文亮有医德的好医生转，祝你和家人早日康复。
晨风归北林,2020年01月31日,0,0,0,//weibo.com/5630737446/Is57f8UaL?refer_flag=1001030103_,//@丁香园:致敬！第一个揭开真相的李文亮医生！！
谢英元,2020年01月31日,0,0,0,//weibo.com/1697313911/Is57323qW?refer_flag=1001030103_,//@丁香园:致敬！第一个揭开真相的李文亮医生！！
闹闹乖石头,2020年01月31日,0,0,0,//weibo.com/1964226810/Is5728a7y?refer_flag=1001030103_,加油啊快快好起来！！//@老兵李连明:李文亮，武汉市中心医院眼科医生，传谣武汉暴发“非典”的8人之一，自己也是感染者之一，仍在隔离治疗中。现在看来，文亮是一位有良心和职业道德的医生，当时武汉市若能重视，积极采取防治措施，一个月后的今天也许是另一番景象。
2017年的微博名字,2020年01月31日,0,0,0,//weibo.com/5679438989/Is57286Ry?refer_flag=1001030103_,//@管鑫Sam:这位就是在第一时间提醒医生群内的同事们小心病毒、被公安机关“训诫”、12日自己在一线被感染入院、那时还在纳闷为什么没有通报人传人、医护人员感染病例的，李文亮医生。（sorry定语写太长了）
叫我阿肆就好啦,2020年01月31日,0,0,0,//weibo.com/2173107513/Is570EGTD?refer_flag=1001030103_,早日康复 李医生//@丁香园:致敬！第一个揭开真相的李文亮医生！！
南瓜超人,2020年01月31日,0,0,0,//weibo.com/1314870602/Is570Cgbb?refer_flag=1001030103_,//@三蝶纪:白纸黑字真凭实据//@丁香园:致敬！第一个揭开真相的李文亮医生！！
想每天睡都能懒觉,2020年01月31日,0,0,0,//weibo.com/6606892894/Is56ZtHlr?refer_flag=1001030103_,致敬！//@丁香园:致敬！第一个揭开真相的李文亮医生！！
不了不了w,2020年01月31日,0,0,0,//weibo.com/7046860688/Is56ZrYKo?refer_flag=1001030103_,//@丁香园:致敬！第一个揭开真相的李文亮医生！！
Albus网瘾少女,2020年01月31日,0,0,0,//weibo.com/6709990349/Is56YgeL2?refer_flag=1001030103_,八义士之一，值得一切赞美//@管鑫Sam :这位就是在第一时间提醒医生群内的同事们小心病毒、被公安机关“训诫”、12日自己在一线被感染入院、那时还在纳闷为什么没有通报人传人、医护人员感染病例的，李文亮医生。（sorry定语写太长了）
MmM20202020,2020年01月31日,0,0,0,//weibo.com/5210663877/Is56XDA9L?refer_flag=1001030103_,我是第1020位申请创建“【超话】李文亮”→ http://t.cn/A6PX4IVP 的粉丝，助力创建人数越多，开通几率越大！大家快来戳这里→ O网页链接 帮我加快创建速度吧~ ​
每日一则不婚新闻,2020年01月31日,0,0,0,//weibo.com/1796834073/Is56P8EV5?refer_flag=1001030103_,//@丁香园:致敬！第一个揭开真相的李文亮医生！！
嘘嘘嘘嘘睡觉,2020年01月31日,0,0,0,//weibo.com/1646596135/Is56Owc6F?refer_flag=1001030103_,//@丁香园:致敬！第一个揭开真相的李文亮医生！！
病仓临鹿,2020年01月31日,0,0,0,//weibo.com/2611256481/Is56NCRFx?refer_flag=1001030103_,//@LaSolaSola_索拉:民族脊梁//@管鑫Sam:这位就是在第一时间提醒医生群内的同事们小心病毒、被公安机关“训诫”、12日自己在一线被感染入院、那时还在纳闷为什么没有通报人传人、医护人员感染病例的，李文亮医生。（sorry定语写太长了）
失色之恕,2020年01月31日,0,0,0,//weibo.com/3324259050/Is56JsjAb?refer_flag=1001030103_,//@丁香园:致敬！第一个揭开真相的李文亮医生！！
oceanicisland,2020年01月31日,0,0,0,//weibo.com/6112600035/Is56IBCSq?refer_flag=1001030103_,//@丁香园:致敬！第一个揭开真相的李文亮医生！！
小呆子dudadu,2020年01月31日,0,0,0,//weibo.com/1404672695/Is56Gz5ZX?refer_flag=1001030103_,//@丁香园:致敬！第一个揭开真相的李文亮医生！！
网名生成器能不能救我,2020年01月31日,0,0,0,//weibo.com/6269393308/Is56DBhGm?refer_flag=1001030103_,//@三蝶纪:白纸黑字真凭实据//@丁香园:致敬！第一个揭开真相的李文亮医生！！
玎玎作响,2020年01月31日,0,0,0,//weibo.com/5993560307/Is56A2X7N?refer_flag=1001030103_,一场疾病照出了多少牛鬼蛇神，祝早日康复//@丁香园:致敬！第一个揭开真相的李文亮医生！！
第一安徽,2020年01月31日,1,8,0,//weibo.com/6077206011/Is56zre62?refer_flag=1001030103_,【#对话武汉传谣被训诫医生#：被大家理解很满足，想尽快回到一线】2019年12月30日，武汉市中心医院医生李文亮在同学群发布关于华南海鲜市场的疫情信息，警方以其发布不实言论对其训诫。1月12日李文亮因发烧、肺部感染住院，现属疑似病例。31日李文亮接受@梨视频 采访时说，当时是为提醒同学注意防 ​  展开全文c
天津政法,2020年01月31日,2,2,0,//weibo.com/5897816720/Is56n26nj?refer_flag=1001030103_,【#对话武汉传谣被训诫医生#：被大家理解很满足，想尽快回到一线】2019年12月30日，武汉市中心医院医生李文亮在同学群发布关于华南海鲜市场的疫情信息，警方以其发布不实言论对其训诫。1月12日李文亮因发烧、肺部感染住院，现属疑似病例。31日李文亮接受@梨视频 采访时说，当时是为提醒同学注意防护，没想到截图外传，康复后想尽快回到一线。#新型肺炎抗疫全记录#@一手Video L一手video的秒拍视频 
此花雲葉,2020年01月31日,0,0,0,//weibo.com/2630426000/Is56maItT?refer_flag=1001030103_,//@丁香园: 致敬！第一个揭开真相的李文亮医生！！
太阳的后姨,2020年01月31日,1,0,0,//weibo.com/1851230481/Is56lgsYS?refer_flag=1001030103_,//@丁香园:致敬！第一个揭开真相的李文亮医生！！
一忘经年,2020年01月31日,0,0,0,//weibo.com/2118404937/Is56iC1Ds?refer_flag=1001030103_,//@虎妈潘潘:我支持唐先生。这篇辩解文章，说武汉公安在一线奔波，还要被质疑，似乎寒了心。然而医生又何尝不寒心？一边在一线抗击病毒，一边背负“造谣”污名。李文亮看到最高法的文章第一反应就是“轻松了许多”。心疼。只能说，认错太难了！//@唐有讼:看到了，送八个字：此心光明，亦复何言。
飞跃办公室,2020年01月31日,0,0,0,//weibo.com/2418933042/Is56hq58M?refer_flag=1001030103_,//@丁香园:致敬！第一个揭开真相的李文亮医生！！
我好像是一个胖纸,2020年01月31日,0,0,0,//weibo.com/1917882531/Is56h7IVJ?refer_flag=1001030103_,希望医生早日恢复//@丁香园:致敬！第一个揭开真相的李文亮医生！！
小何的蛋挞,2020年01月31日,0,0,0,//weibo.com/5874051696/Is56fEoYq?refer_flag=1001030103_,//@丁香园:致敬！第一个揭开真相的李文亮医生！！
红配绿绿配紫不去屎,2020年01月31日,1,0,0,//weibo.com/1770070577/Is56743FV?refer_flag=1001030103_,//@丁香园 :致敬！第一个揭开真相的李文亮医生！！
丿大漠胡楊丶,2020年01月31日,0,0,0,//weibo.com/2526940652/Is564qSoa?refer_flag=1001030103_,//@王小山:定语长可以斜杠，李医生民族英雄。//@方出神://@管鑫Sam:这位就是在第一时间提醒医生群内的同事们小心病毒、被公安机关“训诫”、12日自己在一线被感染入院、那时还在纳闷为什么没有通报人传人、医护人员感染病例的，李文亮医生。（sorry定语写太长了）
青椒_香蕉,2020年01月31日,0,0,0,//weibo.com/1779026330/Is562CegA?refer_flag=1001030103_,//@丁香园:致敬！第一个揭开真相的李文亮医生！！
潮雨微晴,2020年01月31日,0,0,0,//weibo.com/2291014892/Is562nnh1?refer_flag=1001030103_,致敬//@丁香园:致敬！第一个揭开真相的李文亮医生！！
你看路灯刚好亮了,2020年01月31日,0,0,0,//weibo.com/1879116622/Is561t5kD?refer_flag=1001030103_,//@丁香园:致敬！第一个揭开真相的李文亮医生！！
如初爱夏1,2020年01月31日,0,0,0,//weibo.com/5539504447/Is5619v9d?refer_flag=1001030103_,//@虎妈潘潘:我支持唐先生。这篇辩解文章，说武汉公安在一线奔波，还要被质疑，似乎寒了心。然而医生又何尝不寒心？一边在一线抗击病毒，一边背负“造谣”污名。李文亮看到最高法的文章第一反应就是“轻松了许多”。心疼。只能说，认错太难了！//@唐有讼:看到了，送八个字：此心光明，亦复何言。
卤蛋脸要旅行,2020年01月31日,0,0,0,//weibo.com/1859077732/Is560jYn6?refer_flag=1001030103_,//@纽约购物达人://@管鑫Sam:这位就是在第一时间提醒医生群内的同事们小心病毒、被公安机关“训诫”、12日自己在一线被感染入院、那时还在纳闷为什么没有通报人传人、医护人员感染病例的，李文亮医生。（sorry定语写太长了）
苏咩咩,2020年01月31日,10,0,0,//weibo.com/1720538173/Is560g9In?refer_flag=1001030103_,致敬！！！！早日康复！//@丁香园:致敬！第一个揭开真相的李文亮医生！！
昵称不能用你的,2020年01月31日,0,0,0,//weibo.com/3637235952/Is55QxfAN?refer_flag=1001030103_,//@虎妈潘潘:我支持唐先生。这篇辩解文章，说武汉公安在一线奔波，还要被质疑，似乎寒了心。然而医生又何尝不寒心？一边在一线抗击病毒，一边背负“造谣”污名。李文亮看到最高法的文章第一反应就是“轻松了许多”。心疼。只能说，认错太难了！//@唐有讼:看到了，送八个字：此心光明，亦复何言。
爱生活爱咸鱼,2020年01月31日,0,0,0,//weibo.com/1674342220/Is55QfAnH?refer_flag=1001030103_,//@小饱将军炸号后://@丁香园:致敬！第一个揭开真相的李文亮医生！！
刻舟求见z,2020年01月31日,0,0,0,//weibo.com/2210994892/Is55PDRaz?refer_flag=1001030103_,想知道找李医生前训诫书的警察叔叔感染了吗//@丁香园:致敬！第一个揭开真相的李文亮医生！！
Jade炎曦,2020年01月31日,1,0,0,//weibo.com/1742650744/Is55PDO2F?refer_flag=1001030103_,看哭了//@丁香园:致敬！第一个揭开真相的李文亮医生！！
萌萌真的不萌耶,2020年01月31日,0,0,0,//weibo.com/5275235686/Is55N25BW?refer_flag=1001030103_,早日康复🙏//@丁香园:致敬！第一个揭开真相的李文亮医生！！
咸鱼不翻身__,2020年01月31日,0,0,0,//weibo.com/5664052439/Is55Mqm66?refer_flag=1001030103_,//@丁香园:致敬！第一个揭开真相的李文亮医生！！
木瓜猫次郎,2020年01月31日,0,0,0,//weibo.com/1911436902/Is55MmuA8?refer_flag=1001030103_,致敬李医生！//@丁香园:致敬！第一个揭开真相的李文亮医生！！
吾家红蛋崽,2020年01月31日,0,0,0,//weibo.com/5958256368/Is55wpy9X?refer_flag=1001030103_,@虎妈潘潘:我支持唐先生。这篇辩解文章，说武汉公安在一线奔波，还要被质疑，似乎寒了心。然而医生又何尝不寒心？一边在一线抗击病毒，一边背负“造谣”污名。李文亮看到最高法的文章第一反应就是“轻松了许多”。心疼。只能说，认错太难了！//@唐有讼:看到了，送八个字：此心光明，亦复何言。
喵姐要等等等11是后宫佳丽啊,2020年01月31日,0,0,0,//weibo.com/2681174084/Is55vhilx?refer_flag=1001030103_,//@三蝶纪:白纸黑字真凭实据//@丁香园:致敬！第一个揭开真相的李文亮医生！！
MAPK1,2020年01月31日,0,0,0,//weibo.com/2237246952/Is55vfECl?refer_flag=1001030103_,//@丁香园:致敬！第一个揭开真相的李文亮医生！！
v那一片宁静的海v,2020年01月31日,1,2,0,//weibo.com/5510922759/Is55tcRA0?refer_flag=1001030103_,武汉医生李文亮最早发现第一发布疫情 不管是不是 总之他是第一个发布 发给群里的同学也就是发给所有人的医生 可惜没人重视  还被公安局给训诫了… Lv那一片宁静的海v的微博视频 ​
_陆游弃,2020年01月31日,1,0,0,//weibo.com/5784679116/Is55r7XoD?refer_flag=1001030103_,//@丁香园:致敬！第一个揭开真相的李文亮医生！！
Strife_213,2020年01月31日,0,0,0,//weibo.com/1902014613/Is55p3y1F?refer_flag=1001030103_,//@丁香园:致敬！第一个揭开真相的李文亮医生！！
PeonyCherry14,2020年01月31日,0,0,0,//weibo.com/1844022817/Is55ninwB?refer_flag=1001030103_,希望你平安健康！🙏🙏🙏//@管鑫Sam:这位就是在第一时间提醒医生群内的同事们小心病毒、被公安机关“训诫”、12日自己在一线被感染入院、那时还在纳闷为什么没有通报人传人、医护人员感染病例的，李文亮医生。（sorry定语写太长了）
g和平使者守护者x,2020年01月31日,0,0,0,//weibo.com/1016755000/Is55j92tc?refer_flag=1001030103_,真正的勇士//@丁香园:致敬！第一个揭开真相的李文亮医生！！
雨霰与我,2020年01月31日,0,0,0,//weibo.com/5531187473/Is55ienY1?refer_flag=1001030103_,//@丁香园:致敬！第一个揭开真相的李文亮医生！！
孟巩,2020年01月31日,0,0,0,//weibo.com/1996011243/Is55hoUkB?refer_flag=1001030103_,//@丁香园:致敬！第一个揭开真相的李文亮医生！！
食粥心安吧,2020年01月31日,0,0,0,//weibo.com/3989334104/Is55gbf41?refer_flag=1001030103_,//@虎妈潘潘:我支持唐先生。这篇辩解文章，说武汉公安在一线奔波，还要被质疑，似乎寒了心。然而医生又何尝不寒心？一边在一线抗击病毒，一边背负“造谣”污名。李文亮看到最高法的文章第一反应就是“轻松了许多”。心疼。只能说，认错太难了！//@唐有讼:看到了，送八个字：此心光明，亦复何言。
吃甜的白日梦,2020年01月31日,0,0,0,//weibo.com/3225859821/Is55fCaJp?refer_flag=1001030103_,希望勇士早日康复//@丁香园:致敬！第一个揭开真相的李文亮医生！！
榴莲狂热信徒这下要被拖出去砍,2020年01月31日,0,0,0,//weibo.com/3826172481/Is55dwIxf?refer_flag=1001030103_,//@丁香园:致敬！第一个揭开真相的李文亮医生！！
繁花以期,2020年01月31日,0,0,0,//weibo.com/5293268878/Is55c3Xjj?refer_flag=1001030103_,//@管鑫Sam:这位就是在第一时间提醒医生群内的同事们小心病毒、被公安机关“训诫”、12日自己在一线被感染入院、那时还在纳闷为什么没有通报人传人、医护人员感染病例的，李文亮医生。（sorry定语写太长了）
psyche_ny,2020年01月31日,0,0,0,//weibo.com/2358570270/Is55brIgV?refer_flag=1001030103_,//@丁香园:致敬！第一个揭开真相的李文亮医生！！
超强去屑ZPT,2020年01月31日,0,0,0,//weibo.com/2062871101/Is5518jMv?refer_flag=1001030103_,//@三蝶纪:白纸黑字真凭实据//@丁香园:致敬！第一个揭开真相的李文亮医生！！
ZHX宅够了returntonormal2021,2020年01月31日,0,0,0,//weibo.com/1282472042/Is550g7hs?refer_flag=1001030103_,早日康复！//@三蝶纪:白纸黑字真凭实据//@丁香园:致敬！第一个揭开真相的李文亮医生！！
joyeoyong,2020年01月31日,0,0,0,//weibo.com/2534075640/Is54Ytm2I?refer_flag=1001030103_,//@丁香园:致敬！第一个揭开真相的李文亮医生！！
偏执-Delusion,2020年01月31日,0,0,0,//weibo.com/7309034423/Is54XA122?refer_flag=1001030103_,//@虎妈潘潘:我支持唐先生。这篇辩解文章，说武汉公安在一线奔波，还要被质疑，似乎寒了心。然而医生又何尝不寒心？一边在一线抗击病毒，一边背负“造谣”污名。李文亮看到最高法的文章第一反应就是“轻松了许多”。心疼。只能说，认错太难了！//@唐有讼:看到了，送八个字：此心光明，亦复何言。
andneywaaii,2020年01月31日,0,0,0,//weibo.com/6097964468/Is54XjoDt?refer_flag=1001030103_,👍//@丁香园 :致敬！第一个揭开真相的李文亮医生！！
吴同学janet,2020年01月31日,2,0,0,//weibo.com/1917770740/Is54Xjogn?refer_flag=1001030103_,//@杰顿顿:you will never walk alone//@丁香园:致敬！第一个揭开真相的李文亮医生！！
虾皮包子葫芦花,2020年01月31日,0,0,0,//weibo.com/1780920085/Is54VvnGi?refer_flag=1001030103_,//@三蝶纪:白纸黑字真凭实据//@丁香园:致敬！第一个揭开真相的李文亮医生！！
冬萤_,2020年01月31日,0,0,0,//weibo.com/2153937493/Is54U25IO?refer_flag=1001030103_,//@丁香园:致敬！第一个揭开真相的李文亮医生！！
Van_随时攒rp,2020年01月31日,0,0,0,//weibo.com/1789537611/Is54KAZId?refer_flag=1001030103_,一位会被写进历史的人//@丁香园:致敬！第一个揭开真相的李文亮医生！！
吉他--在流浪,2020年01月31日,0,0,0,//weibo.com/1894938491/Is54KfKt3?refer_flag=1001030103_,//@李海鹏: 感谢。//@面痴:这位24岁的医生🙏//@卓玛可以:真的猛士！//@cbvivi://@管鑫Sam：这位就是在第一时间提醒医生群内的同事们小心病毒、被公安机关“训诫”、12日自己在一线被感染入院、那时还在纳闷为什么没有通报人传人、医护人员感染病例的，李文亮医生。（sorry定语写太长了）
这是96呐,2020年01月31日,0,0,0,//weibo.com/5344543844/Is54K1Fhe?refer_flag=1001030103_,//@三蝶纪 :白纸黑字真凭实据//@丁香园 :致敬！第一个揭开真相的李文亮医生！！
好吃jtkszn,2020年01月31日,0,0,0,//weibo.com/2079133165/Is54JpXgk?refer_flag=1001030103_,//@丁香园:致敬！第一个揭开真相的李文亮医生！！
求助无敌的白金之星,2020年01月31日,0,0,0,//weibo.com/6519754277/Is54Hk1ai?refer_flag=1001030103_,//@管鑫Sam:这位就是在第一时间提醒医生群内的同事们小心病毒、被公安机关“训诫”、12日自己在一线被感染入院、那时还在纳闷为什么没有通报人传人、医护人员感染病例的，李文亮医生。（sorry定语写太长了）
三声几几,2020年01月31日,0,0,0,//weibo.com/6411513896/Is54HjyDg?refer_flag=1001030103_,//@丁香园:致敬！第一个揭开真相的李文亮医生！！
烏龍小十三,2020年01月31日,0,0,0,//weibo.com/1845194974/Is54H1Qa8?refer_flag=1001030103_,//@丁香园 :致敬！第一个揭开真相的李文亮医生！！
readjoy,2020年01月31日,0,0,0,//weibo.com/1713495364/Is54El9e7?refer_flag=1001030103_,//@唐穿导游森林鹿://@机吉斯卡: //@管鑫Sam:这位就是在第一时间提醒医生群内的同事们小心病毒、被公安机关“训诫”、12日自己在一线被感染入院、那时还在纳闷为什么没有通报人传人、医护人员感染病例的，李文亮医生。（sorry定语写太长了）
AQingsky,2020年01月31日,0,0,0,//weibo.com/1348363365/Is54w6y6Z?refer_flag=1001030103_,//@丁香园: 致敬！第一个揭开真相的李文亮医生！！
小溪小溪我是大鱼,2020年01月31日,0,0,0,//weibo.com/2652531443/Is54vcHma?refer_flag=1001030103_,//@丁香园:致敬！第一个揭开真相的李文亮医生！！
提着草莓去刺杀,2020年01月31日,0,0,0,//weibo.com/1668796733/Is54vb05k?refer_flag=1001030103_,//@丁香园:致敬！第一个揭开真相的李文亮医生！！
猫背甜饼,2020年01月31日,0,0,0,//weibo.com/5612941421/Is54u1EE0?refer_flag=1001030103_,//@三蝶纪:白纸黑字真凭实据//@丁香园:致敬！第一个揭开真相的李文亮医生！！
宝爷他娘,2020年01月31日,0,0,0,//weibo.com/1923723543/Is54u1DmH?refer_flag=1001030103_,致敬//@丁香园:致敬！第一个揭开真相的李文亮医生！！
章鱼哥的流水账,2020年01月31日,0,1,0,//weibo.com/3197464632/Is54tpYPn?refer_flag=1001030103_,//@丁香园:致敬！第一个揭开真相的李文亮医生！！
VocaloidMiku,2020年01月31日,0,0,0,//weibo.com/6092437899/Is54tpViV?refer_flag=1001030103_,//@丁香园:致敬！第一个揭开真相的李文亮医生！！
-高也-,2020年01月31日,1,0,0,//weibo.com/2843184600/Is54sgpuE?refer_flag=1001030103_,//@丁香园: 致敬！第一个揭开真相的李文亮医生！！
备忘录被我弄丢了我恨icloud,2020年01月31日,0,0,0,//weibo.com/1773221872/Is54sehpo?refer_flag=1001030103_,啊啊啊啊啊太魔幻了//@管鑫Sam:这位就是在第一时间提醒医生群内的同事们小心病毒、被公安机关“训诫”、12日自己在一线被感染入院、那时还在纳闷为什么没有通报人传人、医护人员感染病例的，李文亮医生。（sorry定语写太长了）
叮响叮铛,2020年01月31日,0,0,0,//weibo.com/1960941135/Is54rCC3m?refer_flag=1001030103_,//@小骗子汪老师:英雄//@理性的白痴:李文亮医生
猫妈妈321,2020年01月31日,0,0,0,//weibo.com/2268702781/Is54ieyKH?refer_flag=1001030103_,//@丁香园:致敬！第一个揭开真相的李文亮医生！！
Ad_x_,2020年01月31日,0,0,0,//weibo.com/5854308923/Is54hCNEC?refer_flag=1001030103_,//@虎妈潘潘:我支持唐先生。这篇辩解文章，说武汉公安在一线奔波，还要被质疑，似乎寒了心。然而医生又何尝不寒心？一边在一线抗击病毒，一边背负“造谣”污名。李文亮看到最高法的文章第一反应就是“轻松了许多”。心疼。只能说，认错太难了！//@唐有讼:看到了，送八个字：此心光明，亦复何言。
alixxee,2020年01月31日,0,0,0,//weibo.com/2383594814/Is54eCxIb?refer_flag=1001030103_,//@丁香园:致敬！第一个揭开真相的李文亮医生！！
金鱼姬小小姐,2020年01月31日,0,0,0,//weibo.com/6426181661/Is54e56Tm?refer_flag=1001030103_,//@丁香园:致敬！第一个揭开真相的李文亮医生！！
一颗牙齿君,2020年01月31日,0,0,0,//weibo.com/5933445488/Is54e53SK?refer_flag=1001030103_,//@丁香园:致敬！第一个揭开真相的李文亮医生！！
山城野辣椒,2020年01月31日,0,0,0,//weibo.com/5244289838/Is54dv4Ju?refer_flag=1001030103_,//@丁香园:致敬！第一个揭开真相的李文亮医生！！
我是陆小婧,2020年01月31日,0,0,0,//weibo.com/2922009955/Is54dtnia?refer_flag=1001030103_,//@丁香园:致敬！第一个揭开真相的李文亮医生！！
dontclosetome,2020年01月31日,0,0,0,//weibo.com/6984350687/Is54c2mGx?refer_flag=1001030103_,//@丁香园:致敬！第一个揭开真相的李文亮医生！！
小毛每天都没烦恼,2020年01月31日,0,0,0,//weibo.com/3818610778/Is543r1V1?refer_flag=1001030103_,早日恢复//@丁香园:致敬！第一个揭开真相的李文亮医生！！
SugarTigerCCL,2020年01月31日,0,0,0,//weibo.com/1834307481/Is542wo6Z?refer_flag=1001030103_,//@丁香园:致敬！第一个揭开真相的李文亮医生！！
_zhirlei,2020年01月31日,0,0,0,//weibo.com/6194904876/Is53Y6U4C?refer_flag=1001030103_,//@丁香园:致敬！第一个揭开真相的李文亮医生！！
VV想做回痴汉,2020年01月31日,0,0,0,//weibo.com/2543850452/Is53VcfI9?refer_flag=1001030103_,//@丁香园:致敬！第一个揭开真相的李文亮医生！！
H的幸运,2020年01月31日,0,0,0,//weibo.com/6394908066/Is53VbauS?refer_flag=1001030103_,//@Nakul中心动物园:🙏//@卿我独钟-宇宙野松松://@鲁一围 :祝平安一生🙏//@我们还会再相见吗 ://@来去之间 :#微博辟谣# 没有被吊销执照//@脚小命好 :李文亮医生
旧而狂想曲,2020年01月31日,0,0,0,//weibo.com/2661497971/Is53T476T?refer_flag=1001030103_,8勇士之一//@丁香园:致敬！第一个揭开真相的李文亮医生！！
熬乌嗷,2020年01月31日,0,0,0,//weibo.com/2503370320/Is53GESDg?refer_flag=1001030103_,//@三蝶纪:白纸黑字真凭实据//@丁香园:致敬！第一个揭开真相的李文亮医生！！
五K克,2020年01月31日,0,0,0,//weibo.com/1873359080/Is53GoroT?refer_flag=1001030103_,致敬！//@丁香园:致敬！第一个揭开真相的李文亮医生！！
派普斯,2020年01月31日,0,0,0,//weibo.com/2929946483/Is53Gnbut?refer_flag=1001030103_,//@三蝶纪:白纸黑字真凭实据//@丁香园:致敬！第一个揭开真相的李文亮医生！！
我们不懂这星辰只陪伴一个人,2020年01月31日,0,0,0,//weibo.com/5676422768/Is53G3WZA?refer_flag=1001030103_,//@管鑫Sam :这位就是在第一时间提醒医生群内的同事们小心病毒、被公安机关“训诫”、12日自己在一线被感染入院、那时还在纳闷为什么没有通报人传人、医护人员感染病例的，李文亮医生。（sorry定语写太长了）
陈不换,2020年01月31日,0,0,0,//weibo.com/5019069528/Is53Fes9h?refer_flag=1001030103_,👍//@丁香园:致敬！第一个揭开真相的李文亮医生！！
桔子橘子是橙子啊,2020年01月31日,0,0,0,//weibo.com/2161575470/Is53EjYpy?refer_flag=1001030103_,致敬！//@管鑫Sam:这位就是在第一时间提醒医生群内的同事们小心病毒、被公安机关“训诫”、12日自己在一线被感染入院、那时还在纳闷为什么没有通报人传人、医护人员感染病例的，李文亮医生。（sorry定语写太长了）
小许魏魏,2020年01月31日,0,0,0,//weibo.com/5888852564/Is53D7eEW?refer_flag=1001030103_,//@丁香园:致敬！第一个揭开真相的李文亮医生！！
love周思佳,2020年01月31日,0,0,0,//weibo.com/5510364621/Is53Bm9tE?refer_flag=1001030103_,//@丁香园:致敬！第一个揭开真相的李文亮医生！！
Deepinclouds,2020年01月31日,0,0,0,//weibo.com/3103205474/Is53mA6BY?refer_flag=1001030103_,//@丁香园:致敬！第一个揭开真相的李文亮医生！！
vingofang,2020年01月31日,0,0,0,//weibo.com/1147590701/Is53lFMTd?refer_flag=1001030103_,//@三蝶纪:白纸黑字真凭实据//@丁香园:致敬！第一个揭开真相的李文亮医生！！
木阳笑治,2020年01月31日,0,0,0,//weibo.com/6424450369/Is53i8IfX?refer_flag=1001030103_,//@丁香园:致敬！第一个揭开真相的李文亮医生！！
韦野猪,2020年01月31日,0,0,0,//weibo.com/5560195623/Is53gpcas?refer_flag=1001030103_,//@丁香园:致敬！第一个揭开真相的李文亮医生！！
三哇一登,2020年01月31日,0,0,0,//weibo.com/1945234824/Is53g66TZ?refer_flag=1001030103_,致敬//@丁香园:致敬！第一个说真话的李文亮医生！！
ChiChi_0904,2020年01月31日,0,0,0,//weibo.com/1855351783/Is532aslY?refer_flag=1001030103_,//@丁香园:致敬！第一个揭开真相的李文亮医生！！
吲哚fungi,2020年01月31日,0,0,0,//weibo.com/5927872412/Is531h6Ih?refer_flag=1001030103_,//@丁香园:致敬！第一个揭开真相的李文亮医生！！
Illuminator被LPC吊打致生无可恋,2020年01月31日,0,0,0,//weibo.com/1790002484/Is53095cp?refer_flag=1001030103_,//@丁香园:致敬！第一个揭开真相的李文亮医生！！
无言师太-,2020年01月31日,0,0,0,//weibo.com/1194590014/Is5307zSQ?refer_flag=1001030103_,//@丁香园:致敬！第一个揭开真相的李文亮医生！！
怪兽忙着发呆,2020年01月31日,0,0,0,//weibo.com/2921690404/Is52ZxLcK?refer_flag=1001030103_,//@丁香园:致敬！第一个揭开真相的李文亮医生！！
格格胖-,2020年01月31日,0,0,0,//weibo.com/5092732111/Is52YkooJ?refer_flag=1001030103_,//@丁香园:致敬！第一个揭开真相的李文亮医生！！
天涯同路聚,2020年01月31日,0,0,0,//weibo.com/6239998445/Is52OAhDt?refer_flag=1001030103_,//@百姓网视:花香香在花蕊里！真汉子！//@画家丽娟:真相比平反更重要！――李文亮
任大小姐--,2020年01月31日,0,0,0,//weibo.com/1760343292/Is52OiBvJ?refer_flag=1001030103_,早日康服，回到自己喜欢的岗位//@丁香园: 致敬！第一个揭开真相的李文亮医生！！
清和晨曦,2020年01月31日,0,0,0,//weibo.com/1949516841/Is52O2Lso?refer_flag=1001030103_,//@丁香园:致敬！第一个揭开真相的李文亮医生！！
polpol,2020年01月31日,0,0,0,//weibo.com/1640092541/Is52NpbTB?refer_flag=1001030103_,//@丁香园:致敬！第一个说真话的李文亮医生！！
生鲜萝卜皮,2020年01月31日,1,0,0,//weibo.com/1832126492/Is52Mg2b6?refer_flag=1001030103_,//@丁香园:致敬！第一个揭开真相的李文亮医生！！
莉莉丝L,2020年01月31日,12,0,0,//weibo.com/1484449822/Is52Lm6EJ?refer_flag=1001030103_,//@丁香园:致敬！第一个揭开真相的李文亮医生！！
让我拍拍你的小脑袋好么,2020年01月31日,0,0,0,//weibo.com/3565635232/Is52LkkIN?refer_flag=1001030103_,8勇士//@丁香园:致敬！第一个揭开真相的李文亮医生！！
乌拉拉城邦oublie,2020年01月31日,0,0,0,//weibo.com/5140926702/Is52I4RFB?refer_flag=1001030103_,//@丁香园:致敬！第一个揭开真相的李文亮医生！！
守护Lee的未来,2020年01月31日,0,0,0,//weibo.com/2940993752/Is52zwZa5?refer_flag=1001030103_,//@Chris_Evelyn://@网一://@思湘://@谁知盘中粽://@粽粽黄://@管鑫Sam:这位就是在第一时间提醒医生群内的同事们小心病毒、被公安机关“训诫”、12日自己在一线被感染入院、那时还在纳闷为什么没有通报人传人、医护人员感染病例的，李文亮医生。（sorry定语写太长了）
勤快须菩提,2020年01月31日,0,0,0,//weibo.com/2052400315/Is52ze2Bc?refer_flag=1001030103_,//@丁香园:致敬！第一个揭开真相的李文亮医生！！
寻梦的爬行者,2020年01月31日,0,0,0,//weibo.com/1842706741/Is52yDBD5?refer_flag=1001030103_,//@丁香园:致敬！第一个揭开真相的李文亮医生！！
手持蛇杖的猫咪,2020年01月31日,0,0,0,//weibo.com/2778543854/Is52wyZ9K?refer_flag=1001030103_,致敬//@丁香园:致敬！第一个揭开真相的李文亮医生！！
TomCool叫兽,2020年01月31日,0,0,0,//weibo.com/2064385044/Is52tBd5Z?refer_flag=1001030103_,致敬 //@丁香园:致敬！第一个说真话的李文亮医生！！
刺猬爱喝港式冻奶茶,2020年01月31日,0,0,0,//weibo.com/5464639626/Is52tj1tV?refer_flag=1001030103_,//@丁香园:致敬！第一个揭开真相的李文亮医生！！
十八春有理想,2020年01月31日,0,0,0,//weibo.com/5803245220/Is52sbtL9?refer_flag=1001030103_,//@丁香园:致敬！第一个揭开真相的李文亮医生！！
左嘉欣lmxl,2020年01月31日,0,0,0,//weibo.com/5666371648/Is52fq9vG?refer_flag=1001030103_,//@丁香园:致敬！第一个揭开真相的李文亮医生！！
郑莹V,2020年01月31日,0,0,0,//weibo.com/1768506655/Is52cujkW?refer_flag=1001030103_,//@丁香园:致敬！第一个说真话的李文亮医生！！
潜在富婆林某,2020年01月31日,0,0,0,//weibo.com/1805237334/Is52cuhBa?refer_flag=1001030103_,祝早日康复//@丁香园:致敬！第一个揭开真相的李文亮医生！！
宁雨祥-,2020年01月31日,0,0,0,//weibo.com/2403398924/Is52cdhRM?refer_flag=1001030103_,//@丁香园:致敬！第一个揭开真相的李文亮医生！！
33_kim,2020年01月31日,0,0,0,//weibo.com/1506154743/Is52b1zqH?refer_flag=1001030103_,//@丁香园:致敬！第一个揭开真相的李文亮医生！！
林新公子,2020年01月31日,1,0,0,//weibo.com/5465811497/Is52a8bMv?refer_flag=1001030103_,//@丁香园:致敬！第一个揭开真相的李文亮医生！！
我改几次名了来着,2020年01月31日,0,0,0,//weibo.com/6897642597/Is528D7h8?refer_flag=1001030103_,//@丁香园:致敬！第一个揭开真相的李文亮医生！！
