呆萌省钱菌,2020年01月05日,0,1,0,//weibo.com/5330252076/Io827zYVK?refer_flag=1001030103_,#年货节、今晚0点开抢#——前10000件买25ml享40ml油皮都给我买它【159】sofina苏菲娜 隔离霜妆前乳 买就送同歀隔离5ml*2，前一小时加送5ml！苏菲娜の隔离真的是油皮亲妈！！油皮都给我买它质地水润，不油腻，流动性也很强，油性肤质的姐妹真的要入手这个 打底一下你会发现补妆次数都少很多了 
猫猫的找卷日常,2020年01月05日,0,0,0,//weibo.com/6233328871/Io827zZhI?refer_flag=1001030103_,#年货节、今晚0点开抢#——前10000件买25ml享40ml油皮都给我买它【159】sofina苏菲娜 隔离霜妆前乳 买就送同歀隔离5ml*2，前一小时加送5ml！苏菲娜の隔离真的是油皮亲妈！！油皮都给我买它质地水润，不油腻，流动性也很强，油性肤质的姐妹真的要入手这个 打底一下你会发现补妆次数都少很多了 
唯美心灵心语录,2020年01月05日,0,1,0,//weibo.com/2823624640/Io8270DcS?refer_flag=1001030103_,#年货节、今晚0点开抢#——前10000件买25ml享40ml油皮都给我买它【159】sofina苏菲娜 隔离霜妆前乳 买就送同歀隔离5ml*2，前一小时加送5ml！苏菲娜の隔离真的是油皮亲妈！！油皮都给我买它质地水润，不油腻，流动性也很强，油性肤质的姐妹真的要入手这个 打底一下你会发现补妆次数都少很多了 
齐鲁小苗,2020年01月05日,0,0,0,//weibo.com/1566934894/Io8269UJx?refer_flag=1001030103_,武汉市卫健委权威发布：目前，武汉市在国家和湖北省的支持下，已经采取以下主要防控措施：一是全力救治患者。二是对所有病例均开展隔离治疗。三是继续在全市医疗机构开展相关病例搜索和回顾性调查。四是认真开展密切接触者追踪，对已经追踪到的密切接触者按规定落实医学观察，目前没有发现发热等异常症状。五是对华南海鲜城采取休市措施，并开展环境卫生处置和进一步的卫生学调查。六是积极开展流行病学调查。七是配合国家和省开展病原鉴定（包括核酸检测和病毒分离培养）和病因溯源，防控工作正有序进行。目前看，患病人数有增加趋势，变得比前几天更严峻！ 
唯美情话记忆,2020年01月05日,0,1,0,//weibo.com/2782407090/Io824Dico?refer_flag=1001030103_,#年货节、今晚0点开抢#——前10000件买25ml享40ml油皮都给我买它【159】sofina苏菲娜 隔离霜妆前乳 买就送同歀隔离5ml*2，前一小时加送5ml！苏菲娜の隔离真的是油皮亲妈！！油皮都给我买它质地水润，不油腻，流动性也很强，油性肤质的姐妹真的要入手这个 打底一下你会发现补妆次数都少很多了 
搜券记录本,2020年01月05日,0,1,0,//weibo.com/6233327343/Io8245xmY?refer_flag=1001030103_,#年货节、今晚0点开抢#——前10000件买25ml享40ml油皮都给我买它【159】sofina苏菲娜 隔离霜妆前乳 买就送同歀隔离5ml*2，前一小时加送5ml！苏菲娜の隔离真的是油皮亲妈！！油皮都给我买它质地水润，不油腻，流动性也很强，油性肤质的姐妹真的要入手这个 打底一下你会发现补妆次数都少很多了 
找券小表妹,2020年01月05日,0,1,0,//weibo.com/6232780349/Io8243ZrK?refer_flag=1001030103_,#年货节、今晚0点开抢#——前10000件买25ml享40ml油皮都给我买它【159】sofina苏菲娜 隔离霜妆前乳 买就送同歀隔离5ml*2，前一小时加送5ml！苏菲娜の隔离真的是油皮亲妈！！油皮都给我买它质地水润，不油腻，流动性也很强，油性肤质的姐妹真的要入手这个 打底一下你会发现补妆次数都少很多了 
剁手先锋,2020年01月05日,0,1,0,//weibo.com/6196951263/Io822xKHB?refer_flag=1001030103_,#年货节、今晚0点开抢#——前10000件买25ml享40ml油皮都给我买它【159】sofina苏菲娜 隔离霜妆前乳 买就送同歀隔离5ml*2，前一小时加送5ml！苏菲娜の隔离真的是油皮亲妈！！油皮都给我买它质地水润，不油腻，流动性也很强，油性肤质的姐妹真的要入手这个 打底一下你会发现补妆次数都少很多了 
送券直播菌,2020年01月05日,0,1,0,//weibo.com/5391217366/Io822g6L1?refer_flag=1001030103_,#年货节、今晚0点开抢#——前10000件买25ml享40ml油皮都给我买它【159】sofina苏菲娜 隔离霜妆前乳 买就送同歀隔离5ml*2，前一小时加送5ml！苏菲娜の隔离真的是油皮亲妈！！油皮都给我买它质地水润，不油腻，流动性也很强，油性肤质的姐妹真的要入手这个 打底一下你会发现补妆次数都少很多了 
一起邂逅我们的爱情吧1986,2020年01月05日,0,1,0,//weibo.com/2796163481/Io821Fy84?refer_flag=1001030103_,[噢耶]#年货节、今晚0点开抢#——前10000件买25ml享40ml油皮都给我买它【159】sofina苏菲娜 隔离霜妆前乳 买就送同歀隔离5ml*2，前一小时加送5ml！苏菲娜の隔离真的是油皮亲妈！！油皮都给我买它质地水润，不油腻，流动性也很强，油性肤质的姐妹真的要入手这个 打底一下你会发现补妆次数都少很多了 
这片菜地我包了,2020年01月05日,0,1,0,//weibo.com/6196878416/Io8218QAD?refer_flag=1001030103_,#年货节、今晚0点开抢#——前10000件买25ml享40ml油皮都给我买它【159】sofina苏菲娜 隔离霜妆前乳 买就送同歀隔离5ml*2，前一小时加送5ml！苏菲娜の隔离真的是油皮亲妈！！油皮都给我买它质地水润，不油腻，流动性也很强，油性肤质的姐妹真的要入手这个 打底一下你会发现补妆次数都少很多了 
券券乐园,2020年01月05日,0,1,0,//weibo.com/5391456139/Io82153xb?refer_flag=1001030103_,#年货节、今晚0点开抢#——前10000件买25ml享40ml油皮都给我买它【159】sofina苏菲娜 隔离霜妆前乳 买就送同歀隔离5ml*2，前一小时加送5ml！苏菲娜の隔离真的是油皮亲妈！！油皮都给我买它质地水润，不油腻，流动性也很强，油性肤质的姐妹真的要入手这个 打底一下你会发现补妆次数都少很多了 
触动心灵的台词签名,2020年01月05日,0,0,0,//weibo.com/3289656392/Io820tlNF?refer_flag=1001030103_,#年货节、今晚0点开抢#——前10000件买25ml享40ml油皮都给我买它【159】sofina苏菲娜 隔离霜妆前乳 买就送同歀隔离5ml*2，前一小时加送5ml！苏菲娜の隔离真的是油皮亲妈！！油皮都给我买它质地水润，不油腻，流动性也很强，油性肤质的姐妹真的要入手这个 打底一下你会发现补妆次数都少很多了芐：O网页链接 
好一片白菜地,2020年01月05日,0,1,0,//weibo.com/6202766470/Io81Z2SZF?refer_flag=1001030103_,#年货节、今晚0点开抢#——前10000件买25ml享40ml油皮都给我买它【159】sofina苏菲娜 隔离霜妆前乳 买就送同歀隔离5ml*2，前一小时加送5ml！苏菲娜の隔离真的是油皮亲妈！！油皮都给我买它质地水润，不油腻，流动性也很强，油性肤质的姐妹真的要入手这个 打底一下你会发现补妆次数都少很多了 
白菜送一波,2020年01月05日,0,1,0,//weibo.com/6196702857/Io81Z2Vk5?refer_flag=1001030103_,#年货节、今晚0点开抢#——前10000件买25ml享40ml油皮都给我买它【159】sofina苏菲娜 隔离霜妆前乳 买就送同歀隔离5ml*2，前一小时加送5ml！苏菲娜の隔离真的是油皮亲妈！！油皮都给我买它质地水润，不油腻，流动性也很强，油性肤质的姐妹真的要入手这个 打底一下你会发现补妆次数都少很多了 
情感乙,2020年01月05日,0,1,0,//weibo.com/6060491996/Io81YrbZE?refer_flag=1001030103_,#年货节、今晚0点开抢#——前10000件买25ml享40ml油皮都给我买它【159】sofina苏菲娜 隔离霜妆前乳 买就送同歀隔离5ml*2，前一小时加送5ml！苏菲娜の隔离真的是油皮亲妈！！油皮都给我买它质地水润，不油腻，流动性也很强，油性肤质的姐妹真的要入手这个 打底一下你会发现补妆次数都少很多了 
爱恨随意,2020年01月05日,0,1,0,//weibo.com/3289618662/Io81Y9wbe?refer_flag=1001030103_,#年货节、今晚0点开抢#——前10000件买25ml享40ml油皮都给我买它【159】sofina苏菲娜 隔离霜妆前乳 买就送同歀隔离5ml*2，前一小时加送5ml！苏菲娜の隔离真的是油皮亲妈！！油皮都给我买它质地水润，不油腻，流动性也很强，油性肤质的姐妹真的要入手这个 打底一下你会发现补妆次数都少很多了 
小新囤白菜,2020年01月05日,0,1,0,//weibo.com/6232768176/Io81XwJ9T?refer_flag=1001030103_,#年货节、今晚0点开抢#——前10000件买25ml享40ml油皮都给我买它【159】sofina苏菲娜 隔离霜妆前乳 买就送同歀隔离5ml*2，前一小时加送5ml！苏菲娜の隔离真的是油皮亲妈！！油皮都给我买它质地水润，不油腻，流动性也很强，油性肤质的姐妹真的要入手这个 打底一下你会发现补妆次数都少很多了 
找券007,2020年01月05日,0,1,0,//weibo.com/5325678586/Io81WDlvQ?refer_flag=1001030103_,#年货节、今晚0点开抢#——前10000件买25ml享40ml油皮都给我买它【159】sofina苏菲娜 隔离霜妆前乳 买就送同歀隔离5ml*2，前一小时加送5ml！苏菲娜の隔离真的是油皮亲妈！！油皮都给我买它质地水润，不油腻，流动性也很强，油性肤质的姐妹真的要入手这个 打底一下你会发现补妆次数都少很多了 
黄包乐黄,2020年01月05日,0,1,0,//weibo.com/5893312297/Io81W58z4?refer_flag=1001030103_,#年货节、今晚0点开抢#——前10000件买25ml享40ml油皮都给我买它【159】sofina苏菲娜 隔离霜妆前乳 买就送同歀隔离5ml*2，前一小时加送5ml！苏菲娜の隔离真的是油皮亲妈！！油皮都给我买它质地水润，不油腻，流动性也很强，油性肤质的姐妹真的要入手这个 打底一下你会发现补妆次数都少很多了 
无尽的菜,2020年01月05日,0,1,0,//weibo.com/6202774820/Io81W401N?refer_flag=1001030103_,#年货节、今晚0点开抢#——前10000件买25ml享40ml油皮都给我买它【159】sofina苏菲娜 隔离霜妆前乳 买就送同歀隔离5ml*2，前一小时加送5ml！苏菲娜の隔离真的是油皮亲妈！！油皮都给我买它质地水润，不油腻，流动性也很强，油性肤质的姐妹真的要入手这个 打底一下你会发现补妆次数都少很多了 
搜券小公举,2020年01月05日,0,1,0,//weibo.com/6232714523/Io81UiqRH?refer_flag=1001030103_,#年货节、今晚0点开抢#——前10000件买25ml享40ml油皮都给我买它【159】sofina苏菲娜 隔离霜妆前乳 买就送同歀隔离5ml*2，前一小时加送5ml！苏菲娜の隔离真的是油皮亲妈！！油皮都给我买它质地水润，不油腻，流动性也很强，油性肤质的姐妹真的要入手这个 打底一下你会发现补妆次数都少很多了 
一句_心语录,2020年01月05日,0,1,0,//weibo.com/2782364924/Io81UhflG?refer_flag=1001030103_,#年货节、今晚0点开抢#——前10000件买25ml享40ml油皮都给我买它【159】sofina苏菲娜 隔离霜妆前乳 买就送同歀隔离5ml*2，前一小时加送5ml！苏菲娜の隔离真的是油皮亲妈！！油皮都给我买它质地水润，不油腻，流动性也很强，油性肤质的姐妹真的要入手这个 打底一下你会发现补妆次数都少很多了 
爱情的那点儿事,2020年01月05日,0,0,0,//weibo.com/2795234837/Io81U0JPI?refer_flag=1001030103_,#年货节、今晚0点开抢#——前10000件买25ml享40ml油皮都给我买它【159】sofina苏菲娜 隔离霜妆前乳 买就送同歀隔离5ml*2，前一小时加送5ml！苏菲娜の隔离真的是油皮亲妈！！油皮都给我买它质地水润，不油腻，流动性也很强，油性肤质的姐妹真的要入手这个 打底一下你会发现补妆次数都少很多了芐：O网页链接 
盲挖白菜,2020年01月05日,0,1,0,//weibo.com/6202769707/Io81TrLbJ?refer_flag=1001030103_,#年货节、今晚0点开抢#——前10000件买25ml享40ml油皮都给我买它【159】sofina苏菲娜 隔离霜妆前乳 买就送同歀隔离5ml*2，前一小时加送5ml！苏菲娜の隔离真的是油皮亲妈！！油皮都给我买它质地水润，不油腻，流动性也很强，油性肤质的姐妹真的要入手这个 打底一下你会发现补妆次数都少很多了 
菜地主人,2020年01月05日,0,1,0,//weibo.com/6196940961/Io81TnRmI?refer_flag=1001030103_,#年货节、今晚0点开抢#——前10000件买25ml享40ml油皮都给我买它【159】sofina苏菲娜 隔离霜妆前乳 买就送同歀隔离5ml*2，前一小时加送5ml！苏菲娜の隔离真的是油皮亲妈！！油皮都给我买它质地水润，不油腻，流动性也很强，油性肤质的姐妹真的要入手这个 打底一下你会发现补妆次数都少很多了 
一券超人,2020年01月05日,0,1,0,//weibo.com/6201093218/Io81Rnkzp?refer_flag=1001030103_,#年货节、今晚0点开抢#——前10000件买25ml享40ml油皮都给我买它【159】sofina苏菲娜 隔离霜妆前乳 买就送同歀隔离5ml*2，前一小时加送5ml！苏菲娜の隔离真的是油皮亲妈！！油皮都给我买它质地水润，不油腻，流动性也很强，油性肤质的姐妹真的要入手这个 打底一下你会发现补妆次数都少很多了 
剁手王小二,2020年01月05日,0,1,0,//weibo.com/6232711407/Io81Rkymt?refer_flag=1001030103_,#年货节、今晚0点开抢#——前10000件买25ml享40ml油皮都给我买它【159】sofina苏菲娜 隔离霜妆前乳 买就送同歀隔离5ml*2，前一小时加送5ml！苏菲娜の隔离真的是油皮亲妈！！油皮都给我买它质地水润，不油腻，流动性也很强，油性肤质的姐妹真的要入手这个 打底一下你会发现补妆次数都少很多了 
心情心灵心语,2020年01月05日,0,1,0,//weibo.com/2795275473/Io81RmRHY?refer_flag=1001030103_,#年货节、今晚0点开抢#——前10000件买25ml享40ml油皮都给我买它【159】sofina苏菲娜 隔离霜妆前乳 买就送同歀隔离5ml*2，前一小时加送5ml！苏菲娜の隔离真的是油皮亲妈！！油皮都给我买它质地水润，不油腻，流动性也很强，油性肤质的姐妹真的要入手这个 打底一下你会发现补妆次数都少很多了 
惠享杂货铺,2020年01月05日,0,1,0,//weibo.com/5325376223/Io81RkyI4?refer_flag=1001030103_,#年货节、今晚0点开抢#——前10000件买25ml享40ml油皮都给我买它【159】sofina苏菲娜 隔离霜妆前乳 买就送同歀隔离5ml*2，前一小时加送5ml！苏菲娜の隔离真的是油皮亲妈！！油皮都给我买它质地水润，不油腻，流动性也很强，油性肤质的姐妹真的要入手这个 打底一下你会发现补妆次数都少很多了 
种草达人yo,2020年01月05日,9,1,0,//weibo.com/6489119368/Io81sfN56?refer_flag=1001030103_,美菱 电热水龙头 【69起】  可360°旋转，冷热两用，水电隔离超安全~份塑料盒不锈钢的，冬天没个热水洗手、洗脸真是冻skr人了！！ ​
剁手街,2020年01月05日,0,0,0,//weibo.com/2712731711/Io81r2Y7T?refer_flag=1001030103_,【39.90】芭黎元素颜霜V7懒美肌面霜欧莱雅AHC遮瑕隔离WIS美白麦吉丽【100元券】微博专享限时领券 ​
省钱大叔,2020年01月05日,0,4,0,//weibo.com/5922754405/Io81o52F4?refer_flag=1001030103_,今晚0点——第二件八折 ZA姬芮 隔离防晒霜    53这个反馈真的无敌好！是集合隔离防晒于一体的✨SPF26PA++这款女神pony和Kevin老师都安利过 ！非常适合学生党，平价好用，质地很水润流动性强，比较推开 ，乳白色的质地，不化妆的可以提亮肤色 ​​​​ ​
持家小喵,2020年01月05日,0,2,0,//weibo.com/5922755296/Io81o51wZ?refer_flag=1001030103_,今晚0点——第二件八折 ZA姬芮 隔离防晒霜    53这个反馈真的无敌好！是集合隔离防晒于一体的✨SPF26PA++这款女神pony和Kevin老师都安利过 ！非常适合学生党，平价好用，质地很水润流动性强，比较推开 ，乳白色的质地，不化妆的可以提亮肤色 ​​​​ ​
