Shinnmu神無,2020年01月20日,0,0,0,//weibo.com/1837074141/IqptI9mUy?refer_flag=1001030103_,转发微博
金花圣母娘娘,2020年01月20日,0,0,0,//weibo.com/5894166570/IqptI9lm3?refer_flag=1001030103_,转发微博
想把超甜的你吃掉,2020年01月20日,0,0,0,//weibo.com/5249969734/IqptI85H3?refer_flag=1001030103_,转发微博
Eileen--Ailin,2020年01月20日,0,0,0,//weibo.com/5259011602/IqptHwhjs?refer_flag=1001030103_,转发微博
十年_归期,2020年01月20日,0,0,0,//weibo.com/3831720404/IqptHwht6?refer_flag=1001030103_,都要平平安安//@福多多剧有福:国士 //@胖丁今年两岁啦-:钟南山院士84岁了……现在赶赴武汉
抗糖化,2020年01月20日,0,0,0,//weibo.com/1806979910/IqptHwhOY?refer_flag=1001030103_,//@小许的朋友:钟南山访问要点： 1、确认可以人传人，基于武汉和广东案例。 2、有医务人员被传染。 3、源头目前不清楚，但可能是竹鼠、獾这种野生动物（尽量别去碰野味）。 4、如无必要，近期不要去武汉。 5、有发热及时就医。 6、买不到N95，普通口罩也可以起到阻止飞沫传播的作用（该戴口罩戴口罩）
吧啦妮爱学习,2020年01月20日,0,0,0,//weibo.com/5536903158/IqptHwhVr?refer_flag=1001030103_,转发微博
五月之戀二零零五,2020年01月20日,0,0,0,//weibo.com/2348943117/IqptHwj34?refer_flag=1001030103_,敬佩 平安！
旺旺鸡蛋仔,2020年01月20日,0,0,0,//weibo.com/5337169839/IqptHwn85?refer_flag=1001030103_,出大事了希望能平安无事🙏
醉清风居住的街道,2020年01月20日,0,0,0,//weibo.com/1739516981/IqptHyDfv?refer_flag=1001030103_,转发微博
sanda爱丽丝,2020年01月20日,0,0,0,//weibo.com/6039032766/IqptHyEZR?refer_flag=1001030103_,转发微博
Victoria钰,2020年01月20日,0,0,0,//weibo.com/2242591250/IqptHyFKC?refer_flag=1001030103_,转发微博
冬冬沫沫_,2020年01月20日,0,0,0,//weibo.com/5521478487/IqptHfMW5?refer_flag=1001030103_,大家口罩安排起来
以观其妙同出而异名,2020年01月20日,0,0,0,//weibo.com/2768249407/IqptHeANC?refer_flag=1001030103_,转发微博
新浪广东河源,2020年01月20日,0,0,0,//weibo.com/7366464225/IqptHeCfy?refer_flag=1001030103_,#钟南山表示不一定非戴N95口罩#一般外科口罩也可以起到阻止飞沫传播的作用//@新浪广东河源:钟南山：#新型冠状病毒传染性比SARS弱#//@新浪广东河源:钟南山：#新型冠状病毒肺炎很可能来自野味#
爱你依旧0119,2020年01月20日,0,0,0,//weibo.com/3219550830/IqptHeCjP?refer_flag=1001030103_,转发微博
身体健康的浅浅,2020年01月20日,0,0,0,//weibo.com/3210124273/IqptHeDbP?refer_flag=1001030103_,大家做好防护工作吧。。。感谢医生，请不要再伤害医生了。。。。
-初雪荔枝瑞纳冰,2020年01月20日,0,0,0,//weibo.com/2201402884/IqptGCUCn?refer_flag=1001030103_,//@Cjeo零叁://@香菜宣传相册:哎西//@Kpop现场版:转发微博
我是一个刺猬女孩,2020年01月20日,0,0,0,//weibo.com/3943168070/IqptGE65s?refer_flag=1001030103_,//@芒果宓:感动//@夏目家的小诗哥:愿平安！//@好累啊停下休息一会吧://@疯人院小王子://@瓶仄相邪:🙏//@KimTooL:平安🙏🏻//@脆皮鸭文学研究人员://@DAEEEEEEE:平安//@橄榄不菜:愿平安//@Carol婵://@一个帅桃:敬佩，平平安安
Ngraaa,2020年01月20日,0,0,0,//weibo.com/1108824127/IqptGE65E?refer_flag=1001030103_,转发微博
王者归来200712,2020年01月20日,0,0,0,//weibo.com/5626348827/IqptGEgiz?refer_flag=1001030103_,转发微博
缘分天注定的围脖世界,2020年01月20日,0,0,0,//weibo.com/5440121201/IqptGEhxc?refer_flag=1001030103_,转发微博
QHD_SP,2020年01月20日,0,0,0,//weibo.com/1759543495/IqptGEiR3?refer_flag=1001030103_,是不是应该紧急取消过年放假了？我觉得有这个可能。
宝物轰,2020年01月20日,0,0,0,//weibo.com/2678411937/IqptH0nEH?refer_flag=1001030103_,转发微博
林中一汪然,2020年01月20日,0,0,0,//weibo.com/5983464373/IqptGle0z?refer_flag=1001030103_,//@钢铁硬汉圈圈子:加油(ง •̀_•́)ง//@鹤無缺://@福多多剧有福:国士 //@胖丁今年两岁啦-:钟南山院士84岁了……现在赶赴武汉
叭叭叭bababa,2020年01月20日,0,0,0,//weibo.com/6875443773/IqptGleQD?refer_flag=1001030103_,//@一块太妃糖://@女王C-cup: 对比今天的凶案，太难受了，不能这样对待医务工作者啊
orangeexx,2020年01月20日,0,0,0,//weibo.com/2814244634/IqptGoEu7?refer_flag=1001030103_,转发微博
七次阴霾,2020年01月20日,0,0,0,//weibo.com/6612430150/IqptGoGMv?refer_flag=1001030103_,钟南山 ​
盼盼悠悠,2020年01月20日,0,5,0,//weibo.com/1269042185/IqptGoHhJ?refer_flag=1001030103_,哎，非典都17年了。。。当时小，不知道害怕。现在看见这新病毒真的是异常揪心...口罩戴起来吧都
NeiNei-YAN,2020年01月20日,0,0,0,//weibo.com/1880243952/IqptG61u2?refer_flag=1001030103_,转发微博
吃影子的慕老板,2020年01月20日,0,0,0,//weibo.com/3561878975/IqptG62Kq?refer_flag=1001030103_,//@ju今天也要变欧://@一竹酒:转发微博
芍药居彼岸,2020年01月20日,0,0,0,//weibo.com/3672409951/IqptG641i?refer_flag=1001030103_,//@花花的漫漫J://@择言刎歆歆歆歆:哇的一声。
I-Tho-Nix,2020年01月20日,0,0,0,//weibo.com/2783158655/IqptG646H?refer_flag=1001030103_,//@魔群:转发微博
PKCHUUU,2020年01月20日,0,0,0,//weibo.com/1811181982/IqptG64sq?refer_flag=1001030103_,啊啊啊
琪琪国王-Jocelyn,2020年01月20日,0,0,0,//weibo.com/5507685274/IqptG6ZAn?refer_flag=1001030103_,#境内确诊217例新型冠状病毒肺炎病例#我真是够够的贪生怕死一人了刚出现这个病例上热搜的时候根本就没放心上逐渐的越来越多的占据热搜的篇幅刚刚才看完连线钟南山的讲话片段说不出来什么感受 不是说2020年会好的吗第一个月都没过完呀好像连台州都有了 ​
猫猫在皮卡王国有个嘉,2020年01月20日,0,0,0,//weibo.com/6076604126/IqptFsZQi?refer_flag=1001030103_,是英雄啊 钟爷爷👴好样的！
何思云老师,2020年01月20日,3,2,0,//weibo.com/6276903891/IqptFsZZj?refer_flag=1001030103_,钟南山：不要去武汉，发热不舒服要去看，戴口罩还是要用的。春节不重要，安全才重要 L何思云老师的微博视频 ​
银河恋爱手册,2020年01月20日,0,0,0,//weibo.com/5653718920/IqptFt3iU?refer_flag=1001030103_,//@胭脂牌锦鲤://@浪里赤条小粗林:确定人传人，有医务人员感染了💔病毒存在于飞沫，普通口罩也可以阻止飞沫，不要偷懒，口罩戴起来！大家注意安全！
桃叽兔熊,2020年01月20日,1,0,0,//weibo.com/5988728377/IqptFujoD?refer_flag=1001030103_,//@清划大学在读生:平安//@你脑袋绿了:要平安//@sussi_ciiz://@夏目家的小诗哥:愿平安！//@好累啊停下休息一会吧://@疯人院小王子://@瓶仄相邪:🙏//@KimTooL:平安🙏🏻//@脆皮鸭文学研究人员://@DAEEEEEEE:平安//@橄榄不菜:愿平安//@Carol婵://@一个帅桃:敬佩，平平安安
未央中尉说电影,2020年01月20日,0,0,0,//weibo.com/7188619123/IqptFukPH?refer_flag=1001030103_,//@香港商報網:【钟南山：#新型冠状病毒来源可能是野味#】钟南山表示，病毒源头目前不清楚，但可能是竹鼠、獾这种野生动物。他提醒，有发热及时就医；买不到N95，普通口罩也可以起到阻止飞沫传播的作用。
虫子早回家,2020年01月20日,0,0,0,//weibo.com/1768604334/IqptFumNB?refer_flag=1001030103_,转发微博
110斤车厘子,2020年01月20日,0,0,0,//weibo.com/1586206562/IqptFvhQz?refer_flag=1001030103_,转发微博
原来_是-试炼阿,2020年01月20日,0,0,0,//weibo.com/1659816285/IqptFvhZc?refer_flag=1001030103_,转发微博
暖暖-光,2020年01月20日,0,0,0,//weibo.com/3213112374/IqptFviDZ?refer_flag=1001030103_,转发微博
yjustfine,2020年01月20日,0,0,0,//weibo.com/6546608894/IqptFvjcy?refer_flag=1001030103_,转发微博
IdealistMeng,2020年01月20日,0,0,0,//weibo.com/2267178552/IqptFcEL2?refer_flag=1001030103_,加油🙏🏻//@统统统统爱Molly:敬佩 愿平安🙏//@阿屎嘭恰恰:谢谢先生🙏愿平安
小橘yo-yo,2020年01月20日,0,0,0,//weibo.com/2670822873/IqptFdDbH?refer_flag=1001030103_,年前出去玩的计划取消……
叽里咕噜爱说话_,2020年01月20日,0,0,0,//weibo.com/2173838090/IqptFdAiO?refer_flag=1001030103_,看到钟南山院士了感觉就安心不少
__月光小战士,2020年01月20日,0,0,0,//weibo.com/2297160564/IqptFdA9F?refer_flag=1001030103_,
旅游哥陶火火,2020年01月20日,0,0,0,//weibo.com/5276536653/IqptFcGcW?refer_flag=1001030103_,转发微博
我是宇宙无敌大太阳,2020年01月20日,0,0,0,//weibo.com/5668375779/IqptFcGbE?refer_flag=1001030103_,//@wheaaaat:配合今天的医闹新闻 欲哭无泪//@寐鹿:天//@歌且行风长吟·:
Tam_jing,2020年01月20日,0,0,0,//weibo.com/1915186733/IqptFcExD?refer_flag=1001030103_,看到钟南山，心安定了。
倾卿然,2020年01月20日,0,0,0,//weibo.com/1763097067/IqptEAWNY?refer_flag=1001030103_,5555感动
CarpeDiemMJ,2020年01月20日,22,0,0,//weibo.com/5401373471/IqptEAXR8?refer_flag=1001030103_,//@Matsumachiko:转发
坨坨冲啊,2020年01月20日,0,0,0,//weibo.com/5826363551/IqptEAYgt?refer_flag=1001030103_,//@花花的漫漫J://@择言刎歆歆歆歆:哇的一声。
红烧牛肉没有牛,2020年01月20日,0,0,0,//weibo.com/6597227597/IqptEBR9g?refer_flag=1001030103_,🙏🙏🙏🙏🙏🙏🙏🙏平安度过
IHAVE_NOT,2020年01月20日,0,0,0,//weibo.com/5460550753/IqptEBRIA?refer_flag=1001030103_,转发微博
Geek老友,2020年01月20日,0,0,0,//weibo.com/3803658111/IqptEBRO2?refer_flag=1001030103_,转发微博
对呀对呀我就是神经病大人,2020年01月20日,0,0,0,//weibo.com/3820891057/IqptEAWIc?refer_flag=1001030103_,转发微博
-子茯,2020年01月20日,0,0,0,//weibo.com/1796252151/IqptEhXNZ?refer_flag=1001030103_,//@wheaaaat:配合今天的医闹新闻 欲哭无泪//@寐鹿:天//@歌且行风长吟·:
林J行的初心,2020年01月20日,0,0,0,//weibo.com/3882666027/IqptDF8Db?refer_flag=1001030103_,、
岚岚岚RM,2020年01月20日,0,0,0,//weibo.com/5224674842/IqptE0jvH?refer_flag=1001030103_,转发微博
aiaoaisij,2020年01月20日,0,0,0,//weibo.com/5404875207/IqptE0jFo?refer_flag=1001030103_,国士无双，受命于危难之际
miounss,2020年01月20日,0,0,0,//weibo.com/1967999437/IqptE0kX8?refer_flag=1001030103_,Repost Weibo
咖啡店打烊,2020年01月20日,0,0,0,//weibo.com/3025932973/IqptE1CfV?refer_flag=1001030103_,怕了
花期蜜语,2020年01月20日,1,6,0,//weibo.com/1743624100/IqptE2xVn?refer_flag=1001030103_,#钟南山谈疫情# 钟南山都说了肯定是会人传人。这和网友认为的一样啊。刚开始新闻还说不会人传人。又说有限的人传人 ​
一块小黄桃酥,2020年01月20日,0,0,0,//weibo.com/1765387912/IqptE1Ek4?refer_flag=1001030103_,//@女王C-cup:对比今天的凶案，太难受了，不能这样对待医务工作者啊
夹心饼干渣渣碎,2020年01月20日,0,0,0,//weibo.com/2748984873/IqptE2vyl?refer_flag=1001030103_,//@吃掉蓝莓:致敬
高智商且有经济实力的十七,2020年01月20日,0,0,0,//weibo.com/2435976722/IqptE2xBo?refer_flag=1001030103_,//@DCR-H://@漫威重度患者:是伟大的英雄啊😢//@晨兮兮-沉迷金属:国士无双
花晨月夕v,2020年01月20日,0,0,0,//weibo.com/6063412574/IqptDoCXh?refer_flag=1001030103_,分享网易新闻《钟南山:新型肺炎没有特效药 春节得病人数还会增加》O钟南山:全民提高警惕 不会重复17年前的SARS疫情 来自@网易新闻客户端 #网易新闻# ​
芸豆小呆,2020年01月20日,0,0,0,//weibo.com/1818728637/IqptDoEaz?refer_flag=1001030103_,//@鲁一围:“医生队伍稳定了，社会稳定就有一个保证”，今天看可真讽刺又心酸//@白芋头CHARVIS:人类英雄都不为过
李玉_ily9pk,2020年01月20日,0,0,0,//weibo.com/1776424773/IqptDpVJW?refer_flag=1001030103_,//@谷大白话:转发微博
波斯晴迷妹,2020年01月20日,0,0,0,//weibo.com/2383160747/IqptDpW9r?refer_flag=1001030103_,//@小许的朋友:钟南山访问要点： 1、确认可以人传人，基于武汉和广东案例。 2、有医务人员被传染。 3、源头目前不清楚，但可能是竹鼠、獾这种野生动物（尽量别去碰野味）。 4、如无必要，近期不要去武汉。 5、有发热及时就医。 6、买不到N95，普通口罩也可以起到阻止飞沫传播的作用（该戴口罩戴口罩）
老c队长,2020年01月20日,3,3,0,//weibo.com/3098456133/IqptD99Cq?refer_flag=1001030103_,【钟南山：14个医护人员感染新型冠状病毒】对于新型冠状病毒感染的肺炎疫情的形势研判，钟南山院士表示，围绕着有新型冠状病毒的病人因为护理各方面，14个医务人员受到感染。钟南山院士表示，出现人传人和医务人员感染的情况，是非常重要的标志。病例数增加较多的原因较复杂。 ​
猛熊嗅蔷薇,2020年01月20日,0,0,0,//weibo.com/2251971055/IqptD5O30?refer_flag=1001030103_,因果循环报应不爽！好好吃点家养的牲畜就行了，非他妈吃野味！过年大家都平平安安🙏
柠檬麦片糖,2020年01月20日,1,0,0,//weibo.com/2609125221/IqptD5Qz6?refer_flag=1001030103_,平安🙏🙏🙏//@兑兑爱起床:🙏//@云--指导姓王:平安🙏//@只只222://@胡萝卜绒绒:要平安//@电闪雷鸣的海日罕:🙏🙏🙏//@叔苴_:平安顺利🙏🏽//@喳喳茶:钟南山院士！//@叭叽一口我就跑:感谢他们//@躁狂的暗暗:谢谢也请务必注意安全//@赵大河L:国士无双谢谢
做并肩乔木,2020年01月20日,0,0,0,//weibo.com/5362850711/IqptD5QIT?refer_flag=1001030103_,转发微博
无龄美妞,2020年01月20日,0,0,0,//weibo.com/3672268515/IqptD6Vs9?refer_flag=1001030103_,转发微博
_噗噗蛋,2020年01月20日,0,0,0,//weibo.com/1777389043/IqptCu8c2?refer_flag=1001030103_,转发微博
拧小檬52,2020年01月20日,0,0,0,//weibo.com/5600701601/IqptCu8dq?refer_flag=1001030103_,转发微博
蓝云杉Blue,2020年01月20日,0,0,0,//weibo.com/2238512040/IqptCvdIT?refer_flag=1001030103_,//@苏家桥://@严锋: //@芳草碧连天VVV:钟南山访问要点记录： 1、确认可以人传人，基于武汉和广东案例。 2、有医务人员被传染。 3、源头目前不清楚，但可能是竹鼠、獾这种野生动物（尽量别去碰野味）。 4、如无必要，近期不要去武汉。 5、有发热及时就医。 6、买不到N95，普通口罩也可以起到阻止飞沫传
晚晚的晚安,2020年01月20日,0,0,0,//weibo.com/5844098881/IqptCvext?refer_flag=1001030103_,转发微博
早勤谨实,2020年01月20日,0,0,0,//weibo.com/5986469539/IqptCvfac?refer_flag=1001030103_,转发微博
水鲸球,2020年01月20日,0,0,0,//weibo.com/2271306252/IqptCvgC2?refer_flag=1001030103_,转发微博
来碗粉蒸肉,2020年01月20日,0,0,0,//weibo.com/2307515561/IqptCvgFt?refer_flag=1001030103_,转发微博
奈雪的栗子,2020年01月20日,9,0,0,//weibo.com/1678726707/IqptCwwTd?refer_flag=1001030103_,转发微博
我要染红头发,2020年01月20日,0,0,0,//weibo.com/3859176671/IqptCfItn?refer_flag=1001030103_,转发
甜酸水果,2020年01月20日,0,0,0,//weibo.com/6242175249/IqptCfIEf?refer_flag=1001030103_,//@石扉客2018:钟南山院士神情凝重，用词审慎，但对人传人这点做了毋庸置疑的确认。对任何一个正常国家来说，有良知和有造诣的专业人士都是不可多得的公众利益保护神与社会情绪稳定器。
macken_baron,2020年01月20日,0,0,0,//weibo.com/2086233177/IqptCfJjZ?refer_flag=1001030103_,//@理想便宜卖-Matias :透明是最好的辟谣。看钟南山在央视发言。 前几天的阴谋论，要少了吧？ 科学，也不是万能，需要时间来得出结论，更需要时间来制造合适的工具。 你看，钟院士也是说早诊断，早隔离，损失最小化
就是这只南小缕,2020年01月20日,0,0,0,//weibo.com/2309919673/IqptCfKBm?refer_flag=1001030103_,转发微博
小席酱kuyi_,2020年01月20日,0,0,0,//weibo.com/2340680804/IqptCfM6J?refer_flag=1001030103_,转发微博
我的锁骨不见了,2020年01月20日,0,0,0,//weibo.com/1309658691/IqptBAJNZ?refer_flag=1001030103_,我还能说什么
朝曦_K,2020年01月20日,0,0,0,//weibo.com/5580876070/IqptBALl8?refer_flag=1001030103_,一定要平平安安//@我就是小雨点er://@后妈ZhAS://@AAA大笨猫:🙏//@织音者:🙏🙏//@你很机车捏:🙏🏻//@苏久-:要平安啊//@21世纪超级无敌宇宙第一你爹:平平安安啊//@养猫首席特级专家:平安🙏//@只爱漂亮弟弟:一定要平安🙏//@冇1点点困:医者仁心…一定要平平安安的🙏
洛嘉祥,2020年01月20日,0,0,0,//weibo.com/6029104200/IqptBALsn?refer_flag=1001030103_,//@trashypaper://@不塞了://@爱吃拉面的泡沫律师: 转发微博
婧家的狗子,2020年01月20日,0,0,0,//weibo.com/6159484536/IqptBBUbA?refer_flag=1001030103_,Repost
沉沉沉沉沉沉沉陈,2020年01月20日,0,0,0,//weibo.com/5334624036/IqptBke0P?refer_flag=1001030103_,//@芒果宓:感动//@夏目家的小诗哥:愿平安！//@好累啊停下休息一会吧://@疯人院小王子://@瓶仄相邪:🙏//@KimTooL:平安🙏🏻//@脆皮鸭文学研究人员://@DAEEEEEEE:平安//@橄榄不菜:愿平安//@Carol婵://@一个帅桃:敬佩，平平安安
爱吃糖的加菲猫1314,2020年01月20日,0,0,0,//weibo.com/5655624762/IqptBj5cb?refer_flag=1001030103_,转发微博
一颗_小糖果,2020年01月20日,1,0,0,//weibo.com/1768200790/IqptBj7yz?refer_flag=1001030103_,//@_小枫枫_://@翦瞳秋://@DustSettles_://@不可爱玩家小吹://@Carol婵://@一个帅桃:敬佩，平平安安
就是这么爱拖延,2020年01月20日,0,0,0,//weibo.com/1531275441/IqptBj7NV?refer_flag=1001030103_,转发
wonanananana,2020年01月20日,0,0,0,//weibo.com/5503659472/IqptBkc4l?refer_flag=1001030103_,转发微博
回见了您內丶,2020年01月20日,0,0,0,//weibo.com/2614526394/IqptBkc7t?refer_flag=1001030103_,转发微博
新鲜鮭鱼批发总代理,2020年01月20日,4,0,0,//weibo.com/5725468396/IqptBkdXq?refer_flag=1001030103_,刚群里姐姐说钟南山来了，马上就没事了//@浴缸-://@秋葵年糕丸://@我叫思敏但系我姓梁_://@_阿屁_: 鐘南山是真的很厲害👍🏻 //@唔食葱嘅little馒:唉//@4月日记:😭
atam-ot,2020年01月20日,0,0,0,//weibo.com/1270546347/IqptB2yKE?refer_flag=1001030103_,转发微博
越越家的小肉肉,2020年01月20日,0,0,0,//weibo.com/1808304070/IqptB3Nm3?refer_flag=1001030103_,转发微博
番茄lfzdyg,2020年01月20日,0,0,0,//weibo.com/3690491811/IqptB3O6f?refer_flag=1001030103_,转发微博
天府发布,2020年01月20日,5,1,0,//weibo.com/5049932665/IqptB3Oac?refer_flag=1001030103_,【#钟南山解读新型冠状病毒肺炎疫情#】疫情进展情况如何？是否会重复SARS疫情？#钟南山肯定新型冠状病毒肺炎人传人#，视频完整版↓转存了解！（央视） L人民日报的微博视频 ​​​
也曾有过星辰呀,2020年01月20日,0,0,0,//weibo.com/1851615067/IqptB3QnC?refer_flag=1001030103_,转发微博
小力君,2020年01月20日,0,0,0,//weibo.com/2709448392/IqptB3QBs?refer_flag=1001030103_,确定人传人了，就问你怕不怕今天买了10个医用外科口罩，明天再去囤点货，再晚估计买不到了
lion1172043244,2020年01月20日,0,0,0,//weibo.com/1172043244/IqptB5K25?refer_flag=1001030103_,转发微博
西瓜会一直在,2020年01月20日,0,0,0,//weibo.com/5865591348/IqptB3Nss?refer_flag=1001030103_,转发微博
人间值一笑,2020年01月20日,0,0,0,//weibo.com/6051913181/IqptB5M7t?refer_flag=1001030103_,转发微博
seeega,2020年01月20日,0,0,0,//weibo.com/5944292367/IqptAu4tX?refer_flag=1001030103_,@小神奇MagicQ
格里夫斯小巷,2020年01月20日,0,0,0,//weibo.com/3826864214/IqptAu4xG?refer_flag=1001030103_,//@翦瞳秋://@DustSettles_://@不可爱玩家小吹://@Carol婵://@一个帅桃:敬佩，平平安安
BIG__BAE,2020年01月20日,0,0,0,//weibo.com/5215836958/IqptArX3H?refer_flag=1001030103_,//@翦瞳秋://@DustSettles_://@不可爱玩家小吹://@Carol婵://@一个帅桃:敬佩，平平安安
阿梨不梨,2020年01月20日,0,0,0,//weibo.com/1767053910/IqptAu4EC?refer_flag=1001030103_,转发微博
桃子小汤圆儿,2020年01月20日,0,0,0,//weibo.com/5287311545/IqptAu3eO?refer_flag=1001030103_,一切平安
倘若只有倘若,2020年01月20日,0,2,0,//weibo.com/2914266785/IqptAu3cT?refer_flag=1001030103_,出门一定一定得把口罩带上 勤洗手 不碰野生动物
川直白也,2020年01月20日,0,0,0,//weibo.com/5597912968/IqptAu28h?refer_flag=1001030103_,平安🙏
heahaplov-,2020年01月20日,0,0,0,//weibo.com/6348676908/IqptAs8CG?refer_flag=1001030103_,Repost
守护我的小恐龙,2020年01月20日,0,0,0,//weibo.com/2468624560/IqptAs83O?refer_flag=1001030103_,//@陈生大王://@严锋://@芳草碧连天VVV:钟南山访问要点记录： 1、确认可以人传人，基于武汉和广东案例。 2、有医务人员被传染。 3、源头目前不清楚，但可能是竹鼠、獾这种野生动物（尽量别去碰野味）。 4、如无必要，近期不要去武汉。 5、有发热及时就医。 6、买不到N95，普通口罩也可以起到阻止飞沫传
滚去睡觉早点起,2020年01月20日,0,0,0,//weibo.com/3901020957/IqptAclR1?refer_flag=1001030103_,一直还记得他//@女王C-cup:对比今天的凶案，太难受了，不能这样对待医务工作者啊
Junxi3399,2020年01月20日,0,0,0,//weibo.com/7150230647/IqptAcmvp?refer_flag=1001030103_,转发微博
我叫Tian蜜蜜,2020年01月20日,0,0,0,//weibo.com/1886297437/IqptAcoCh?refer_flag=1001030103_,
shallvtalkhappy,2020年01月20日,0,0,0,//weibo.com/6411859514/IqptAcoFW?refer_flag=1001030103_,//@PS3保罗:非典是2002年12月首例确诊；新病毒是2019年12月，都是年前，都可能由野生动物餐饮传至人类；不一样的是现在我们有抗击非典的经验和更比之前更透明的体系
猪猪国高铁不重要成员守护公主们,2020年01月20日,0,0,0,//weibo.com/5394207752/IqptAcoWG?refer_flag=1001030103_,转发微博
·想吃火锅了·,2020年01月20日,2,0,0,//weibo.com/6493308305/IqptzyxVX?refer_flag=1001030103_,竹鼠omg//@不吃素信女://@麦田垦荒日记:大家一定要多注意！//@靓仔杀手林真心:首页看看注意下//@姨太的吃瓜大会:或许有的小朋友不知道钟南山是谁，他就是03年带我们扛过非典，研究出非典疫苗的人。现在80多岁又重新出征了。真国士无双 评论配图
LynxNOM-,2020年01月20日,0,0,0,//weibo.com/2610341627/IqptzxrVT?refer_flag=1001030103_,…//@自high柠檬茶 ://@半熟蛋包饭 ://@Y-请让我抽到环环吧 ://@昴流p的Ann :转发微博
小透明来着,2020年01月20日,0,0,0,//weibo.com/7119126490/Iqptzxsxh?refer_flag=1001030103_,一切都会好起来的 会的会的
徐凤文,2020年01月20日,6,1,0,//weibo.com/1568450860/IqptzyKXQ?refer_flag=1001030103_,#钟南山肯定新型冠状病毒肺炎人传人# 钟南山：根据目前的资料，新型冠状病毒肺炎是肯定的人传人，在广东有2个病例，没去过武汉，但家人去了武汉后染上了新型冠状病毒肺炎，现在可以说，肯定的，有人传人现象。 ​
是块碎玻璃呀,2020年01月20日,0,0,0,//weibo.com/6330030794/Iqptzi9gQ?refer_flag=1001030103_,转发微博
KishibeRLambsx,2020年01月20日,0,0,0,//weibo.com/6738510210/IqptzfMRd?refer_flag=1001030103_,//@小黑子LLLLLOVE:钟南山!!
阿八的小号,2020年01月20日,0,0,0,//weibo.com/2807921194/IqptzfNbt?refer_flag=1001030103_,@pbxpbx //钟院士访问要点： 1、确认可以人传人，基于武汉和广东案例。 2、有医务人员被传染。 3、源头目前不清楚，但可能是竹鼠、獾这种野生动物（尽量别去碰野味）。 4、如无必要，近期不要去武汉。 5、有发热及时就医。 6、买不到N95，普通口罩也可以起到阻止飞沫传播的作用（该戴口罩戴口罩）。
Yolanda-wwy,2020年01月20日,0,0,0,//weibo.com/5716172747/IqptzfNRU?refer_flag=1001030103_,平安//@十三點半的kings:希望所有医护人员都平安//@夏目家的小诗哥: 愿平安！//@好累啊停下休息一会吧://@疯人院小王子://@瓶仄相邪:🙏//@KimTooL:平安🙏🏻
Sarnen,2020年01月20日,0,0,0,//weibo.com/3254491204/IqptzfOBe?refer_flag=1001030103_,转发微博
这是一只冷兔子,2020年01月20日,0,0,0,//weibo.com/3589647043/IqptzgTdw?refer_flag=1001030103_,转发微博
北京人早知道,2020年01月20日,6,5,0,//weibo.com/6242114360/IqptzgTrx?refer_flag=1001030103_,#钟南山肯定新型冠状病毒肺炎人传人#关注新型冠状病毒肺炎！钟南山院士任国家卫健委高级别专家组组长。致敬奋斗在一线的医护人员 L北京每日热点的微博视频 ​
陈狒狒的达令,2020年01月20日,0,0,0,//weibo.com/3255460170/Iqptzi9DA?refer_flag=1001030103_,平安！//@东邻治愈家 :一定重视起来！拜托了！//@M大王叫我来巡山 :又值佳节，千万注意预防啊。//@俄罗斯事儿君 :注意安全🙏//@橘味小哼yo :我可求求首页各位了 重视起来重视起来重视起来！//@追风少年刘全有 ://@回忆专用小马甲 :大家注意安全🙏🏻
不知道叫什么名字好的有志气青年,2020年01月20日,0,0,0,//weibo.com/5683495055/IqptyFcqp?refer_flag=1001030103_,转发微博
小爱麻麻2017,2020年01月20日,0,0,0,//weibo.com/6359686455/IqptyFbb5?refer_flag=1001030103_,转发微博
安语阿,2020年01月20日,0,0,0,//weibo.com/5221503034/IqptyF9XE?refer_flag=1001030103_,国士无双
喷火静乌啦乌啦,2020年01月20日,2,0,0,//weibo.com/2979024141/IqptyE6RP?refer_flag=1001030103_,//@女王C-cup:对比今天的凶案，太难受了，不能这样对待医务工作者啊
手可摘星辰的玲,2020年01月20日,0,0,0,//weibo.com/3021803313/IqptyE6nO?refer_flag=1001030103_,转发微博
不知名-某某,2020年01月20日,0,0,0,//weibo.com/5000087651/IqptyE6m5?refer_flag=1001030103_,//@陈生大王://@严锋://@芳草碧连天VVV:钟南山访问要点记录： 1、确认可以人传人，基于武汉和广东案例。 2、有医务人员被传染。 3、源头目前不清楚，但可能是竹鼠、獾这种野生动物（尽量别去碰野味）。 4、如无必要，近期不要去武汉。 5、有发热及时就医。 6、买不到N95，普通口罩也可以起到阻止飞沫传
vvvvv晶小晶,2020年01月20日,0,0,0,//weibo.com/5658813535/IqptyE5Bb?refer_flag=1001030103_,转发
是闪闪的金子啊,2020年01月20日,1,0,0,//weibo.com/1824859093/IqptyE3y5?refer_flag=1001030103_,轉發
红牛Yo,2020年01月20日,0,0,0,//weibo.com/5703709607/IqptymoT9?refer_flag=1001030103_,//@三石Ken://@一颗西红柿西西: 转发微博
重度珍珠奶茶患者,2020年01月20日,0,0,0,//weibo.com/6890232927/IqptympCZ?refer_flag=1001030103_,少出门，戴口罩😷
马尔代夫的梦869,2020年01月20日,0,0,0,//weibo.com/5662901193/IqptynvtA?refer_flag=1001030103_,转发微博
2020健康好运,2020年01月20日,0,0,0,//weibo.com/6017302201/Iqptyny6s?refer_flag=1001030103_,转发微博
废佐,2020年01月20日,0,0,0,//weibo.com/2918285965/IqptyoKGF?refer_flag=1001030103_,大家都要好好的，度过难关//@辣条娘:确认人传人。大家注意防护//@四镰://@秋田六千://@纯良英俊的笑了笑:⚠️//@这是一个很高冷的ID:一定要注意啊//@月亮与八芝士:注意戴口罩真的//@205号居民:大家请一定要做好个人防护 //@不吃菜XBS:一定要注意😷
人類睡眠研究專家,2020年01月20日,0,0,0,//weibo.com/5957721297/Iqptypz4K?refer_flag=1001030103_,//@一个帅桃:敬佩，平平安安
新潮电子徐林,2020年01月20日,8,3,0,//weibo.com/1404521940/IqptypzUy?refer_flag=1001030103_,//@Vetrax嚣张卫视:各位注意防范。
wanggeng-,2020年01月20日,0,0,0,//weibo.com/6069096841/IqptypBzp?refer_flag=1001030103_,确定了
希蕊,2020年01月20日,0,0,0,//weibo.com/1942217524/Iqpty5ReB?refer_flag=1001030103_,转发微博
梁梁梁Re,2020年01月20日,0,0,0,//weibo.com/5696206322/Iqpty5SjL?refer_flag=1001030103_,明天出门必须要戴口罩了😷
一搓小呆毛,2020年01月20日,0,0,0,//weibo.com/1763417502/Iqpty76GA?refer_flag=1001030103_,转发微博
我才是路西西,2020年01月20日,0,0,0,//weibo.com/1763826755/Iqpty77Xr?refer_flag=1001030103_,🙏🙏
世界如此残酷-,2020年01月20日,0,0,0,//weibo.com/6268664032/Iqpty78Ec?refer_flag=1001030103_,🙏//@越努力做功课越幸运://@Yoo酱酱酱://@渣vi://@夏目家的小诗哥:愿平安！//@好累啊停下休息一会吧://@疯人院小王子://@瓶仄相邪:🙏//@KimTooL:平安🙏🏻//@脆皮鸭文学研究人员://@DAEEEEEEE:平安//@橄榄不菜:愿平安//@Carol婵://@一个帅桃:敬佩，平平安安
脑子进汽水,2020年01月20日,0,0,0,//weibo.com/1868122155/Iqpty7ThR?refer_flag=1001030103_,//@E伯爵://@谷大白话 :转发微博
是Cooooooooooooony吖,2020年01月20日,0,0,0,//weibo.com/5869629960/Iqpty7WIg?refer_flag=1001030103_,愿平安//@芒果宓:感动//@夏目家的小诗哥:愿平安！//@好累啊停下休息一会吧://@疯人院小王子://@瓶仄相邪:🙏//@KimTooL:平安🙏🏻//@脆皮鸭文学研究人员://@DAEEEEEEE:平安//@橄榄不菜:愿平安//@Carol婵://@一个帅桃:敬佩，平平安安
i小猪拽子,2020年01月20日,0,0,0,//weibo.com/2528761853/Iqpty7WKJ?refer_flag=1001030103_,//@狐狸大王a:拜谢！！//@Mm-小米粥:敬佩
逆风生长咩咩咩咩咩咩,2020年01月20日,0,0,0,//weibo.com/5911954047/Iqptxu8Rs?refer_flag=1001030103_,转发微博
咸鱼吃桃,2020年01月20日,0,0,0,//weibo.com/5274128642/IqptxbnTc?refer_flag=1001030103_,
酸奶布丁有点甜,2020年01月20日,0,0,0,//weibo.com/6363036740/IqptxboeW?refer_flag=1001030103_,有印象🙏🏻//@Yoo酱酱酱://@渣vi://@夏目家的小诗哥:愿平安！//@好累啊停下休息一会吧://@疯人院小王子://@瓶仄相邪:🙏//@KimTooL:平安🙏🏻//@脆皮鸭文学研究人员://@DAEEEEEEE:平安//@橄榄不菜:愿平安//@Carol婵://@一个帅桃:敬佩，平平安安
爱佳一家811,2020年01月20日,0,0,0,//weibo.com/1262011031/IqptxbpuC?refer_flag=1001030103_,//@风闻社区:大家注意做好个人防护🙏🏻
1inter,2020年01月20日,0,0,0,//weibo.com/6130924690/IqptxcuQE?refer_flag=1001030103_,当年SARS就是钟南山院士带队 这次希望还能战胜它🙏
尼古拉斯小蓝,2020年01月20日,0,0,0,//weibo.com/1042046755/IqptxdJfM?refer_flag=1001030103_,//@滨a崎y步u:扩散起来
葵奎腻腻,2020年01月20日,0,0,0,//weibo.com/6366086099/IqptxdLuO?refer_flag=1001030103_,//@后妈ZhAS://@AAA大笨猫:🙏//@织音者:🙏🙏//@你很机车捏:🙏🏻//@苏久-:要平安啊//@21世纪超级无敌宇宙第一你爹:平平安安啊//@养猫首席特级专家:平安🙏//@只爱漂亮弟弟:一定要平安🙏//@冇1点点困:医者仁心…一定要平平安安的🙏
荠菜糰子,2020年01月20日,0,0,0,//weibo.com/5908095877/IqptwzIhb?refer_flag=1001030103_,//@甜品狙擊:由衷敬佩🙏一定要平安🙏//@只爱漂亮弟弟:一定要平安🙏//@冇1点点困:医者仁心…一定要平平安安的🙏
星星星星轸_,2020年01月20日,0,0,0,//weibo.com/5748364393/IqptwzHCa?refer_flag=1001030103_,🙏//@瓶仄相邪:🙏//@KimTooL:平安🙏🏻//@脆皮鸭文学研究人员://@DAEEEEEEE:平安//@橄榄不菜:愿平安//@Carol婵://@一个帅桃:敬佩，平平安安
TX8_洋叔,2020年01月20日,0,0,0,//weibo.com/2018027493/IqptwzGkn?refer_flag=1001030103_,转发微博
但我知道你想飞,2020年01月20日,0,0,0,//weibo.com/5651855278/IqptwzFBq?refer_flag=1001030103_,转发微博
戈壁现实主义者,2020年01月20日,0,0,0,//weibo.com/3387766162/IqptwC0sG?refer_flag=1001030103_,//@靓仔杀手林真心:首页看看注意下//@姨太的吃瓜大会:或许有的小朋友不知道钟南山是谁，他就是03年带我们扛过非典，研究出非典疫苗的人。现在80多岁又重新出征了。真国士无双 评论配图
milestone-1,2020年01月20日,0,0,0,//weibo.com/5939252241/IqptwCPS9?refer_flag=1001030103_,//@胭脂牌锦鲤://@浪里赤条小粗林:确定人传人，有医务人员感染了💔病毒存在于飞沫，普通口罩也可以阻止飞沫，不要偷懒，口罩戴起来！大家注意安全！
梦想还是要有的但不会实现,2020年01月20日,0,0,0,//weibo.com/5465500014/IqptwCPhw?refer_flag=1001030103_,转发微博
长醉溪亭,2020年01月20日,1,0,0,//weibo.com/5961110780/IqptwCOgn?refer_flag=1001030103_,//@吃货不怕胖来袭://@贰哥:钟南山访问要点记录： 1、确认可以人传人。2、有医务人员被传染。 3、源头目前不清楚，但可能来自野生动物（尽量别去碰野味）。 4、如无必要，近期不要去武汉。 5、有发热及时就医。 6、买不到N95，普通口罩也可以起到阻止飞沫传播的作用（该戴口罩戴口罩）。
是想来碗山药糊,2020年01月20日,1,0,0,//weibo.com/7190678317/Iqptwi2ci?refer_flag=1001030103_,我爸那个男人在看完新闻后跟我说:“走，明天带你去医院检查去~”
-闲昀也隺,2020年01月20日,0,0,0,//weibo.com/6135288105/Iqptwj75Z?refer_flag=1001030103_,//@福多多剧有福:国士 //@胖丁今年两岁啦-:钟南山院士84岁了……现在赶赴武汉
桃桃星冰乐呀,2020年01月20日,0,0,0,//weibo.com/5944297668/Iqptwi2PS?refer_flag=1001030103_,转发微博
阳阳得意421,2020年01月20日,0,0,0,//weibo.com/2530155797/Iqptwi3nh?refer_flag=1001030103_,他一出现，莫名心安！
霸霸叉会儿腰,2020年01月20日,0,0,0,//weibo.com/6440825583/IqptwkmrA?refer_flag=1001030103_,转发微博
Vilian_Carrot,2020年01月20日,0,0,0,//weibo.com/5238873564/Iqptwl7Lg?refer_flag=1001030103_,大家小心
Rime雨相,2020年01月20日,0,0,0,//weibo.com/2967183483/Iqptwl7OH?refer_flag=1001030103_,国士无双
夜翼的小翅膀,2020年01月20日,0,0,0,//weibo.com/1726594967/Iqptw3vji?refer_flag=1001030103_,SARS都不能长教训，我看这些人嘴烂了都不影响吃野味//@Stark狂野坚果烤苞米:操//@皮蛋瘦肉粥不咸:卧槽！！//@spark不夜城://@205号居民:大家请一定要做好个人防护 //@不吃菜XBS:一定要注意😷//@节操桥上炮龙烹凤的魔女总裁:大家出门记得戴口罩//@伊丽莎白骨精啊: 少出门，戴口罩。
极速小猋,2020年01月20日,0,0,0,//weibo.com/6347622204/Iqptw1uCh?refer_flag=1001030103_,//@投资舆情 ://@郭士英 : 钟南山访问要点记录： 1、确认可以人传人，基于武汉和广东案例。 2、有医务人员被传染。 3、源头目前不清楚，但可能是竹鼠、獾这种野生动物（尽量别去碰野味）。 4、如无必要，近期不要去武汉。 5、有发热及时就医。 6、买不到N95，普通口罩也可以起到阻止飞沫传播的作用。
今天六桃自拍了么,2020年01月20日,0,0,0,//weibo.com/1717014573/Iqptw2JbV?refer_flag=1001030103_,转发微博
桦不对称,2020年01月20日,0,0,0,//weibo.com/7288396373/Iqptw3rYi?refer_flag=1001030103_,//@二十四楼的六一猫://@都好说但是要先给钱:不恐慌但要重视，希望大家都别再不当回事了，不要一昧强调“没在怕的”。照顾自己与他人生命健康，新年望大家都平安健康
成都生活印记,2020年01月20日,0,0,0,//weibo.com/6641712733/Iqptw1tQY?refer_flag=1001030103_,【#钟南山肯定新型冠状病毒肺炎人传人#】钟南山：根据目前的资料，新型冠状病毒肺炎是肯定的人传人，在广东有2个病例，没去过武汉，但家人去了武汉后染上了新型冠状病毒肺炎，现在可以说，肯定的，有人传人现象。L央视新闻的微博视频 ​​​
靓闪闪的一岁一月,2020年01月20日,0,0,0,//weibo.com/2212590210/IqptvpNAh?refer_flag=1001030103_,听课
夏时宴,2020年01月20日,0,0,0,//weibo.com/2679739545/IqptvpN9s?refer_flag=1001030103_,转发
KK-Galaxy,2020年01月20日,0,0,0,//weibo.com/3461702314/IqptvpMKP?refer_flag=1001030103_,怎么钟南山八十多岁这么年轻
杰奶包在此,2020年01月20日,0,0,0,//weibo.com/2759715041/IqptvpMJw?refer_flag=1001030103_,为国付出的英雄🙏🙏🙏
婷婷_yu,2020年01月20日,0,0,0,//weibo.com/2510144921/Iqptvr19N?refer_flag=1001030103_,在今天看来，特别讽刺，特别悲哀/@孙策不与周郎便:“医生队伍稳定了，社会稳定就有保证。”我恸哭，何其讽刺！何其悲哀！
明明是机智的瓜瓜,2020年01月20日,2,0,0,//weibo.com/1964732995/IqptvrIUF?refer_flag=1001030103_,转发微博
sena要刻苦,2020年01月20日,0,0,0,//weibo.com/5241446719/IqptvrKF9?refer_flag=1001030103_,转发微博
idontwannabeyouanymor,2020年01月20日,0,0,0,//weibo.com/5420268068/IqptvrKO4?refer_flag=1001030103_,转发微博
慧慧酱2011,2020年01月20日,0,0,0,//weibo.com/1959427305/IqptvrL9f?refer_flag=1001030103_,转发微博
大大大大泡泡兔,2020年01月20日,0,0,0,//weibo.com/5784924217/IqptvrMZQ?refer_flag=1001030103_,//@靓仔杀手林真心:首页看看注意下//@姨太的吃瓜大会:或许有的小朋友不知道钟南山是谁，他就是03年带我们扛过非典，研究出非典疫苗的人。现在80多岁又重新出征了。真国士无双 评论配图
raodan517,2020年01月20日,0,0,0,//weibo.com/1251626213/IqptvqYG5?refer_flag=1001030103_,转发微博
深海选择潜伏,2020年01月20日,0,0,0,//weibo.com/2988059535/Iqptv87Ju?refer_flag=1001030103_,转发微博
麦兜来过年,2020年01月20日,0,0,0,//weibo.com/1842003505/Iqptv9kiC?refer_flag=1001030103_,转发微博
游乐指南,2020年01月20日,0,0,0,//weibo.com/5761367085/Iqptv9l4z?refer_flag=1001030103_,//@燃烧的小骆驼:钟院士访问要点： 1、确认可以人传人，基于武汉和广东案例。 2、有医务人员被传染。 3、源头目前不清楚，但可能是竹鼠、獾这种野生动物（尽量别去碰野味）。 4、如无必要，近期不要去武汉 5、有发热及时就医。 6、买不到N95，普通口罩也可以起到阻止飞沫传播的作用（该戴口罩戴口罩）
萨利蓝格,2020年01月20日,0,0,0,//weibo.com/2293206101/Iqptv9lpd?refer_flag=1001030103_,转发微博
Zushiki,2020年01月20日,0,0,0,//weibo.com/1810908964/Iqptva7E3?refer_flag=1001030103_,已经确定会人传人，大家要保护好自己
德云小铁杆儿,2020年01月20日,0,0,0,//weibo.com/6485130301/IqptvbbUp?refer_flag=1001030103_,转发微博
一日无电_百事荒芜,2020年01月20日,0,0,0,//weibo.com/5285877820/IqptvbaLm?refer_flag=1001030103_,转发微博
satoshi的晴天娃娃,2020年01月20日,0,0,0,//weibo.com/3287274222/Iqptuzsli?refer_flag=1001030103_,转发微博
这不是一个为凯凯开的号儿,2020年01月20日,0,0,0,//weibo.com/5800209706/IqptufVwH?refer_flag=1001030103_,医者仁心！！
景阿三,2020年01月20日,0,0,0,//weibo.com/1765999084/IqpttD1GJ?refer_flag=1001030103_,//@芒果宓 :感动//@夏目家的小诗哥 :愿平安！//@好累啊停下休息一会吧 ://@疯人院小王子 ://@瓶仄相邪 :🙏//@KimTooL :平安🙏🏻//@脆皮鸭文学研究人员 ://@DAEEEEEEE :平安//@橄榄不菜 :愿平安//@Carol婵 ://@一个帅桃 :敬佩，平平安安
潇蝶yu,2020年01月20日,0,0,0,//weibo.com/1259628925/IqpttBWN4?refer_flag=1001030103_,//@靓仔杀手林真心:首页看看注意下//@姨太的吃瓜大会:或许有的小朋友不知道钟南山是谁，他就是03年带我们扛过非典，研究出非典疫苗的人。现在80多岁又重新出征了。真国士无双 评论配图
-O-October,2020年01月20日,0,0,0,//weibo.com/5676305557/IqpttD0It?refer_flag=1001030103_,//@浪里赤条小粗林:确定人传人，有医务人员感染了💔病毒存在于飞沫，普通口罩也可以阻止飞沫，不要偷懒，口罩戴起来！大家注意安全！
小刘的微博小号2,2020年01月20日,0,0,0,//weibo.com/7068343741/IqpttD1Cj?refer_flag=1001030103_,《钟南山：新型肺炎很可能来自野味》钟南山院士指出，现在要提高警惕，全民、领导、政府、医务人员，包括媒体，属地的领导要负起责任，我们有信心能够控制新型冠状病毒。O网页链接 ​
春春_73002,2020年01月20日,0,0,0,//weibo.com/3215697020/IqpttD3Lu?refer_flag=1001030103_,转发微博
三七番茄酱,2020年01月20日,0,0,0,//weibo.com/2515992950/IqpttE7BL?refer_flag=1001030103_,//@爱吃海星的王有趣:钟教授意思是跟SARS相比弱，但必须尽快控制，否则随着感染传播，病毒还会进化。传播力和毒性都可能随着传播换代突变变强。
恩啾isreal,2020年01月20日,0,0,0,//weibo.com/6585409075/IqpttEfo0?refer_flag=1001030103_,真的真的注意安全吧
aisaner,2020年01月20日,0,0,0,//weibo.com/1811664613/IqpttEh9H?refer_flag=1001030103_,//@SAUCE沙司://@我放起屁来我都害怕 :钟南山在回答白岩松其中一个问题的时候忽然卡壳，与画面外人物交流些什么，白岩松及时揭过去问了别的问题。当时看到觉得有些不忍，他今天走到台前接受了这一场直播，背负了多沉重的责任，实在难以想象，唉
陛下臣有一事不知一一不当讲滚,2020年01月20日,0,0,0,//weibo.com/6182520010/Iqpttmt3q?refer_flag=1001030103_,一定会平安的！！//@夏目家的小诗哥:愿平安！//@好累啊停下休息一会吧://@疯人院小王子://@瓶仄相邪:🙏//@KimTooL:平安🙏🏻//@脆皮鸭文学研究人员://@DAEEEEEEE:平安//@橄榄不菜:愿平安//@Carol婵://@一个帅桃:敬佩，平平安安
RainbowDQ,2020年01月20日,0,0,0,//weibo.com/2352573840/IqpttmsPy?refer_flag=1001030103_,//@来去之间://@毛十八:其实挺不希望看见这样的：十七年过去了，还是当年的老人敢拍板说这么一句话。
深圳蜂巢商业设计公司,2020年01月20日,0,0,0,//weibo.com/3103501711/IqpttlmjX?refer_flag=1001030103_,《钟南山：新型肺炎很可能来自野味》钟南山院士指出，现在要提高警惕，全民、领导、政府、医务人员，包括媒体，属地的领导要负起责任，我们有信心能够控制新型冠状病毒。O网页链接 ​
炸鸡年糕串串香,2020年01月20日,0,0,0,//weibo.com/5881678105/IqpttopH0?refer_flag=1001030103_,//@一颗努力向上的鸡蛋:在路上看了钟南山专家直播，画知识点： 1 现在疫情在爬坡阶段，初始阶段。 2 确认人传人 3 现在的致死率不足以说明问题，因为只是在初始阶段。但是有了SARS经验，医护工作效率提高。 4 医护有传染。 5自身去过武汉或是家人去过武汉，且有发热现象，请立即就医。
whitecoaI,2020年01月20日,0,0,0,//weibo.com/7241734283/Iqpttorsz?refer_flag=1001030103_,转发微博
昕华之恋恋风尘,2020年01月20日,0,0,0,//weibo.com/1452454607/IqpttorMe?refer_flag=1001030103_,转发微博
哎呀你个小兔崽子,2020年01月20日,0,0,0,//weibo.com/1733729335/Iqptt3HBr?refer_flag=1001030103_,//@Yoo酱酱酱 ://@渣vi ://@夏目家的小诗哥 :愿平安！//@好累啊停下休息一会吧 ://@疯人院小王子 ://@瓶仄相邪 :🙏//@KimTooL :平安🙏🏻//@脆皮鸭文学研究人员 ://@DAEEEEEEE :平安//@橄榄不菜 :愿平安//@Carol婵 ://@一个帅桃 :敬佩，平平安安
可乐雪碧冒气泡,2020年01月20日,1,0,0,//weibo.com/5332401502/Iqptt3IX9?refer_flag=1001030103_,转发微博
南昌校园,2020年01月20日,0,0,0,//weibo.com/1948656940/Iqptt3IXB?refer_flag=1001030103_,【钟南山：#新型冠状病毒传染性比SARS弱#】钟南山：新型冠状病毒跟SARS病毒相比，尽管有很多的同源性，但是是平行的，完全不同的病毒，只是某些方面有近似的地方。新型冠状病毒的感染正在爬坡，但是相比SARS传染性没那么强。@央视新闻  L央视新闻的微博视频 ​​​
麦田里的风情,2020年01月20日,0,0,0,//weibo.com/2909837497/Iqptt4Nka?refer_flag=1001030103_,转发微博
nnnn若你喜欢怪人,2020年01月20日,0,0,0,//weibo.com/6002145832/Iqptt4OVq?refer_flag=1001030103_,转发微博
无厘头的梦qz,2020年01月20日,0,0,0,//weibo.com/6709354815/Iqptt4P3K?refer_flag=1001030103_,//@互联网俊明说:大家注意安全，保护好自己。记得戴口罩，勤洗手！
陆陆九九,2020年01月20日,0,0,0,//weibo.com/2263885604/Iqptt4Wby?refer_flag=1001030103_,转发微博
90后小李子_10,2020年01月20日,0,0,0,//weibo.com/5905957119/Iqptt60aK?refer_flag=1001030103_,//@兔噗噗:注意安全朋友们
橘棉和风,2020年01月20日,0,0,0,//weibo.com/6124683937/Iqptt6178?refer_flag=1001030103_,
墨ugq,2020年01月20日,0,0,0,//weibo.com/5563216949/Iqptss14L?refer_flag=1001030103_,大家要带好口罩!保护好自己//@回忆专用小马甲:大家注意安全🙏🏻
轩辕逸水,2020年01月20日,0,0,0,//weibo.com/2077695790/Iqptss0VJ?refer_flag=1001030103_,国士无双//@南渊_Insr ://@尔榛-Amber ://@半果-O- ://@翦瞳秋 ://@DustSettles_ ://@不可爱玩家小吹 ://@Carol婵 ://@一个帅桃 :敬佩，平平安安
不理世事保平安,2020年01月20日,0,0,0,//weibo.com/3893913737/IqptsrZz3?refer_flag=1001030103_,//@林嘎嘎儿:本武汉伢瑟瑟发抖😷 //@辣条娘:确认人传人。大家注意防护//@四镰://@秋田六千://@纯良英俊的笑了笑:⚠️//@这是一个很高冷的ID:一定要注意啊//@月亮与八芝士:注意戴口罩真的//@205号居民:大家请一定要做好个人防护 //@不吃菜XBS:一定要注意😷
Roll个名字吧,2020年01月20日,0,0,0,//weibo.com/1814141234/IqptsrZpo?refer_flag=1001030103_,孩怕
韛魕闅繎瘧曩縌麑戁輦,2020年01月20日,0,0,0,//weibo.com/6332134751/IqptsugG9?refer_flag=1001030103_,大佬说话就是肯定
银河与大海,2020年01月20日,0,0,0,//weibo.com/6045638186/Iqptst8L3?refer_flag=1001030103_,//@夏日里的BoomCorn:👉👉钟院士访问要点： 1、确认可以人传人，基于武汉和广东案例。 2、有医务人员被传染。 3、源头目前不清楚，但可能是竹鼠、獾这种野生动物（尽量别去碰野味）。 4、如无必要，近期不要去武汉。 5、有发热及时就医。 6、买不到N95，普通口罩也可以起到阻止飞沫传播的作用（该
路易斯贰仟,2020年01月20日,0,0,0,//weibo.com/2432713707/Iqptsv3uE?refer_flag=1001030103_,Repost
多细胞的草履虫,2020年01月20日,0,0,0,//weibo.com/1874411404/Iqptsv168?refer_flag=1001030103_,敬佩愿平安无事
夷陵小奶糖,2020年01月20日,0,0,0,//weibo.com/6553965546/Iqptsv04e?refer_flag=1001030103_,#钟南山肯定新型冠状病毒肺炎人传人# 感谢在一线的医务工作者，有你们在一线奋斗在感觉踏实很多，但是还是得大家都做好防护，快过年了各地人流量都很大，一定要保护好自己，防止传染 ​
话梅干最好吃,2020年01月20日,0,0,0,//weibo.com/5587474856/Iqptsantf?refer_flag=1001030103_,转发微博
热闹cc,2020年01月20日,0,0,0,//weibo.com/3105514721/IqptsanPG?refer_flag=1001030103_,//@M大王叫我来巡山:又值佳节，千万注意预防啊。//@俄罗斯事儿君:注意安全🙏//@橘味小哼yo:我可求求首页各位了 重视起来重视起来重视起来！//@追风少年刘全有://@回忆专用小马甲:大家注意安全🙏🏻
渡钨升,2020年01月20日,0,0,0,//weibo.com/5744503653/Iqptsbrz5?refer_flag=1001030103_,转发微博
满满的蔡徐坤,2020年01月20日,0,0,0,//weibo.com/6232897077/IqptsbsF7?refer_flag=1001030103_,少出门。出门需戴口罩。
大脸猫爱吃鱼和肉还有火锅,2020年01月20日,0,0,0,//weibo.com/2912149537/IqptsbsMW?refer_flag=1001030103_,//@金橘酒酿:我印象很深
干净的小市民,2020年01月20日,0,0,0,//weibo.com/6545321828/IqptscCTw?refer_flag=1001030103_,《钟南山：新型冠状病毒肺炎肯定存在人传人现象 病毒可能来自野味》钟南山：根据目前的资料，新型冠状病毒肺炎是肯定的人传人，在广东有2个病例，没去过武汉，但家人去了武汉后染上了新型冠状病毒肺炎，现在可以说，肯定的，有人传人现象。O网页链接 ​
铃儿响个铛,2020年01月20日,0,0,0,//weibo.com/2397537800/IqptscE5D?refer_flag=1001030103_,钟南山院士真勇士也，唯有敬佩。 ​
芹菜芯darling,2020年01月20日,0,0,0,//weibo.com/1422243742/IqptscFnI?refer_flag=1001030103_,奋战一线的医护人员最辛苦🙏只求平安🙏
听说橘子分着吃很甜,2020年01月20日,0,0,0,//weibo.com/6056871498/IqptryFKs?refer_flag=1001030103_,转发微博
李晗初y,2020年01月20日,0,0,0,//weibo.com/3788683353/IqptryFkj?refer_flag=1001030103_,转发微博
掌上名橘,2020年01月20日,0,0,0,//weibo.com/5873903700/IqptryFcS?refer_flag=1001030103_,//@小许的朋友:钟南山访问要点： 1、确认可以人传人，基于武汉和广东案例。 2、有医务人员被传染。 3、源头目前不清楚，但可能是竹鼠、獾这种野生动物（尽量别去碰野味）。 4、如无必要，近期不要去武汉。 5、有发热及时就医。 6、买不到N95，普通口罩也可以起到阻止飞沫传播的作用（该戴口罩戴口罩）
山慕眠,2020年01月20日,0,0,0,//weibo.com/6104010101/IqptryDYI?refer_flag=1001030103_,平安🙏//@夏目家的小诗哥:愿平安！//@好累啊停下休息一会吧://@疯人院小王子://@瓶仄相邪:🙏//@KimTooL:平安🙏🏻//@脆皮鸭文学研究人员://@DAEEEEEEE:平安//@橄榄不菜:愿平安//@Carol婵://@一个帅桃:敬佩，平平安安
我是屎祖,2020年01月20日,0,0,0,//weibo.com/1776776041/IqptrzJc0?refer_flag=1001030103_,//@古月中心相心:做好心理准备吧，春运期间大家出门都记得戴口罩
韦林tq,2020年01月20日,0,0,0,//weibo.com/1968662565/IqptryGmU?refer_flag=1001030103_,转发微博
九月末的情殇,2020年01月20日,0,0,0,//weibo.com/3565611822/IqptrAXyF?refer_flag=1001030103_,转发微博
横太,2020年01月20日,1,0,0,//weibo.com/1657899782/IqptrAWGC?refer_flag=1001030103_,转发微博
调皮精灵q,2020年01月20日,0,2,0,//weibo.com/2700935382/IqptrzJdx?refer_flag=1001030103_,转发微博
终点·Sy,2020年01月20日,8,0,0,//weibo.com/5610945466/IqptrgYnd?refer_flag=1001030103_,//@坂井洋子://@水月星河://@星位和图:顺顺利利平平安安啊//@莫言若DH:不知道说什么，都要平安健康啊//@瑾家端木鸿_纵情生活_KHR_olo:啊。。请给他更多福气吧//@歌且行风长吟·:
存取日忱忱,2020年01月20日,0,0,0,//weibo.com/5991873541/IqptrgZzX?refer_flag=1001030103_,//@午时蓝桉://@燃烧的小骆驼:钟院士访问要点： 1、确认可以人传人，基于武汉和广东案例。 2、有医务人员被传染。 3、源头目前不清楚，但可能是竹鼠、獾这种野生动物（尽量别去碰野味）。 4、如无必要近期不要去武汉。 5、有发热及时就医。 6、买不到N95，普通口罩也可以起到阻止飞沫传播的作用（该戴
冬日稚兔,2020年01月20日,0,0,0,//weibo.com/7320670630/Iqptrh0tq?refer_flag=1001030103_,//@墨棠枫:国士无双，真正的英雄
ktemma,2020年01月20日,0,0,0,//weibo.com/5870209657/Iqptri5E4?refer_flag=1001030103_,真正的英雄！值得最高的敬意与崇拜！
Kylin张起灵z,2020年01月20日,0,0,0,//weibo.com/6000744488/Iqptri5UM?refer_flag=1001030103_,转发微博
是小豆子咩,2020年01月20日,1,0,0,//weibo.com/6429912382/Iqptri6Tv?refer_flag=1001030103_,国士无双
紫芋呀,2020年01月20日,0,0,0,//weibo.com/1611259414/Iqptr0r1g?refer_flag=1001030103_,//@桃桃淘电影:转发微博
windy冷若如霜,2020年01月20日,0,0,0,//weibo.com/3888019416/Iqptr0r5i?refer_flag=1001030103_,钟南山：“谁把我看成什么，我都不在乎” O钟南山：“谁把我看成什么，我都不在乎” ​
wow小熊猫咪,2020年01月20日,0,0,0,//weibo.com/6441895064/Iqptr1CbS?refer_flag=1001030103_,又安心又害怕～希望大家平安！
风铃凛凛,2020年01月20日,0,0,0,//weibo.com/5766321718/Iqptr0r93?refer_flag=1001030103_,转发微博
丹增曲熱1987,2020年01月20日,0,0,0,//weibo.com/7315486659/Iqptr0rqT?refer_flag=1001030103_,转发微博
程子就爱吃橙子,2020年01月20日,0,0,0,//weibo.com/5373536270/Iqptr1AWV?refer_flag=1001030103_,肯定了
居暖219,2020年01月20日,0,0,0,//weibo.com/7238297723/Iqptr1Bmc?refer_flag=1001030103_,转发微博
屁点点妈妈,2020年01月20日,0,0,0,//weibo.com/5533207441/Iqptr1AZo?refer_flag=1001030103_,钟南山：“谁把我看成什么，我都不在乎” O钟南山：“谁把我看成什么，我都不在乎” ​
小提拉x,2020年01月20日,0,0,0,//weibo.com/1661494902/Iqptr2jJq?refer_flag=1001030103_,勤洗手 戴口罩
雨_沉音,2020年01月20日,0,0,0,//weibo.com/1612525764/Iqptr2hZy?refer_flag=1001030103_,//@林瑜璟://@吐息如兰:2003年，现在的小朋友是真的没经历过。//@不想迟到鸭://@慕色成歌飞绛雪:国士无双。
顾安安的猫,2020年01月20日,0,0,0,//weibo.com/7298816095/IqptqnDYN?refer_flag=1001030103_,转发微博
普通用户朱居里,2020年01月20日,0,0,0,//weibo.com/6342054558/IqptqqAWa?refer_flag=1001030103_,国士//@橄榄不菜 :愿平安//@Carol婵 ://@一个帅桃 :敬佩，平平安安
bejwnny,2020年01月20日,0,0,0,//weibo.com/5491390723/IqptqqySm?refer_flag=1001030103_,//@不吃素信女://@麦田垦荒日记:大家一定要多注意！//@靓仔杀手林真心:首页看看注意下//@姨太的吃瓜大会:或许有的小朋友不知道钟南山是谁，他就是03年带我们扛过非典，研究出非典疫苗的人。现在80多岁又重新出征了。真国士无双 评论配图
关耳欣怡,2020年01月20日,0,0,0,//weibo.com/3186456007/IqptqqxzY?refer_flag=1001030103_,今天的新闻真的让我觉得五味杂陈
米饭烊,2020年01月20日,0,0,0,//weibo.com/6335404115/IqptqpTcT?refer_flag=1001030103_,"//@胖虎侠://@燃烧的小骆驼:钟院士访问要点： 1、确认可以人传人，基于武汉和广东案例。 2、有医务人员被传染。 3、源头目前不清楚，但可能是竹鼠、獾这种野生动物（尽量别去碰野味）。 4、如无必要，近期不要去武汉。 5、有发热及时就医。 6、买不到N95，普通口罩也可以起到阻止飞沫传播的作用, 该戴"
呆桃呆桃小王子1005,2020年01月20日,0,0,0,//weibo.com/1901724423/IqptqoKzv?refer_flag=1001030103_,//@点团-Dot:愿平安//@墨棠枫:国士无双，真正的英雄
Wan85525,2020年01月20日,0,0,0,//weibo.com/6619681795/IqptqoJw4?refer_flag=1001030103_,转发微博
Tien_astra,2020年01月20日,0,0,0,//weibo.com/1110992232/IqptqoJfg?refer_flag=1001030103_,我碰到过无数次有人问我的专业是干什么的，看完这个视频我再告诉你们一次，我的专业是-流行病学。
想摘花的大羊_,2020年01月20日,0,0,0,//weibo.com/2959371320/IqptqoIBe?refer_flag=1001030103_,//@然后下面就没了://@M大王叫我来巡山:又值佳节，千万注意预防啊。//@俄罗斯事儿君:注意安全🙏//@橘味小哼yo:我可求求首页各位了 重视起来重视起来重视起来！//@追风少年刘全有://@回忆专用小马甲:大家注意安全🙏🏻
Qinderella,2020年01月20日,0,0,0,//weibo.com/1745819465/Iqptq74GT?refer_flag=1001030103_,转发
Aiba本命嫁我,2020年01月20日,0,0,0,//weibo.com/2339077855/Iqptq75Fx?refer_flag=1001030103_,平平安安//@骑三轮车的美少女:愿平安//@翦瞳秋 ://@DustSettles_ ://@不可爱玩家小吹 ://@Carol婵 ://@一个帅桃 :敬佩，平平安安
Mature41,2020年01月20日,0,0,0,//weibo.com/6473671478/Iqptq75dk?refer_flag=1001030103_,转发微博
甜甜的赞-,2020年01月20日,0,0,0,//weibo.com/7051026496/Iqptq8U4j?refer_flag=1001030103_,//@麦田垦荒日记:大家一定要多注意！//@靓仔杀手林真心:首页看看注意下//@姨太的吃瓜大会:或许有的小朋友不知道钟南山是谁，他就是03年带我们扛过非典，研究出非典疫苗的人。现在80多岁又重新出征了。真国士无双 评论配图
昊然学长的小学妹,2020年01月20日,0,0,0,//weibo.com/2929671884/Iqptq8STk?refer_flag=1001030103_,平安
用户6784862501,2020年01月20日,0,0,0,//weibo.com/6784862501/Iqptq8VH3?refer_flag=1001030103_,转发微博
荞麦面花,2020年01月20日,0,0,0,//weibo.com/3069313633/Iqptq8eKY?refer_flag=1001030103_,转发微博
一句猫上树春游,2020年01月20日,0,0,0,//weibo.com/2459054770/Iqptq8em7?refer_flag=1001030103_,//@一只炼奶:
草由与八,2020年01月20日,0,0,0,//weibo.com/7075612530/Iqptpxa2B?refer_flag=1001030103_,转发微博
佐佐鼬鼬ing,2020年01月20日,0,0,0,//weibo.com/2773321663/IqptpxcgR?refer_flag=1001030103_,转发微博
MeU_Ki,2020年01月20日,0,0,0,//weibo.com/2290620841/IqptpxdBx?refer_flag=1001030103_,//@水母头出村了://@芒果宓:感动//@夏目家的小诗哥:愿平安！//@KimTooL:平安🙏🏻//@脆皮鸭文学研究人员://@DAEEEEEEE:平安//@橄榄不菜:愿平安//@一个帅桃:敬佩，平平安安
圆脸的大柚V子,2020年01月20日,0,0,0,//weibo.com/6311631370/IqptpfwQi?refer_flag=1001030103_,Repost
Michelleyang2013,2020年01月20日,0,0,0,//weibo.com/2312539325/IqptpcAMW?refer_flag=1001030103_,//@雁子双飞去:应该禁食野生动物！人类才是这个世界最残忍的动物！这个海鲜市场有关部门为啥允许卖野味？！//@范范范Lynn:所有国人 真的不要乱吃野生动物了 伤害生灵 会有报应
堂本_有一颗兔牙君,2020年01月20日,0,0,0,//weibo.com/5818684342/IqptpcBAV?refer_flag=1001030103_,//@Gigi苦逼野郎://@兇惡狂暴貓丸號海賊船://@乔凯文:钟南山院士发话了:新型冠状病毒可以人传人。大家口罩等防护措施做起来吧。
蒲公英的思念_18,2020年01月20日,0,0,0,//weibo.com/6092298279/IqptpcBCV?refer_flag=1001030103_,转发微博
猫猫日娆,2020年01月20日,0,0,0,//weibo.com/3717906287/IqptpdFCI?refer_flag=1001030103_,转发微博
看我的月亮爬上来,2020年01月20日,0,0,0,//weibo.com/5242597377/IqptpeR1l?refer_flag=1001030103_,希望不要再出现了🙏🏻
your_smile_is_my_light,2020年01月20日,0,1,0,//weibo.com/5698437681/IqptoC0ty?refer_flag=1001030103_,院士83了，身体真好啊
风际纸鸢wings,2020年01月20日,0,0,0,//weibo.com/1770722083/IqptoBY3d?refer_flag=1001030103_,转发微博
晓行星星,2020年01月20日,0,0,0,//weibo.com/2474538814/IqptoBXOP?refer_flag=1001030103_,转发微博
晏翾,2020年01月20日,0,0,0,//weibo.com/6366291171/IqptoAVtB?refer_flag=1001030103_,转发微博
Cc崔晨,2020年01月20日,0,1,0,//weibo.com/3554551261/IqptoAUgA?refer_flag=1001030103_,钟南山央视直播接受白岩松采访要点（截止2200）：1、这个疾病是与sars、中东呼吸综合征平行的一个不同的疾病，症状有相似，但从疾病的严重性和传播力来说还是有差别的；现在在爬坡期，以后看以后发展情况；2、目前死亡率不高，两方面原因，一方面原因见1，另一方面我们积累了抗击sars的一定经验；但不可掉以轻心，当前情况不能代表全貌，处于一个爬坡阶段；3、新增案例增多也是两方面的原因，一个是试剂盒让确诊更快了，但疾病本身也在发展较快的过程中；4、主要集中在武汉的两个区，占了病例的45%；就是海鲜市场，那里也买很多野味；源头是什么动物，还不清楚，流行病学研究认为来自野生动物，可能是竹鼠、獾之类；5、现在可以肯定有人传人了，值得警惕；武汉有，在广东也有两个病人没去过武汉，但家人去过武汉，也感染了，所以肯定有人传人现象；现在医务人员也有传染上的；6、普通人预防，暂时不要去武汉，去过武汉、家人去过武汉+有症状要及时去当地发烧门诊就诊，戴口罩还是有用的，不一定非要戴N95。 2喀什地区·麦盖提县 
夏天别来太晚,2020年01月20日,0,0,0,//weibo.com/6470109802/IqptoATHD?refer_flag=1001030103_,"#钟南山谈疫情#钟院士是定海神针,国士无双啊，大家都注意安全，平平安安的。向奋战在一线的医务工作者致敬。 ​"
菜種梅汤,2020年01月20日,0,0,0,//weibo.com/6018779815/IqptoAVje?refer_flag=1001030103_,//@雪奕-://@Kang:🙏
盈富理财,2020年01月20日,0,0,0,//weibo.com/2049074854/Iqptojeki?refer_flag=1001030103_,//@蔡小心:读者们注意安全
乌龙茶和龙景水,2020年01月20日,2,0,0,//weibo.com/6590192837/IqptojePE?refer_flag=1001030103_,//@陈生大王://@严锋://@芳草碧连天VVV:钟南山访问要点记录： 1、确认可以人传人，基于武汉和广东案例。 2、有医务人员被传染。 3、源头目前不清楚，但可能是竹鼠、獾这种野生动物（尽量别去碰野味）。 4、如无必要，近期不要去武汉。 5、有发热及时就医。 6、买不到N95，普通口罩也可以起到阻止飞沫传
送你一匹马yoho,2020年01月20日,0,0,0,//weibo.com/5347805541/Iqptojh2I?refer_flag=1001030103_,//@福多多剧有福:人传人
汪某人就是我,2020年01月20日,0,0,0,//weibo.com/5366263551/Iqptokj2B?refer_flag=1001030103_,还是挺恐怖的，又赶上春运和过年这个特殊时期，希望不要扩散了
方大雯,2020年01月20日,0,0,0,//weibo.com/3563302224/IqptokjIi?refer_flag=1001030103_,//@陈生大王://@严锋://@芳草碧连天VVV:钟南山访问要点记录： 1、确认可以人传人，基于武汉和广东案例。 2、有医务人员被传染。 3、源头目前不清楚，但可能是竹鼠、獾这种野生动物（尽量别去碰野味）。 4、如无必要，近期不要去武汉。 5、有发热及时就医。 6、买不到N95，普通口罩也可以起到阻止飞沫传
Volts,2020年01月20日,0,0,0,//weibo.com/1923290233/IqptolsPU?refer_flag=1001030103_,害！！
小面面呜呜呜,2020年01月20日,0,0,0,//weibo.com/1725092883/Iqpto1zez?refer_flag=1001030103_,//@腐腐大人 ://@一Buddy一 :医者仁心。//@王小立 :hero！//@一人楽 ://@yaua- ://@歌且行风长吟· :
墨墨的安,2020年01月20日,0,0,0,//weibo.com/5539455196/Iqpto1C22?refer_flag=1001030103_,转发微博
渴望穿越的展宏,2020年01月20日,0,0,0,//weibo.com/1935171703/Iqpto3MSf?refer_flag=1001030103_,
首席炸鸡爱好者,2020年01月20日,0,0,0,//weibo.com/2974565984/Iqpto3Ozr?refer_flag=1001030103_,老实说我真的觉得很严重了加强锻炼注意卫生少去人口密集区吧
Crush_梨醴鲤,2020年01月20日,0,0,0,//weibo.com/6900903961/Iqpto3OTs?refer_flag=1001030103_,转发微博
夏_举起右手,2020年01月20日,0,0,0,//weibo.com/2565516862/Iqpto5xGU?refer_flag=1001030103_,//@花花的漫漫J://@择言刎歆歆歆歆:哇的一声。
跷跷板王者,2020年01月20日,0,0,0,//weibo.com/6579891586/Iqpto5zIL?refer_flag=1001030103_,//@嗑颜bot:转发一下，大家注意安全//@M大王叫我来巡山:又值佳节，千万注意预防啊。//@俄罗斯事儿君:注意安全🙏//@橘味小哼yo:我可求求首页各位了 重视起来重视起来重视起来！
咸味啵酥,2020年01月20日,8,0,0,//weibo.com/5229396377/IqptntOzX?refer_flag=1001030103_,//@甜啵奶熙:请一切平安🙏//@小羊几分:转发微博
斯百德,2020年01月20日,0,0,0,//weibo.com/1904282412/IqptntR0J?refer_flag=1001030103_,转发微博
星辰与大海啊,2020年01月20日,0,0,0,//weibo.com/6092276880/Iqptn8dsT?refer_flag=1001030103_,//@眠去daily://@芳草碧连天VVV:钟南山访问要点记录： 1、确认可以人传人，基于武汉和广东案例。 2、有医务人员被传染。 3、源头目前不清楚，但可能是竹鼠、獾这种野生动物（尽量别去碰野味）。 4、如无必要，近期不要去武汉。 5、有发热及时就医。 6、买不到N95，普通口罩也可以起到阻止飞沫传播的作
看不到的影子,2020年01月20日,0,0,0,//weibo.com/1936536072/Iqptn8cBs?refer_flag=1001030103_,致敬医学工作者在岗位上的巨大贡献
雪山虾,2020年01月20日,0,0,0,//weibo.com/6379835084/Iqptn8eTH?refer_flag=1001030103_,//@王小东:转发微博
咚咚不乖201802,2020年01月20日,0,0,0,//weibo.com/6491559237/Iqptn8fQO?refer_flag=1001030103_,转发微博
二百吴,2020年01月20日,0,0,0,//weibo.com/6194868644/Iqptn9iZe?refer_flag=1001030103_,转发微博
茗嘴猫猫3507,2020年01月20日,1,0,0,//weibo.com/5952029836/Iqptn9k9N?refer_flag=1001030103_,请平安！
甬城令狐葱,2020年01月20日,0,0,0,//weibo.com/1326252400/Iqptn9kOZ?refer_flag=1001030103_,【扩散！#一图看懂新型冠状病毒肺炎#】#钟南山肯定新型冠状病毒肺炎人传人#，那么新型冠状病毒感染的肺炎有哪些症状？如果你是密切接触者，你该怎么办？如何预防？口罩到底该怎么戴？微博整合核心内容，带你全面了解新型冠状病毒感染肺炎。 ​ 2慈溪市 ​
赤焰如鸢,2020年01月20日,0,0,0,//weibo.com/3634080043/IqptmyK4U?refer_flag=1001030103_,钟南山院士！看到这个名字就心安了
菲宇莫属310,2020年01月20日,0,0,0,//weibo.com/2718505737/IqptmwvGE?refer_flag=1001030103_,//@叼叼叼报纸:转发微博
兜穆,2020年01月20日,0,0,0,//weibo.com/5692847576/Iqptmwwas?refer_flag=1001030103_,转发微博
小飞哥89797,2020年01月20日,0,0,0,//weibo.com/6240128681/IqptmxAFh?refer_flag=1001030103_,转发微博
·仲夏夜之星·,2020年01月20日,0,0,0,//weibo.com/6297560625/IqptmxAHU?refer_flag=1001030103_,马 明天看
轩EF,2020年01月20日,0,0,0,//weibo.com/3731111570/IqptmxDbG?refer_flag=1001030103_,戴口罩戴口罩戴口罩
biubiubiubiubiuXD,2020年01月20日,0,0,0,//weibo.com/3187128701/IqptmyJpO?refer_flag=1001030103_,//@李大米Lidami:戴口罩出门，能不去人多的地方尽量不去❤。本来我们打算明天去游乐园，今天看到消息后取消了，家里蹲。
二月上上上,2020年01月20日,0,0,0,//weibo.com/5892341043/Iqptmh2OM?refer_flag=1001030103_,//@女王C-cup:对比今天的凶案，太难受了，不能这样对待医务工作者啊
Recutting,2020年01月20日,0,0,0,//weibo.com/5854009778/Iqptmh5KF?refer_flag=1001030103_,国士无双
dfbhdghkjbff,2020年01月20日,0,0,0,//weibo.com/6987569839/IqptmiK7M?refer_flag=1001030103_,转发微博
Junnn_w,2020年01月20日,0,0,0,//weibo.com/1595437637/IqptmiKBe?refer_flag=1001030103_,⚠️//@辣条娘:确认人传人。大家注意防护//@四镰://@秋田六千://@纯良英俊的笑了笑:⚠️//@这是一个很高冷的ID:一定要注意啊//@月亮与八芝士:注意戴口罩真的//@205号居民:大家请一定要做好个人防护 //@不吃菜XBS:一定要注意😷
LUKE不是撸客,2020年01月20日,0,0,0,//weibo.com/1873272304/IqptmfXXI?refer_flag=1001030103_,转发微博
快乐水龟,2020年01月20日,0,0,0,//weibo.com/2534127681/Iqptm0vXN?refer_flag=1001030103_,转发微博
-Scipio-,2020年01月20日,0,0,0,//weibo.com/1683779865/IqptlEgvr?refer_flag=1001030103_,//@投资舆情://@郭士英: 钟南山访问要点记录： 1、确认可以人传人，基于武汉和广东案例。 2、有医务人员被传染。 3、源头目前不清楚，但可能是竹鼠、獾这种野生动物（尽量别去碰野味）。 4、如无必要，近期不要去武汉。 5、有发热及时就医。 6、买不到N95，普通口罩也可以起到阻止飞沫传播的作用。
行僧不远行,2020年01月20日,0,0,0,//weibo.com/5591102918/IqptlEhRZ?refer_flag=1001030103_,转发微博
已经被大风从十七楼阳台刮下去了,2020年01月20日,0,0,0,//weibo.com/1735521083/Iqptm0wLV?refer_flag=1001030103_,84岁了！//@墨鱼糕糕:钟南山院士看起来好年轻……完全不像八十多的
鼻子不长的象象,2020年01月20日,0,0,0,//weibo.com/5038301509/IqptlmAKT?refer_flag=1001030103_,转发微博
有没有觉得很神奇,2020年01月20日,0,0,0,//weibo.com/7177225868/IqptlmBqp?refer_flag=1001030103_,//@Clytze·:希望平安//@瓶仄相邪:🙏//@KimTooL:平安🙏🏻//@脆皮鸭文学研究人员://@DAEEEEEEE:平安//@橄榄不菜:愿平安//@Carol婵://@一个帅桃:敬佩，平平安安
有点无聊的白小开,2020年01月20日,0,0,0,//weibo.com/1733122922/IqptlmCzF?refer_flag=1001030103_,//@my_saruru:转发微博
vii_拔掉flag_-0-,2020年01月20日,0,0,0,//weibo.com/2393940022/IqptlnEYy?refer_flag=1001030103_,钟南山大佬…不愧是院士……并没有很乐观啊
今天也想吃面包,2020年01月20日,0,0,0,//weibo.com/1783218692/IqptlnFez?refer_flag=1001030103_,//@Tide_singing://@小许的朋友:钟南山访问要点： 1、确认可以人传人，基于武汉和广东案例。 2、有医务人员被传染。 3、源头目前不清楚，但可能是竹鼠、獾这种野生动物（尽量别去碰野味）。 4、如无必要，近期不要去武汉。 5、有发热及时就医。 6、买不到N95，外科口罩也可以起到阻止飞沫传播的作用（
ALL_IN_SON,2020年01月20日,0,0,0,//weibo.com/5531594510/IqptlnGjs?refer_flag=1001030103_,转发微博
ALi_abc,2020年01月20日,0,0,0,//weibo.com/1400569700/Iqptl4YQf?refer_flag=1001030103_,//@麓卡麓卡:钟南山访问要点： 1、确认可以人传人，基于武汉和广东案例 2、有医务人员被传染 3、源头目前不清楚，但可能是竹鼠、獾这种野生动物（尽量别去碰野味） 4、如无必要，近期不要去武汉 5、有发热及时就医 6、买不到N95，一般外科口罩也可以起到阻止飞沫传播的作用（大家戴口罩啊戴口罩啊）
老四379-,2020年01月20日,0,0,0,//weibo.com/1893174500/Iqptl4Zps?refer_flag=1001030103_,转发微博
我只是一个小饭桶呢,2020年01月20日,0,0,0,//weibo.com/6057853037/Iqptl60dN?refer_flag=1001030103_,每一次 我都会感动而为理想浇水
你贰叔,2020年01月20日,0,0,0,//weibo.com/1800856583/Iqptl60FS?refer_flag=1001030103_,伟大！！！这才可以称之为人！！//@高兴Gskyace://@少年新鸡事件簿:这名字一听就是老神仙🙏//@Hitomi_L227://@龙珊Ryosan:🙏//@红达貘://@椰子A姬E子两手抓://@四班的瑟瑟_喜欢小树杈: 神仙🙏 //@改名纠结中的卡卡:国士无双，祝平安归来🙏
岁月静好之橘子,2020年01月20日,0,0,0,//weibo.com/5992231987/Iqptl60JX?refer_flag=1001030103_,转发微博
·百·无·禁·忌·,2020年01月20日,0,0,0,//weibo.com/6415888894/Iqptl61SW?refer_flag=1001030103_,转发微博
潘某三,2020年01月20日,13,0,0,//weibo.com/5073435134/Iqptl63xQ?refer_flag=1001030103_,转发微博
猫遇狐,2020年01月20日,0,0,0,//weibo.com/5571923601/Iqptl62VZ?refer_flag=1001030103_,🙏
我的猪猪布鲁酱,2020年01月20日,0,0,0,//weibo.com/5316114900/Iqptl7HOc?refer_flag=1001030103_,转发微博
无患子20,2020年01月20日,0,0,0,//weibo.com/5862281605/Iqptkw2Wi?refer_flag=1001030103_,转发微博
晨了个曦曦,2020年01月20日,0,0,0,//weibo.com/2135652600/IqptkbALo?refer_flag=1001030103_,转发微博
星星当时就被勾魂了,2020年01月20日,0,6,0,//weibo.com/1750892540/IqptkbCYz?refer_flag=1001030103_,钟老都出来了，可见有点棘手
Stempted,2020年01月20日,0,0,0,//weibo.com/6480537358/IqptkcHK3?refer_flag=1001030103_,英雄
Ber贲儿,2020年01月20日,0,0,0,//weibo.com/2824162570/IqptkdOd0?refer_flag=1001030103_,//@麓卡麓卡:钟南山访问要点记录： 1、确认可以人传人，基于武汉和广东案例 2、有医务人员被传染 3、源头目前不清楚，但可能是竹鼠、獾这种野生动物（尽量别去碰野味） 4、如无必要，近期不要去武汉 5、有发热及时就医 6、买不到N95，一般外科口罩也可以起到阻止飞沫传播的作用（大家戴口罩啊戴口罩啊
6笛6,2020年01月20日,0,0,0,//weibo.com/2463738575/IqptkdOoP?refer_flag=1001030103_,转发微博
manatsumanatsu,2020年01月20日,0,4,0,//weibo.com/5458656231/IqptkekJE?refer_flag=1001030103_,
重达远山,2020年01月20日,0,0,0,//weibo.com/7071585596/IqptjksFG?refer_flag=1001030103_,钟先生的话是令人信服的。《钟南山：新型肺炎很可能来自野味》钟南山院士指出，现在要提高警惕，全民、领导、政府、医务人员，包括媒体，属地的领导要负起责任，我们有信心能够控制新型冠状病毒。O网页链接 ​
乐职的一朵小红花,2020年01月20日,0,0,0,//weibo.com/6307094462/Iqptjifjh?refer_flag=1001030103_,转发微博
宁静致远-刘微芝,2020年01月20日,0,0,0,//weibo.com/1586543614/Iqptj0AMH?refer_flag=1001030103_,转发微博
跪滑达人,2020年01月20日,0,0,0,//weibo.com/7312276204/Iqptj0AS2?refer_flag=1001030103_,//@佛心蛊://@二月葫芦: 完整版
十五寻找食物i,2020年01月20日,0,0,0,//weibo.com/6847572360/Iqptj2Mzz?refer_flag=1001030103_,希望大家都可以过一个健康年
小橘真的不重,2020年01月20日,0,0,0,//weibo.com/5643394946/Iqptj2NvD?refer_flag=1001030103_,//@Cat·Million://@口腔专家陈大伟:钟南山院士指出，现在要提高警惕，全民、领导、政府、医务人员，包括媒体，属地的领导要负起责任，我们有信心能够控制新型冠状病毒。钟南山表示，这次用两周定位了新型冠状病毒，再加上我们有很好的监控以及隔离制度，相信疫情不会像17年前SARS造成的社会影响以
酷酷的铁锤妹,2020年01月20日,0,0,0,//weibo.com/2994224713/IqptisF7j?refer_flag=1001030103_,转发微博
IbinLynn,2020年01月20日,0,0,0,//weibo.com/1523717920/Iqpti8kyt?refer_flag=1001030103_,//@李静睿的昨日世界:转发微博
我会旺我一定会旺,2020年01月20日,0,0,0,//weibo.com/2031259365/Iqptib282?refer_flag=1001030103_,//@新年一定好运-:转发微博
木木AAAAA,2020年01月20日,0,0,0,//weibo.com/1826908370/IqpthzhnY?refer_flag=1001030103_,转发微博
中午想吃水煮鱼,2020年01月20日,0,0,0,//weibo.com/5592771406/IqpthwCxn?refer_flag=1001030103_,敬佩//@Carol婵://@一个帅桃:敬佩，平平安安
观察者-observer,2020年01月20日,4,0,0,//weibo.com/3223172770/IqpthhDHq?refer_flag=1001030103_,值得尊敬的学者//@失踪美杜莎:如何用两段话看得人想哭//@one_blackhole:真正的战士
朱彦妮妮妮妮妮,2020年01月20日,0,0,0,//weibo.com/1769212994/IqpthhDnu?refer_flag=1001030103_,//@阮光锋-营养健康:这边在砍医生，那边是未知的病毒，医生队伍能稳定也难。//@神丙: 是真的倒退，真的心痛//@孙策不与周郎便:“医生队伍稳定了，社会稳定就有保证。”我恸哭，何其讽刺！何其悲哀！
-阿唤-,2020年01月20日,1,0,0,//weibo.com/5459242779/IqpthhDnp?refer_flag=1001030103_,转发微博
从前有个幺妹儿秋,2020年01月20日,0,0,0,//weibo.com/1841671557/IqptheVrA?refer_flag=1001030103_,逆天改命之士//@传说中的S君:转发微博
阿荒不慌,2020年01月20日,0,0,0,//weibo.com/5601493779/IqptgFWcG?refer_flag=1001030103_,转发微博
不会秃头的Glenda,2020年01月20日,0,0,0,//weibo.com/5985338063/IqptJlpzR?refer_flag=1001030103_,转发微博
一颗辣球,2020年01月20日,0,0,0,//weibo.com/2821779557/IqptJlq24?refer_flag=1001030103_,敬佩
CarpeDiemMJ,2020年01月20日,2,0,0,//weibo.com/5401373471/IqptJhW64?refer_flag=1001030103_,//@Matsumachiko://@朵Mochi:转发微博
流氓兔爱你,2020年01月20日,0,0,0,//weibo.com/3125319073/IqptJj3wV?refer_flag=1001030103_,。。
Kkris_kz,2020年01月20日,0,0,0,//weibo.com/5136558678/IqptJj5kT?refer_flag=1001030103_,平平安安平平安安
佩琦的花心实录,2020年01月20日,6,0,0,//weibo.com/2806985357/IqptJkn2D?refer_flag=1001030103_,英雄平安
追剧小樱桃xyt,2020年01月20日,0,0,0,//weibo.com/7304018958/IqptJknCP?refer_flag=1001030103_,大家去公共场合千万注意安全
关伯兰在微笑,2020年01月20日,0,0,0,//weibo.com/5238877618/IqptJkodW?refer_flag=1001030103_,转发微博
不会秃头的Glenda,2020年01月20日,0,0,0,//weibo.com/5985338063/IqptJlpzR?refer_flag=1001030103_,转发微博
一颗辣球,2020年01月20日,0,0,0,//weibo.com/2821779557/IqptJlq24?refer_flag=1001030103_,敬佩
CarpeDiemMJ,2020年01月20日,2,0,0,//weibo.com/5401373471/IqptJhW64?refer_flag=1001030103_,//@Matsumachiko://@朵Mochi:转发微博
流氓兔爱你,2020年01月20日,0,0,0,//weibo.com/3125319073/IqptJj3wV?refer_flag=1001030103_,。。
Kkris_kz,2020年01月20日,0,0,0,//weibo.com/5136558678/IqptJj5kT?refer_flag=1001030103_,平平安安平平安安
佩琦的花心实录,2020年01月20日,6,0,0,//weibo.com/2806985357/IqptJkn2D?refer_flag=1001030103_,英雄平安
追剧小樱桃xyt,2020年01月20日,0,0,0,//weibo.com/7304018958/IqptJknCP?refer_flag=1001030103_,大家去公共场合千万注意安全
关伯兰在微笑,2020年01月20日,0,0,0,//weibo.com/5238877618/IqptJkodW?refer_flag=1001030103_,转发微博
不会秃头的Glenda,2020年01月20日,0,0,0,//weibo.com/5985338063/IqptJlpzR?refer_flag=1001030103_,转发微博
一颗辣球,2020年01月20日,0,0,0,//weibo.com/2821779557/IqptJlq24?refer_flag=1001030103_,敬佩
CarpeDiemMJ,2020年01月20日,2,0,0,//weibo.com/5401373471/IqptJhW64?refer_flag=1001030103_,//@Matsumachiko://@朵Mochi:转发微博
流氓兔爱你,2020年01月20日,0,0,0,//weibo.com/3125319073/IqptJj3wV?refer_flag=1001030103_,。。
Kkris_kz,2020年01月20日,0,0,0,//weibo.com/5136558678/IqptJj5kT?refer_flag=1001030103_,平平安安平平安安
佩琦的花心实录,2020年01月20日,6,0,0,//weibo.com/2806985357/IqptJkn2D?refer_flag=1001030103_,英雄平安
追剧小樱桃xyt,2020年01月20日,0,0,0,//weibo.com/7304018958/IqptJknCP?refer_flag=1001030103_,大家去公共场合千万注意安全
关伯兰在微笑,2020年01月20日,0,0,0,//weibo.com/5238877618/IqptJkodW?refer_flag=1001030103_,转发微博
不会秃头的Glenda,2020年01月20日,0,0,0,//weibo.com/5985338063/IqptJlpzR?refer_flag=1001030103_,转发微博
一颗辣球,2020年01月20日,0,0,0,//weibo.com/2821779557/IqptJlq24?refer_flag=1001030103_,敬佩
CarpeDiemMJ,2020年01月20日,2,0,0,//weibo.com/5401373471/IqptJhW64?refer_flag=1001030103_,//@Matsumachiko://@朵Mochi:转发微博
流氓兔爱你,2020年01月20日,0,0,0,//weibo.com/3125319073/IqptJj3wV?refer_flag=1001030103_,。。
Kkris_kz,2020年01月20日,0,0,0,//weibo.com/5136558678/IqptJj5kT?refer_flag=1001030103_,平平安安平平安安
佩琦的花心实录,2020年01月20日,6,0,0,//weibo.com/2806985357/IqptJkn2D?refer_flag=1001030103_,英雄平安
追剧小樱桃xyt,2020年01月20日,0,0,0,//weibo.com/7304018958/IqptJknCP?refer_flag=1001030103_,大家去公共场合千万注意安全
关伯兰在微笑,2020年01月20日,0,0,0,//weibo.com/5238877618/IqptJkodW?refer_flag=1001030103_,转发微博
不会秃头的Glenda,2020年01月20日,0,0,0,//weibo.com/5985338063/IqptJlpzR?refer_flag=1001030103_,转发微博
一颗辣球,2020年01月20日,0,0,0,//weibo.com/2821779557/IqptJlq24?refer_flag=1001030103_,敬佩
CarpeDiemMJ,2020年01月20日,2,0,0,//weibo.com/5401373471/IqptJhW64?refer_flag=1001030103_,//@Matsumachiko://@朵Mochi:转发微博
流氓兔爱你,2020年01月20日,0,0,0,//weibo.com/3125319073/IqptJj3wV?refer_flag=1001030103_,。。
Kkris_kz,2020年01月20日,0,0,0,//weibo.com/5136558678/IqptJj5kT?refer_flag=1001030103_,平平安安平平安安
佩琦的花心实录,2020年01月20日,6,0,0,//weibo.com/2806985357/IqptJkn2D?refer_flag=1001030103_,英雄平安
追剧小樱桃xyt,2020年01月20日,0,0,0,//weibo.com/7304018958/IqptJknCP?refer_flag=1001030103_,大家去公共场合千万注意安全
关伯兰在微笑,2020年01月20日,0,0,0,//weibo.com/5238877618/IqptJkodW?refer_flag=1001030103_,转发微博
不会秃头的Glenda,2020年01月20日,0,0,0,//weibo.com/5985338063/IqptJlpzR?refer_flag=1001030103_,转发微博
一颗辣球,2020年01月20日,0,0,0,//weibo.com/2821779557/IqptJlq24?refer_flag=1001030103_,敬佩
CarpeDiemMJ,2020年01月20日,2,0,0,//weibo.com/5401373471/IqptJhW64?refer_flag=1001030103_,//@Matsumachiko://@朵Mochi:转发微博
流氓兔爱你,2020年01月20日,0,0,0,//weibo.com/3125319073/IqptJj3wV?refer_flag=1001030103_,。。
Kkris_kz,2020年01月20日,0,0,0,//weibo.com/5136558678/IqptJj5kT?refer_flag=1001030103_,平平安安平平安安
佩琦的花心实录,2020年01月20日,6,0,0,//weibo.com/2806985357/IqptJkn2D?refer_flag=1001030103_,英雄平安
追剧小樱桃xyt,2020年01月20日,0,0,0,//weibo.com/7304018958/IqptJknCP?refer_flag=1001030103_,大家去公共场合千万注意安全
关伯兰在微笑,2020年01月20日,0,0,0,//weibo.com/5238877618/IqptJkodW?refer_flag=1001030103_,转发微博
不会秃头的Glenda,2020年01月20日,0,0,0,//weibo.com/5985338063/IqptJlpzR?refer_flag=1001030103_,转发微博
一颗辣球,2020年01月20日,0,0,0,//weibo.com/2821779557/IqptJlq24?refer_flag=1001030103_,敬佩
CarpeDiemMJ,2020年01月20日,2,0,0,//weibo.com/5401373471/IqptJhW64?refer_flag=1001030103_,//@Matsumachiko://@朵Mochi:转发微博
流氓兔爱你,2020年01月20日,0,0,0,//weibo.com/3125319073/IqptJj3wV?refer_flag=1001030103_,。。
Kkris_kz,2020年01月20日,0,0,0,//weibo.com/5136558678/IqptJj5kT?refer_flag=1001030103_,平平安安平平安安
佩琦的花心实录,2020年01月20日,6,0,0,//weibo.com/2806985357/IqptJkn2D?refer_flag=1001030103_,英雄平安
追剧小樱桃xyt,2020年01月20日,0,0,0,//weibo.com/7304018958/IqptJknCP?refer_flag=1001030103_,大家去公共场合千万注意安全
关伯兰在微笑,2020年01月20日,0,0,0,//weibo.com/5238877618/IqptJkodW?refer_flag=1001030103_,转发微博
不会秃头的Glenda,2020年01月20日,0,0,0,//weibo.com/5985338063/IqptJlpzR?refer_flag=1001030103_,转发微博
一颗辣球,2020年01月20日,0,0,0,//weibo.com/2821779557/IqptJlq24?refer_flag=1001030103_,敬佩
CarpeDiemMJ,2020年01月20日,2,0,0,//weibo.com/5401373471/IqptJhW64?refer_flag=1001030103_,//@Matsumachiko://@朵Mochi:转发微博
流氓兔爱你,2020年01月20日,0,0,0,//weibo.com/3125319073/IqptJj3wV?refer_flag=1001030103_,。。
Kkris_kz,2020年01月20日,0,0,0,//weibo.com/5136558678/IqptJj5kT?refer_flag=1001030103_,平平安安平平安安
佩琦的花心实录,2020年01月20日,6,0,0,//weibo.com/2806985357/IqptJkn2D?refer_flag=1001030103_,英雄平安
追剧小樱桃xyt,2020年01月20日,0,0,0,//weibo.com/7304018958/IqptJknCP?refer_flag=1001030103_,大家去公共场合千万注意安全
关伯兰在微笑,2020年01月20日,0,0,0,//weibo.com/5238877618/IqptJkodW?refer_flag=1001030103_,转发微博
不会秃头的Glenda,2020年01月20日,0,0,0,//weibo.com/5985338063/IqptJlpzR?refer_flag=1001030103_,转发微博
一颗辣球,2020年01月20日,0,0,0,//weibo.com/2821779557/IqptJlq24?refer_flag=1001030103_,敬佩
CarpeDiemMJ,2020年01月20日,2,0,0,//weibo.com/5401373471/IqptJhW64?refer_flag=1001030103_,//@Matsumachiko://@朵Mochi:转发微博
流氓兔爱你,2020年01月20日,0,0,0,//weibo.com/3125319073/IqptJj3wV?refer_flag=1001030103_,。。
Kkris_kz,2020年01月20日,0,0,0,//weibo.com/5136558678/IqptJj5kT?refer_flag=1001030103_,平平安安平平安安
佩琦的花心实录,2020年01月20日,6,0,0,//weibo.com/2806985357/IqptJkn2D?refer_flag=1001030103_,英雄平安
追剧小樱桃xyt,2020年01月20日,0,0,0,//weibo.com/7304018958/IqptJknCP?refer_flag=1001030103_,大家去公共场合千万注意安全
关伯兰在微笑,2020年01月20日,0,0,0,//weibo.com/5238877618/IqptJkodW?refer_flag=1001030103_,转发微博
不会秃头的Glenda,2020年01月20日,0,0,0,//weibo.com/5985338063/IqptJlpzR?refer_flag=1001030103_,转发微博
一颗辣球,2020年01月20日,0,0,0,//weibo.com/2821779557/IqptJlq24?refer_flag=1001030103_,敬佩
CarpeDiemMJ,2020年01月20日,2,0,0,//weibo.com/5401373471/IqptJhW64?refer_flag=1001030103_,//@Matsumachiko://@朵Mochi:转发微博
流氓兔爱你,2020年01月20日,0,0,0,//weibo.com/3125319073/IqptJj3wV?refer_flag=1001030103_,。。
Kkris_kz,2020年01月20日,0,0,0,//weibo.com/5136558678/IqptJj5kT?refer_flag=1001030103_,平平安安平平安安
佩琦的花心实录,2020年01月20日,6,0,0,//weibo.com/2806985357/IqptJkn2D?refer_flag=1001030103_,英雄平安
追剧小樱桃xyt,2020年01月20日,0,0,0,//weibo.com/7304018958/IqptJknCP?refer_flag=1001030103_,大家去公共场合千万注意安全
关伯兰在微笑,2020年01月20日,0,0,0,//weibo.com/5238877618/IqptJkodW?refer_flag=1001030103_,转发微博
不会秃头的Glenda,2020年01月20日,0,0,0,//weibo.com/5985338063/IqptJlpzR?refer_flag=1001030103_,转发微博
一颗辣球,2020年01月20日,0,0,0,//weibo.com/2821779557/IqptJlq24?refer_flag=1001030103_,敬佩
CarpeDiemMJ,2020年01月20日,2,0,0,//weibo.com/5401373471/IqptJhW64?refer_flag=1001030103_,//@Matsumachiko://@朵Mochi:转发微博
流氓兔爱你,2020年01月20日,0,0,0,//weibo.com/3125319073/IqptJj3wV?refer_flag=1001030103_,。。
Kkris_kz,2020年01月20日,0,0,0,//weibo.com/5136558678/IqptJj5kT?refer_flag=1001030103_,平平安安平平安安
佩琦的花心实录,2020年01月20日,6,0,0,//weibo.com/2806985357/IqptJkn2D?refer_flag=1001030103_,英雄平安
追剧小樱桃xyt,2020年01月20日,0,0,0,//weibo.com/7304018958/IqptJknCP?refer_flag=1001030103_,大家去公共场合千万注意安全
关伯兰在微笑,2020年01月20日,0,0,0,//weibo.com/5238877618/IqptJkodW?refer_flag=1001030103_,转发微博
不会秃头的Glenda,2020年01月20日,0,0,0,//weibo.com/5985338063/IqptJlpzR?refer_flag=1001030103_,转发微博
一颗辣球,2020年01月20日,0,0,0,//weibo.com/2821779557/IqptJlq24?refer_flag=1001030103_,敬佩
CarpeDiemMJ,2020年01月20日,2,0,0,//weibo.com/5401373471/IqptJhW64?refer_flag=1001030103_,//@Matsumachiko://@朵Mochi:转发微博
流氓兔爱你,2020年01月20日,0,0,0,//weibo.com/3125319073/IqptJj3wV?refer_flag=1001030103_,。。
Kkris_kz,2020年01月20日,0,0,0,//weibo.com/5136558678/IqptJj5kT?refer_flag=1001030103_,平平安安平平安安
佩琦的花心实录,2020年01月20日,6,0,0,//weibo.com/2806985357/IqptJkn2D?refer_flag=1001030103_,英雄平安
追剧小樱桃xyt,2020年01月20日,0,0,0,//weibo.com/7304018958/IqptJknCP?refer_flag=1001030103_,大家去公共场合千万注意安全
关伯兰在微笑,2020年01月20日,0,0,0,//weibo.com/5238877618/IqptJkodW?refer_flag=1001030103_,转发微博
不会秃头的Glenda,2020年01月20日,0,0,0,//weibo.com/5985338063/IqptJlpzR?refer_flag=1001030103_,转发微博
一颗辣球,2020年01月20日,0,0,0,//weibo.com/2821779557/IqptJlq24?refer_flag=1001030103_,敬佩
CarpeDiemMJ,2020年01月20日,2,0,0,//weibo.com/5401373471/IqptJhW64?refer_flag=1001030103_,//@Matsumachiko://@朵Mochi:转发微博
流氓兔爱你,2020年01月20日,0,0,0,//weibo.com/3125319073/IqptJj3wV?refer_flag=1001030103_,。。
Kkris_kz,2020年01月20日,0,0,0,//weibo.com/5136558678/IqptJj5kT?refer_flag=1001030103_,平平安安平平安安
佩琦的花心实录,2020年01月20日,6,0,0,//weibo.com/2806985357/IqptJkn2D?refer_flag=1001030103_,英雄平安
追剧小樱桃xyt,2020年01月20日,0,0,0,//weibo.com/7304018958/IqptJknCP?refer_flag=1001030103_,大家去公共场合千万注意安全
关伯兰在微笑,2020年01月20日,0,0,0,//weibo.com/5238877618/IqptJkodW?refer_flag=1001030103_,转发微博
