hyj心灵长假,2019年12月17日,0,0,0,//weibo.com/3509326164/IlaU641BL?refer_flag=1001030103_,【全世界医生都靠技术吃饭，中国医生靠卖药吃饭】一个医生半天要看50个人，有什么时间和病人交流？排队3小时、看病3分钟，没有沟通就容易产生矛盾。与其说是医生道德问题，不如说是医院体制问题。医改不应该用抓经济的思路，而要尊重生命。——钟南山 ​​​​
漂流668,2019年12月17日,0,0,0,//weibo.com/1750700262/IlasBn8fz?refer_flag=1001030103_,发表了一篇转载博文《[转载]钟南山：支架让生命进入倒计时》O[转载]钟南山：支架让生命进入倒计时 ​
用户6811451297,2019年12月17日,0,0,0,//weibo.com/6811451297/IlanHk3wJ?refer_flag=1001030103_,转发【坚果说电影】随着年龄增长，身体器官逐渐开始衰退，抵抗力开始缓慢下降，自己的身体会逐渐的发生衰老。40岁 钟南山：人过40后，越“懒”或许越长寿，坚持3个懒长寿不难 O网页链接 ​
开心1119_13392,2019年12月17日,0,0,0,//weibo.com/5092848748/Il9Kvt2cK?refer_flag=1001030103_,钟南山：医中勇士，患者铠甲 O网页链接 ​
春风ufo,2019年12月17日,1,0,0,//weibo.com/2723712731/Il9JDqaeO?refer_flag=1001030103_,他批判了当前一些公立医院医生不讲医德、违规创收的行为。放心脏支架的后果放支架是一种救急手段，它的作用是让随时都会心梗死亡的患者解除这种危险，是没有办法的办法，所以是万万不能随便放的！『钟南山 | 支架，让生命进入倒计时？』O推荐 ​
普樹的执念,2019年12月17日,0,0,0,//weibo.com/1271171212/Il9D0DDCX?refer_flag=1001030103_,【全世界医生都靠技术吃饭，中国医生靠卖药吃饭】一个医生半天要看50个人，有什么时间和病人交流？排队3小时、看病3分钟，没有沟通就容易产生矛盾。与其说是医生道德问题，不如说是医院体制问题。医改不应该用抓经济的思路，而要尊重生命。——钟南山#这里是中国##教育# ​
心田农事,2019年12月17日,0,0,0,//weibo.com/3645605545/Il9BOeycZ?refer_flag=1001030103_,良心医生敢说得话：【全世界医生都靠技术吃饭，中国医生靠卖药吃饭】一个医生半天要看50个人，有什么时间和病人交流？排队3小时、看病3分钟，没有沟通就容易产生矛盾。与其说是医生道德问题，不如说是医院体制问题。医改不应该用抓经济的思路，而要尊重生命。——钟南山 ​
五海荣_jev,2019年12月17日,0,0,0,//weibo.com/1779921184/Il9pIeQQ7?refer_flag=1001030103_,发表了一篇转载博文《[转载]钟南山：支架让生命进入倒计时》O[转载]钟南山：支架让生命进入倒计时 ​
非共,2019年12月17日,0,0,0,//weibo.com/1662101672/Il9447RX8?refer_flag=1001030103_,【全世界医生都靠技术吃饭，中国医生靠卖药吃饭】一个医生半天要看50个人，有什么时间和病人交流？排队3小时、看病3分钟，没有沟通就容易产生矛盾。与其说是医生道德问题，不如说是医院体制问题。医改不应该用抓经济的思路，而要尊重生命。——钟南山 ​
子慧君,2019年12月17日,0,0,0,//weibo.com/2827953132/Il8Krznn0?refer_flag=1001030103_,《养生之道，莫先于食：饮食养生，钟南山院士说出3个原则》因此，牛肉、鹿肉、羊肉、鸭肉等红肉，应该在生活中减少食用。O网页链接 ​
春天690330,2019年12月17日,0,0,0,//weibo.com/2758186974/Il8wvx9cM?refer_flag=1001030103_,发表了一篇转载博文《[转载]钟南山：支架让生命进入倒计时》O[转载]钟南山：支架让生命进入倒计时 ​
生命的故乡,2019年12月17日,0,0,0,//weibo.com/1767145151/Il6CJCSC4?refer_flag=1001030103_,【#钟南山谈肺动脉高压#：望早发现早治疗，建议“伟哥”入医保】独自去药店买“伟哥”，靠吃“伟哥”续命5年，河南许昌8岁女童小雅（化名）的故事被曝光后，引起公众对肺动脉高压病患群体的关注。11月27日，在爱心药企的帮助下，妈妈尚雪（化名）带小雅南赴广州，为小雅做全面检查。小雅患的是特发性肺...全文： O网页链接 
njl东海龙,2019年12月17日,0,0,0,//weibo.com/3062755881/Il6qhvRK9?refer_flag=1001030103_,发表了一篇转载博文《[转载]钟南山：支架让生命进入倒计时》O[转载]钟南山：支架让生命进入倒计时 ​
霞光万道717,2019年12月17日,0,0,0,//weibo.com/6491013127/Il6i2jVHj?refer_flag=1001030103_,发表了一篇转载博文《[转载]钟南山：支架让生命进入倒计时》O[转载]钟南山：支架让生命进入倒计时 ​
Gm1680,2019年12月16日,0,0,0,//weibo.com/6002290440/Il5SiEXIe?refer_flag=1001030103_,【全世界医生都靠技术吃饭，中国医生靠卖药吃饭】一个医生半天要看50个人，有什么时间和病人交流？排队3小时、看病3分钟，没有沟通就容易产生矛盾。与其说是医生道德问题，不如说是医院体制问题。医改不应该用抓经济的思路，而要尊重生命。——钟南山 ​​​ 2银川 ​
用户3240781803,2019年12月16日,0,0,0,//weibo.com/3240781803/Il5eX81Ff?refer_flag=1001030103_,发表了一篇转载博文《[转载]钟南山：支架让生命进入倒计时》O[转载]钟南山：支架让生命进入倒计时 ​
奔三路上的二小姐,2019年12月16日,0,0,0,//weibo.com/3815990149/Il59Me92C?refer_flag=1001030103_,全世界医生都靠技术吃饭，中国医生靠卖药吃饭，一个医生半天要看50个人，有什么时间和病人交流？排队3小时、看病3分钟，没有沟通就容易产生矛盾。与其说是医生道德问题，不如说是医院体制问题。医改不应该用抓经济的思路，而要尊重生命。——钟南山 2福州 ​
财神爷分析球,2019年12月16日,0,0,0,//weibo.com/7353342126/Il49SjyjW?refer_flag=1001030103_,如果要用一个字形容中国男足，我觉得怂字最合适。1994年，中国足球开始走职业化的道路，其初衷是能提高中国足球的水平，早日冲出亚洲，走向世界。二十多年过去了，冲出亚洲的目标算是勉强实现了。2002年世界杯，因为亚洲实力一流的日本和韩国是世界杯东道主，他们无需再打预选赛。中国队在十强赛幸运地避开伊朗和沙特两个劲敌，在神奇教练米卢的带领下才勉强进入世界杯。到了世界杯赛场的中国队才意识到与世界强队的差距，三场小组赛中国队一球未进，一分未得，同组的除了巴西是一流强队，土耳其和哥斯达黎加只能算三四流球队。而晋级2002年世界杯赛已经是二十多年来中国队取得的最好成绩，这些年来，每逢有中国队的比赛，大多都会成为球迷心中的痛。1比5输给泰国，0比8负于世界冠军巴西，球迷不是不能接受失败，而是中国球员在球场上散漫的作风让人无语。在球场上态度散漫的散步帝陈中流、冯潇霆，为了参加俱乐部比赛有不少国足球员在国家队诈伤，这些球员在球场上拼抢不积极，像一盘散沙，很少看到漂亮的团队配合。怎么让球迷拥护？与国足糟糕表现不成正比的是他们的高收入，身价几千万甚至过亿，年薪几百万，最高的甚至已经过千万。这实在是让人愤愤不平。无数为国家做出重大贡献的科学家如钟南山、袁隆平、屠呦呦等人，他们一辈子的收入也没有一名男足球员的高，这些科学家为祖国和人类做出重大贡献，而国足给我们带来什么？比我们起步稍晚的邻国日本，在起步阶段水平落后于中国，他们也是经过二三十年的发展，已经成为亚洲一流球队，反观中国队由亚洲准一流沦落到亚洲三流水平。巨大的投入，让人失望的产出，这就是中国足球的现状。让人悲哀的是中国足球至今仍然没有找到正确的发展道路。2022年世界杯预选赛，中国队开始加入了归化球员埃克森和李可等人。不可否认归化可以在段时间内提高球队水平，日本队在起步阶段也是靠归化巴西球员而迅速提升实力。但是日本足协眼光长远，他们除了归化球员，还十分重视青训和输送优秀球员留洋。日本的青训体系十分完善，主要由三部分组成：一是职业俱乐部各年龄段的青训梯队。二是各级地方青训中心的球队。三是全国从小学到大学的校足球队。日本足协还十分注意推动球员留洋，日本俱乐部为了使球员留洋踢球，球员的转会费都十分便宜，如香川真司当年从大阪樱花转会到多特蒙德时转会费仅仅35万欧元。在刚刚公布的世界杯预选赛，日本23人大名单里，有20名球员留洋海外，只有3名来自日本联赛。因此，国足振兴之路还十分漫长，足协的眼光应该放长远，注重青训，积极推动球员留洋发展，只有做好了这些，中国足球才可能切实提高水平。 
一部分一小部分,2019年12月16日,0,0,0,//weibo.com/5304384258/Il416kVap?refer_flag=1001030103_,转发微博
百年相思泪,2019年12月16日,0,0,0,//weibo.com/6143022116/Il3EryOue?refer_flag=1001030103_,发表了一篇转载博文《[转载]钟南山：支架让生命进入倒计时》O[转载]钟南山：支架让生命进入倒计时 ​
betterme慧,2019年12月16日,0,0,0,//weibo.com/6140897733/Il3d7uBve?refer_flag=1001030103_,【全世界医生都靠技术吃饭，中国医生靠卖药吃饭】一个医生半天要看50个人，有什么时间和病人交流？排队3小时、看病3分钟，没有沟通就容易产生矛盾。与其说是医生道德问题，不如说是医院体制问题。医改不应该用抓经济的思路，而要尊重生命。——钟南山 ​​​
用户6748432286颜如玉,2019年12月16日,0,0,0,//weibo.com/6748432286/Il2E4r8ki?refer_flag=1001030103_,发表了一篇转载博文《[转载]钟南山：支架让生命进入倒计时》O[转载]钟南山：支架让生命进入倒计时 ​
桃子寨,2019年12月16日,0,0,0,//weibo.com/3608977025/Il2v35sDp?refer_flag=1001030103_,发表了一篇转载博文《[转载]钟南山：支架让生命进入倒计时》O[转载]钟南山：支架让生命进入倒计时 ​
青萍树苹草坪,2019年12月16日,0,5,0,//weibo.com/7080787616/Il2bQhH5u?refer_flag=1001030103_,医患矛盾，“与其说是医生道德问题，不如说是医院体制问题。”一一钟南山
我六点钟见你,今天03:57,4,117,0,//weibo.com/2663321605/JE8nTxnNl?refer_flag=1001030103_,#上海复旦大学附属肿瘤医院1例疑似病例#夜刚暗下来的时候 我吃完止痛药就睡了  半夜醒来看到上海肿瘤医院怀疑疫情 我奔溃了 发了微博。 收到了来自不同地方的小哥哥小姐姐送来 “加油 ”真的谢谢你们呀。你们真美好。至今到现在为止 经过将近10个月的治疗  虽未控制住疾病但是也没有大面积爆 ​
齐鲁晚报,今天04:37,18,12,0,//weibo.com/2011075080/JE8EdzSdX?refer_flag=1001030103_,#平度两外省返平核酸阳性患者轨迹#【#青岛平度两外省返平人员核酸阳性#】1月21日，据平度发布消息：2021年1月20日下午，平度市确定两名从外省返平新型冠状病毒核酸检测阳性患者。患者张某平，男，38岁，山东省菏泽市人；患者王某，女，40岁，黑龙江省齐齐哈尔市人，两人均居住平度市深圳路617号吉斯亿 ​
爱国知青,今天04:28,2,0,0,//weibo.com/6408807483/JE8As9Ke4?refer_flag=1001030103_,台湾绿营名嘴造谣大陆筛检医生，这家伙长得像猴，但是脑子是猪脑子    #环球见闻#   ​​​​   ​​​​  L爱国知青的微博视频 ​
三月的安谧,今天04:01,2,1,0,//weibo.com/2804427333/JE8pIq75F?refer_flag=1001030103_,经常上网，不为聊天交友……发发图记录一下心情……欣赏别人写出与自己相似的却无法表达的感悟…赏美图，品美文…… L三月的安谧的微博视频 ​
书法,今天04:00,2,1,0,//weibo.com/1649615924/JE8pexanh?refer_flag=1001030103_,蒋介石 《致周股长信札》纸本镜心备注：附实寄封一枚。24×9cm#书画# ​
清江廉风,2019年12月16日,0,0,0,//weibo.com/2467794115/Il0xr1QAk?refer_flag=1001030103_,"钟南山:科学只能实事求是,不能明哲保身————人物——中央纪委国家监委网站 OUser-Agent ​"
黄一洲2011,2019年12月16日,0,0,0,//weibo.com/1497505527/Il0p763gj?refer_flag=1001030103_,零的突破！贵州首个国家卫健委重点实验室落户省医，钟南山任学术委员会委员 O网页链接 ​
法华当宣,2019年12月16日,0,0,0,//weibo.com/7281322414/Il0gv8kjf?refer_flag=1001030103_,钟南山曾经说过：自己就是最好的医生，疾病也是朋友。『钟南山： 世上所有疾病都是假象，读完醍醐灌顶！』O推荐 ​
新浪贵州,2019年12月16日,1,0,0,//weibo.com/3601611555/Il04SbaIl?refer_flag=1001030103_,【#新浪贵州# 今日快报 】1.成贵高铁今日全线开通 贵阳至成都 风驰电掣3小时2.贵州出台新方案 引导激励有关人员积极投身脱贫攻坚一线3.零的突破！贵州首个国家卫健委重点实验室落户省医 钟南山任学术委员会委员 ​
蓝天zwy,2019年12月16日,0,0,0,//weibo.com/6619936463/IkZRcmoaF?refer_flag=1001030103_,『钟南山谈老年：八大禁忌，这八点你最好别做！』O钟南山谈老年：八大禁忌，这八点你最好别做！ ​
无管世界刘从荣,2019年12月16日,0,0,0,//weibo.com/2512360462/IkZMzqpHx?refer_flag=1001030103_,前天下午，昨天一天，追广州呼吸健康研究院郑则广教授团队一天半，从理论到病房实践，从专题分享到居家康复之呼吸康复手册，从院内康复到居家康复，从线下到线上的呼吸康复网络，以及以钟南山院士和郑则广教授团队，对呼吸康复，我终于有了一个较为系统的感性认识。感谢，感恩。[抱拳] ​
秩毅杰立,2019年12月16日,0,0,0,//weibo.com/3971144184/IkXNXkOKA?refer_flag=1001030103_,吃“伟哥”续命的女孩后续来了，钟南山建议将“伟哥”纳入医保???? O网页链接 ​
繁尘宣立,2019年12月16日,0,0,0,//weibo.com/3972125871/IkXKbA8LH?refer_flag=1001030103_,吃“伟哥”续命的女孩后续来了，钟南山建议将“伟哥”纳入医保???? O网页链接 ​
超能猪战队,2019年12月15日,0,0,0,//weibo.com/3183715470/IkWbpl89N?refer_flag=1001030103_,钟南山这个名字真的一听就是那种学术大家啊
中华尹氏宗亲总会,2019年12月15日,0,0,0,//weibo.com/5588699795/IkUCnoxUK?refer_flag=1001030103_,发表了博文《尹海滨--广东广州安婕生物医药技术有限公司董事长》尹海滨，男，博士，高级工程师，广东广州安婕生物医药技术有限公司董事长，钟南山院士团队主要成员（主要在广州实验室进行研究），广东华南联合疫苗O尹海滨--广东广州安婕生物医药技术有限公司董事长 ​
lixzh_46675,2019年12月15日,0,0,0,//weibo.com/5963989832/IkTnlmf2r?refer_flag=1001030103_,发表了一篇转载博文《[转载]钟南山：支架让生命进入倒计时》O[转载]钟南山：支架让生命进入倒计时 ​
lixzh_46675,2019年12月15日,0,0,0,//weibo.com/5963989832/IkTnkdCy5?refer_flag=1001030103_,发表了一篇转载博文《[转载]钟南山：支架让生命进入倒计时》O[转载]钟南山：支架让生命进入倒计时 ​
无管世界刘从荣,2019年12月15日,0,0,0,//weibo.com/2512360462/IkTkkjz3e?refer_flag=1001030103_,在广州呼吸健康研究院(原广州呼吸疾病研究所）参与呼吸康复查房和参观，呼吸康复。就是钟南山院士这里，广州医科大学附属第一医院。 ​
豊宗堂主,2019年12月15日,0,0,0,//weibo.com/1378183920/IkTby4m8s?refer_flag=1001030103_,发表了一篇转载博文《[转载]钟南山：支架让生命进入倒计时》O[转载]钟南山：支架让生命进入倒计时 ​
小熊出没,2019年12月15日,0,0,0,//weibo.com/2532136723/IkT3QuAK9?refer_flag=1001030103_,空气质量差的地方肺也很黑，以前好像钟南山医生说在广州生活超过10年以上的人肺都是黑的
怪味胡豆567,2019年12月15日,0,1,0,//weibo.com/2292863064/IkSYWuvoa?refer_flag=1001030103_,钟南山：支架！让生命进入倒计时！O钟南山：支架！让生命进入倒计时！ ​
鹿家豪,2019年12月15日,0,0,0,//weibo.com/1377814285/IkSFZgbpQ?refer_flag=1001030103_,转发此文，只因我也老了。钟南山“八停止”，每一条都细致入微，只要我们做到这八条，老年生活一定会幸福快乐！O钟南山谈老年：八大禁忌，这八点你最好别做！ ​
Nice夏天的风Nice,2019年12月15日,0,0,0,//weibo.com/7312402005/IkSxGdYOl?refer_flag=1001030103_,//@南昌西湖区发布:转发微博
靓姐71,2019年12月15日,0,0,0,//weibo.com/3562039117/IkStL56LC?refer_flag=1001030103_,『钟南山：支架！让生命进入倒计时！』O钟南山：支架！让生命进入倒计时！ ​
欢乐使者律师,2019年12月15日,0,0,0,//weibo.com/1417988542/IkS1psSKv?refer_flag=1001030103_,住院286天。哄爸爸吃早餐。中央9台演纪录片《钟南山》。呼吸专家说，当医生本身就是如何对待人嘛！这句话颇有深意。爸爸得了致死率最高病的最严重情形，还是复发，感恩妙手仁心关爱我们的医护老师。听到此，发现爸爸竟又有重大进步，拿盒牛奶从吸管往嘴里嘬。大夫说，康复最难在吸食，需治愈面瘫，还要 ​  展开全文c
天赦徵途,2019年12月15日,0,0,0,//weibo.com/2264067490/IkRnZbzmN?refer_flag=1001030103_,“我非常相信一句话：健康的一半是心理健康，疾病的一半是心理疾病。”——著名呼吸病专家、中国工程院院士钟南山O疾病的一半和心理有关！坏情绪与疾病 ​
风湿达人,2019年12月15日,0,0,0,//weibo.com/1892744792/IkR3Sc0n7?refer_flag=1001030103_,发表了一篇转载博文《[转载]钟南山：支架让生命进入倒计时》O[转载]钟南山：支架让生命进入倒计时 ​
赤兔金服,2019年12月15日,0,0,0,//weibo.com/5651199799/IkQZAwvtr?refer_flag=1001030103_,发布了头条文章：《中国工程院院士钟南山：建议“伟哥”入医保》  O中国工程院院士钟南山：建议“伟哥”入医保 ​
用户647586475815062,2019年12月15日,0,0,0,//weibo.com/6475815062/IkQV5hhcz?refer_flag=1001030103_,钟南山：人生字典从没有“停步”二字 O钟南山：人生字典从没有“停步”二字 ​
索妃雅品牌采购部,2019年12月15日,1,0,0,//weibo.com/5269840783/IkOAYtUan?refer_flag=1001030103_,//@陈龙剑微驳:第一次见，伟哥原来是蓝色的药片啊～～
xy19750323,2019年12月14日,0,0,0,//weibo.com/3940232079/IkMH0w4f5?refer_flag=1001030103_,这篇文章很有意思《“伟哥”竟是救命药？钟南山三度建议入医保！》O网页链接 ​
仙境太乙真人,2019年12月14日,0,0,0,//weibo.com/2641062307/IkMcknrMT?refer_flag=1001030103_,84岁钟南山，公开私人养生经：大部分人不是老死的，不是病死的，而是…O84岁钟南山，公开私人养生经：大部分人不是老死的，不是病死的，而是… ​
用户6580239170,2019年12月14日,0,0,0,//weibo.com/6580239170/IkLRn8EI2?refer_flag=1001030103_,『钟南山：支架！让生命进入倒计时！』O钟南山：支架！让生命进入倒计时！ ​
丽珍0125,2019年12月14日,0,0,0,//weibo.com/2178566011/IkLuGzflm?refer_flag=1001030103_,【9岁#男孩飞机上突发过敏遇钟南山#院士问诊检查】8月31日，一架从新加坡飞往广州的航班上，一名9岁男孩突发过敏，满脸及全身红肿，男童父亲紧急求助空乘人员。干瘪1214。巧钟南山院士也在飞机上，他仔细给孩子检查，在确认男孩没有危险后才离开。落地后男孩被送医，目前情况稳定。致敬医者仁心！网友：挂 ...全文 
蓝天zwy,2019年12月14日,0,0,0,//weibo.com/6619936463/IkLuc9wuy?refer_flag=1001030103_,『84岁钟南山，公开私人养生经：大部分人不是老死的，不是病死的，而是…』O推荐 ​
绿色家缘除甲醛专业品牌,2019年12月14日,0,0,0,//weibo.com/5997320365/IkLjmtFnc?refer_flag=1001030103_,室内甲醛检测超标的原因，不再害怕新房甲醛~甲醛是装修污染最典型的致癌物质，可引起鼻咽癌、肺癌等癌症疾病。中国工程院院士钟南山说，儿童血液病比以前增加了两到三倍，这也与室内甲醛检测超标有关。😰室内甲醛检测超标也会使人咽喉不适、免疫力、皮肤过敏、胸闷、头晕。污染主要来源于室内装饰装修材料，家具，地板等。今天，就朋友们详细分析下每个小家庭都会用到的家具——衣柜。卧室中甲醛的主要来源🧐衣柜是卧室里最大的家具，在卧室里，甲醛的主要来源是衣柜。 这是因为甲醛在房间和其他空气污染物主要来自以复合木材为基础的各种家具原材料、板材和各种粘合剂。所以衣柜里甲醛的量直接关系到卧室里的空气质量。甲醛屏障——衣柜板封边由于实木板的成本相对较高，一般来说，大多数消费者选择人造板作为材料的衣柜，那么衣柜的是否环保边缘就显得尤为重要。衣柜边缘的功能是密封切割部分并防止板材释放甲醛。许多衣橱制造商在板材的边缘，为了节省生产成本，不会对内部的单板进行封边，导致板材的裸漏面暴露在空气中释放更多的甲醛。衣柜甲醛释放周期！😳衣柜甲醛的释放是一个非常缓慢的过程，而甲醛的最高释放值在装修后的3至4年内。装修后4-6个月内甲醛污染最严重。 甲醛挥发周期可达3-15年。 通风和绿色植物吸附的措施效果有限，只能对室内空气环境起到效果有限的作用，不能从根本上解决问题。如何释放家具甲醛温度，湿度和通风影响甲醛排放。在正常的天气条件下，温度每升高8℃，甲醛的在空气中的浓度将增加一倍; 每增加12％的湿度，甲醛释放量增加15％。因此，在有条件的前提下，可以利用新风系统来调节室内温度、湿度和新风量，也可以选择专业的甲醛检测机构先对新家检测下污染程度的情况，可以及时防范甲醛对家人身体的伤害，如果超标也可以及时防范并治理。 
人生广度M,2019年12月14日,0,0,0,//weibo.com/3160134010/IkKIyowoy?refer_flag=1001030103_,“正常人体内，每天都会产生3000个癌细胞，与此同时，在我们的身体里又有一些“自然杀伤细胞”（NK细胞）专门负责对付癌细胞。有研究表明，如果你整天处在忧虑、惧怕等不良情绪中，体内NK细胞的作用就会下降20%以上，抵御肿瘤细胞的能力也就减小。”以上观点出自中国工程院院士钟南山。他认为，一个人的心理状态将对癌症防治产生巨大作用。为什么情绪与肿瘤的发生有关？科学研究表明，目前与情绪相关的病症已经达到20... O符合这6个特征的人，恭喜你，你很有可能是“癌症免疫体”！ 
兄弟体育-老于,2019年12月14日,2,0,0,//weibo.com/2549698281/IkKurrh1p?refer_flag=1001030103_,#买家秀# 来自@钟南山色 的买家秀 小伙整挺好，帅帅气气的~看样是个风骚少年 Nike ​
ise_jingx,2019年12月14日,0,0,0,//weibo.com/2598076905/IkKsp2fLs?refer_flag=1001030103_,发表了一篇转载博文《[转载]钟南山：支架让生命进入倒计时》O[转载]钟南山：支架让生命进入倒计时 ​
东阳99,2019年12月14日,0,0,0,//weibo.com/1092396683/IkJE3FCO0?refer_flag=1001030103_,发表了一篇转载博文《[转载]钟南山：支架让生命进入倒计时》O[转载]钟南山：支架让生命进入倒计时 ​
神一样的走做寒,2019年12月14日,0,0,0,//weibo.com/6639375628/IkI28pUvN?refer_flag=1001030103_,#可交换多空双方# 【专家会诊吃“伟哥”续命女童 ：#钟南山建议伟哥纳入医保#】河南8岁女童小雅（化名）靠吃“伟哥”续命5年，引发外界对肺动脉高压病患群体的关注。近日，小雅和妈妈赴广州检查，并接受了中国工程院院士钟南山等专家团队的会诊。钟南山表示，目前我国治疗肺动脉高压的医药费用高昂，建议将“伟哥”类药...全文： O网页链接 
流星小雨,2019年12月14日,0,0,0,//weibo.com/1725321540/IkHMQbzfM?refer_flag=1001030103_,这么有成就的钟南山也发表这样的言论，怎么让普通老百姓去判断是非曲直，太难了。
轻创联唯一,2019年12月14日,0,0,0,//weibo.com/1771260073/IkHCs2rTk?refer_flag=1001030103_,中科院 钟南山院士 谈经皮毒的危害。⭕ 来自  央视科普频道 经皮毒的由来 O经皮毒的由来 O网页链接 ​
知感冒防流感,2019年12月14日,4,0,0,//weibo.com/7304534902/IkHjODlze?refer_flag=1001030103_,#流感还是对我下手了# 近日，全国多地爆发流感，不仅学校学生频繁“中招”，很多家长也被传染。流感来了，不要慌！不妨听听钟南山院士的建议，教你如何防治流感！↓↓↓ ​ ​​​​  L知感冒防流感的微博视频 ​
绿萼子,2019年12月14日,0,0,0,//weibo.com/1285648633/IkGeQpgb2?refer_flag=1001030103_,"中老年人8大禁忌1.停止回忆过去不要一味地沉浸于过去的回忆中，而要积极乐观地向前看，过好人生中最最黄金的二十年！2. 停 止 生 气 运用经验累积的智慧，提供参考意见给儿女，并保持幽默、慈爱的态度，不要因儿女不接受意见就生气或唠叨不休。3. 停 止 抱 怨 每个人都有烦恼的事情，有时候也想跟别人倾诉，但要注意你抱怨的频率。不要每天都在传达负能量的话。 4. 停 止 浪 费 时 间我们都已经迈入中老年的行列，时间不等人，我们更没有机会浪费时间了。想做什么就去做，想要什么就去买，想吃什么就去吃，别再说什么“等以后""“等有时间”“等过几天了！”你可以等时间，但时间决不会等你！5 停 止 孤 独 老人应该多“走出家门”，有自己的朋友圈，有几种感兴趣的爱好，这样生活才更丰富。6. 停止多管闲事对有些事情要睁一只眼闭一只眼。给儿女一定的生活空间，不干涉他们的生活。在孙辈教育的问题上，要明白孩子的父母是谁，尽量按照孩子父母的观点去带孩子。7. 停 止 唠 叨 健康、工作、婚恋等是中老年人最喜欢跟子女交流的话题，而年轻人最反感中老年人反复叮嘱一件事情。少唠叨。有些事孩子们心里清楚，自己有谱，别总啰嗦了。8. 停 止 存 钱 存折上的钱只是一个数字，辛苦了一辈子的我们，真的要对自己好一点。在自己能力范围内，不要太在乎一件衣服多少钱，一棵白菜多少钱，要舍得花钱！钱花了才是自己的，存起来的钱只能算遗产。钟南山“八停止”，每一条都细致入微，只要我们做到这八条，老年生活一定会幸福快乐！ "
jc-清风明月,2019年12月14日,0,0,0,//weibo.com/1147953907/IkFVSjPvx?refer_flag=1001030103_,“伟哥”竟是救命药？钟南山三度建议入医保！ O“伟哥”竟是救命药？钟南山三度建议入医保！ ​
yaling769,2019年12月14日,0,0,0,//weibo.com/1300339695/IkFAxnmlm?refer_flag=1001030103_,【伟哥竟是救命药 钟南山三度建议伟哥入医保】中国工程院院士钟南山，独臂警察遗憾给不了妻子拥抱最近又在公开场合呼吁将“伟哥”纳入医保。在很多人眼里，“伟哥”是一个“敬而远之”的药物，但它在部分人眼里却是“救命药”。钟南山表示 ​
我六点钟见你,今天03:57,5,124,0,//weibo.com/2663321605/JE8nTxnNl?refer_flag=1001030103_,#上海复旦大学附属肿瘤医院1例疑似病例#夜刚暗下来的时候 我吃完止痛药就睡了  半夜醒来看到上海肿瘤医院怀疑疫情 我奔溃了 发了微博。 收到了来自不同地方的小哥哥小姐姐送来 “加油 ”真的谢谢你们呀。你们真美好。至今到现在为止 经过将近10个月的治疗  虽未控制住疾病但是也没有大面积爆 ​
真话哥,今天04:00,6,3,0,//weibo.com/2184728493/JE8pb0EKc?refer_flag=1001030103_,双胞胎爷爷满100岁了。路过的别着急走给爷爷个祝福，顺便沾沾喜气儿。祝看到此视频的人家里老人也都长命百岁！  L真话哥的微博视频 ​
书法,今天04:00,2,1,0,//weibo.com/1649615924/JE8pexanh?refer_flag=1001030103_,蒋介石 《致周股长信札》纸本镜心备注：附实寄封一枚。24×9cm#书画# ​
态度岛,今天04:01,8,3,0,//weibo.com/1199581807/JE8pEBLnK?refer_flag=1001030103_,【外交部发言人宣布对蓬佩奥等28人实施制裁：这些人及其家属被禁止入境中国内地和香港、澳门】外交部网站：过去几年，美国一些反华政客出于一己政治私利和对华偏见仇恨，罔顾中美两国人民的利益，策划、推动实施了一系列疯狂的行径，严重干涉中国内政、损害了中国的利益、伤害了中国人民的感情，也严重 ​
西雅图夏至,今天04:13,14,10,0,//weibo.com/1960116444/JE8ul67jv?refer_flag=1001030103_,#美国生活# 拜登也有“邻居论“，我非常高兴！国内的不同意见者是邻居，各个国家之间也是邻居，不要有“某某不好了，我就会好”，甚至“只有某某不好，我才能好”的想法，那是不理智的。最好的社区，是人人安居乐业、和平相处的状态，不需要互相喜欢、频繁来往，只要都是心态健康的正常人，有矛盾时可 ​
玉风乱弹5,2019年12月13日,0,0,0,//weibo.com/6507815851/IkCUk71m8?refer_flag=1001030103_,"钟南山三度建议 钟南山三度建议 （分享自 @网易财经）--伟哥的其他疗效应该加大宣传力度让更多的民众都知道...... O钟南山三度建议""伟哥""入医保: 肺动脉高压""救命药"" ​"
梦雪er梦想,2019年12月13日,0,0,0,//weibo.com/6452837974/IkCuWB38Z?refer_flag=1001030103_,//@南昌西湖区发布:转发微博
南都i健康,2019年12月13日,1,0,0,//weibo.com/6509807070/IkC3PzKWP?refer_flag=1001030103_,【流感就小感冒无需担心？钟南山：要重视防治，有人因不重视它进ICU】 流感高峰期越来越逼近，但关于流感你了解多少？中国工程院院士、著名呼吸疾病专家钟南山今日为大家讲解流感的知识。钟南山院士表示，因流感有漂移和突变的特点，因此需重视流感的预防和治疗，钟南山院士特别强调，要尽可能在流感早 ​  展开全文c
用户6161742134,2019年12月13日,0,0,0,//weibo.com/6161742134/IkBSkdWl1?refer_flag=1001030103_,分享：“伟哥”竟是救命药？钟南山三度建议入医保！_凤凰网财经_凤凰网O网页链接 ​
用户3793068402,2019年12月13日,0,0,0,//weibo.com/3793068402/IkAVGvqnB?refer_flag=1001030103_,钟南山谈肺动脉高压：望早发现早治疗，建议“伟哥”入医保  >>O微视 钟南山谈肺动脉高压：望早发现早治疗，建议“伟哥”入医保 ​
红K线狙击,2019年12月13日,0,0,0,//weibo.com/5330597672/IkAxJnylV?refer_flag=1001030103_,"钟南山三度建议""伟哥""入医保: 肺动脉高压""救命药"" O钟南山三度建议""伟哥""入医保: 肺动脉高压""救命药"" ​"
拼搏之慢步人生路,2019年12月13日,0,0,0,//weibo.com/3782776642/IkAgd8US5?refer_flag=1001030103_,我在看：【“伟哥”竟是救命药？钟南山三度建议入医保！】#跟新浪看热点#  O“伟哥”竟是救命药？钟南山三度建议入医保！ ​
梅林鹤庄园,2019年12月13日,0,0,0,//weibo.com/5913029197/IkAdBuK4Q?refer_flag=1001030103_,支架，能不放就不放『钟南山：支架！让生命进入倒计时！』O钟南山：支架！让生命进入倒计时！ ​
开心天晓,2019年12月13日,0,0,0,//weibo.com/2028680165/IkA0C2vjs?refer_flag=1001030103_,#凤凰新闻#分享凤凰新闻：“伟哥”竟是救命药？钟南山三度建议入医保！O“伟哥”竟是救命药？钟南山三度建议入医保！来自@凤凰新闻客户端 ​
开心天晓,2019年12月13日,0,0,0,//weibo.com/2028680165/IkzSC9P2Q?refer_flag=1001030103_,#凤凰新闻#分享凤凰新闻：“伟哥”竟是救命药？钟南山三度建议入医保！O“伟哥”竟是救命药？钟南山三度建议入医保！来自@凤凰新闻客户端 ​
全程链链,2019年12月13日,0,0,0,//weibo.com/6431135183/IkzEBFAl2?refer_flag=1001030103_,钟南山三度建议“伟哥”入医保: 肺动脉高压“救命药”）每经记者 金 喆    每经编辑 陈俊杰中国工程院院士钟南山，最近又在公开场合呼吁将“伟哥”纳入医保。一个治疗男性勃起障碍的药物得到一名德高望重的院士两年内三次公开站台，实属罕见。钟南山给出了这样的理由——从治疗肺动脉高压的角度，“伟哥”类药品进入医保是势在必行的，一则确实有效，二来价格便宜。他近日对包括《每日经济新闻》在内的媒体表示，现在国内患者治疗肺动脉高压主要用三种药物，大部分药物还是进口，如果联合用药每年大约需要20万~30万元。 
瑆玥奇缘澳洲代购919,2019年12月13日,0,0,0,//weibo.com/1452456695/Ikzqwf2Nu?refer_flag=1001030103_,『钟南山谈老年：八大禁忌，这八点你最好别做！』O钟南山谈老年：八大禁忌，这八点你最好别做！ ​
ypl1111,2019年12月13日,0,0,0,//weibo.com/5506011848/Ikzq1u9Nu?refer_flag=1001030103_,钟南山：再不控制这件事，人口将迅速下降！ O网页链接 ​
lilihongxinglai,2019年12月13日,0,0,0,//weibo.com/1219078160/IkzomoLm5?refer_flag=1001030103_,"钟南山三度建议""伟哥""入医保: 肺动脉高压""救命药"" O钟南山三度建议""伟哥""入医保: 肺动脉高压""救命药"" ​"
yzb元满,2019年12月13日,0,0,0,//weibo.com/1335830261/IkyXQAwU3?refer_flag=1001030103_,//////荷永:钟南山也有类似呼吁～干瘪1213。 ​
装糖果的小瓮儿,2019年12月13日,0,0,0,//weibo.com/2343804997/IkyFPhPzp?refer_flag=1001030103_,转发微博
wangyana773,2019年12月13日,0,0,0,//weibo.com/1242501021/IkyER3tAK?refer_flag=1001030103_,转发微博
丰禽源,2019年12月13日,0,0,0,//weibo.com/2491293943/IkyDiECny?refer_flag=1001030103_,转发微博
腐败许可证,2019年12月13日,0,0,0,//weibo.com/1734894592/IkymN5CCL?refer_flag=1001030103_,#凤凰新闻#分享凤凰新闻：“伟哥”竟是救命药？钟南山三度建议入医保！O“伟哥”竟是救命药？钟南山三度建议入医保！来自@凤凰新闻客户端 ​
湖南省农科院,2019年12月13日,0,0,0,//weibo.com/7211090002/Ikyhv9jA3?refer_flag=1001030103_,"钟南山三度建议""伟哥""入医保: 肺动脉高压""救命药"" O钟南山三度建议""伟哥""入医保: 肺动脉高压""救命药"" ​"
文明延庆,2019年12月13日,4,5,0,//weibo.com/2646943365/IkxP6fJCn?refer_flag=1001030103_,"【#钟南山三度建议""伟哥""入医保#治疗肺动脉高压便宜药】12月12日，据每日经济新闻报道，中国工程院院士钟南山近日呼吁将“伟哥”纳入医保，这是他两年三次为“伟哥”站台。国内患者治疗肺动脉高压的联合用药每年约要二三十万元。用“伟哥”治疗有效且相对便宜。#你支持“伟哥”入医保么#？@时间财经L时间财经的微博视频 "
风湿达人1,2019年12月13日,0,0,0,//weibo.com/6038893072/IkxEsaFO8?refer_flag=1001030103_,发表了一篇转载博文《[转载]钟南山：支架让生命进入倒计时》O[转载]钟南山：支架让生命进入倒计时 ​
爱梦想真,2019年12月13日,0,0,0,//weibo.com/1206410832/IkxC72HY0?refer_flag=1001030103_,#凤凰新闻#分享凤凰新闻：“伟哥”竟是救命药？钟南山三度建议入医保！ O“伟哥”竟是救命药？钟南山三度建议入医保！ 来自@凤凰新闻客户端 O网页链接 O“伟哥”竟是救命药？钟南山三度建议入医保！ ​
海丰华肿瘤老博士,2019年12月13日,2,0,0,//weibo.com/2843099643/Ikx1lClpk?refer_flag=1001030103_,转自影像科孙主任的总结：钟南山：“你关心政治吗？一个人在岗位上做到最好，就是他最大的政治。”这篇文章适合所有人看。成功的人大概都有：家庭熏陶、社会磨练、个人励志、组织支持、社会需要。每个人的机遇、诱惑、坎坷、干扰都是一样的，走在前面的，一定是跌倒了还往前看，爬起来继续砥砺前行的那个人。早期干预、早防、早治，不仅适合肺病，还适合一切。伤寒论有论述，只不过平常人，不碰南墙不抬头。 
ws常青,2019年12月13日,0,0,0,//weibo.com/6987060669/IkwZIBiEV?refer_flag=1001030103_,『钟南山谈老年：八大禁忌，这八点你最好别做！』O推荐 ​
小白酱Angelia,2019年12月13日,0,0,0,//weibo.com/6062703634/IkwR347Vs?refer_flag=1001030103_,"#钟南山三度建议""伟哥""入医保# 2惠州 ​"
沧海999meihao,2019年12月13日,0,0,0,//weibo.com/7070784905/IkwGt7PdH?refer_flag=1001030103_,分享：“伟哥”竟是救命药？钟南山三度建议入医保！_凤凰网财经_凤凰网O网页链接 ​
观战者-那勇,2019年12月13日,0,0,0,//weibo.com/2092483331/Ikwx8eQGU?refer_flag=1001030103_,【#伟哥竟是救命药# #钟南山三度建议伟哥入医保#】中国工程院院士钟南山，最近又在公开场合呼吁将“伟哥”纳入医保。在很多人眼里，“伟哥”是一个“敬而远之”的药物，但它在部分人眼里却是“救命药”。钟南山表示，从治疗肺动脉高压的角度，“伟哥”类药品进入医保是势在必行的，一则确实有效，二来价格便宜。他近日表示，现在国内患者治疗肺动脉高压主要用三种药物，大部分药物还是进口，如果联合用药每年大约需要20万-30万元。肺动脉高压，被称为“心血管疾病中的癌症”，因肺循环不充分而缺氧，嘴唇呈蓝紫色，患者又称为“蓝嘴唇”病人，会导致心脏衰竭，如得不到有效治疗，患者平均存活年限仅2.8年。LNBD视频的微博视频 
手机用户1034980980,2019年12月13日,0,0,0,//weibo.com/1034980980/Ikwpipozv?refer_flag=1001030103_,#凤凰新闻#分享凤凰新闻：“伟哥”竟是救命药？钟南山三度建议入医保！ O“伟哥”竟是救命药？钟南山三度建议入医保！ 来自@凤凰新闻客户端 O网页链接 O“伟哥”竟是救命药？钟南山三度建议入医保！ ​
和记旺布窗帘,2019年12月13日,0,0,0,//weibo.com/3579454303/IkudF18UD?refer_flag=1001030103_,#腾讯新闻# 那个靠“伟哥”续命的8岁女孩有救了？钟南山建议此类药物入医保O那个靠“伟哥”续命的8岁女孩有救了？钟南山建议此类药物入医保 来自@腾讯新闻 ​
齐鲁晚报,今天04:37,24,17,0,//weibo.com/2011075080/JE8EdzSdX?refer_flag=1001030103_,#平度两外省返平核酸阳性患者轨迹#【#青岛平度两外省返平人员核酸阳性#】1月21日，据平度发布消息：2021年1月20日下午，平度市确定两名从外省返平新型冠状病毒核酸检测阳性患者。患者张某平，男，38岁，山东省菏泽市人；患者王某，女，40岁，黑龙江省齐齐哈尔市人，两人均居住平度市深圳路617号吉斯亿 ​
我六点钟见你,今天03:57,5,124,0,//weibo.com/2663321605/JE8nTxnNl?refer_flag=1001030103_,#上海复旦大学附属肿瘤医院1例疑似病例#夜刚暗下来的时候 我吃完止痛药就睡了  半夜醒来看到上海肿瘤医院怀疑疫情 我奔溃了 发了微博。 收到了来自不同地方的小哥哥小姐姐送来 “加油 ”真的谢谢你们呀。你们真美好。至今到现在为止 经过将近10个月的治疗  虽未控制住疾病但是也没有大面积爆 ​
真话哥,今天04:00,6,3,0,//weibo.com/2184728493/JE8pb0EKc?refer_flag=1001030103_,双胞胎爷爷满100岁了。路过的别着急走给爷爷个祝福，顺便沾沾喜气儿。祝看到此视频的人家里老人也都长命百岁！  L真话哥的微博视频 ​
书法,今天04:00,2,1,0,//weibo.com/1649615924/JE8pexanh?refer_flag=1001030103_,蒋介石 《致周股长信札》纸本镜心备注：附实寄封一枚。24×9cm#书画# ​
卧龙生的微博小窝,今天04:05,4,4,0,//weibo.com/6538738095/JE8r8cZta?refer_flag=1001030103_,拜登刚刚才上台，底特律的联邦法院法官马上致函拜登申请退休。网民纷纷说，赶紧选一个45岁以下的法官补上去。司法系统要开始修复了。估计很多法官都在硬撑，等到拜登上台和民主党掌控参议院才甘心退休。 ​
蜀黍都笑岔了,今天04:44,3,1,0,//weibo.com/3180541260/JE8GUzh7k?refer_flag=1001030103_,马戏团的狮子老虎获救后。。。。狮子第一次在草地上奔跑，老虎不敢置信的在水池里游泳，母狮兴奋地打滚……请拒绝动物表演！！  L蜀黍都笑岔了的微博视频 ​
态度岛,今天04:01,8,3,0,//weibo.com/1199581807/JE8pEBLnK?refer_flag=1001030103_,【外交部发言人宣布对蓬佩奥等28人实施制裁：这些人及其家属被禁止入境中国内地和香港、澳门】外交部网站：过去几年，美国一些反华政客出于一己政治私利和对华偏见仇恨，罔顾中美两国人民的利益，策划、推动实施了一系列疯狂的行径，严重干涉中国内政、损害了中国的利益、伤害了中国人民的感情，也严重 ​
卧龙生的微博小窝,今天04:05,3,4,0,//weibo.com/6538738095/JE8r8cZta?refer_flag=1001030103_,拜登刚刚才上台，底特律的联邦法院法官马上致函拜登申请退休。网民纷纷说，赶紧选一个45岁以下的法官补上去。司法系统要开始修复了。估计很多法官都在硬撑，等到拜登上台和民主党掌控参议院才甘心退休。 ​
三月的安谧,今天04:01,2,1,0,//weibo.com/2804427333/JE8pIq75F?refer_flag=1001030103_,经常上网，不为聊天交友……发发图记录一下心情……欣赏别人写出与自己相似的却无法表达的感悟…赏美图，品美文…… L三月的安谧的微博视频 ​
爱国知青,今天04:28,2,0,0,//weibo.com/6408807483/JE8As9Ke4?refer_flag=1001030103_,台湾绿营名嘴造谣大陆筛检医生，这家伙长得像猴，但是脑子是猪脑子    #环球见闻#   ​​​​   ​​​​  L爱国知青的微博视频 ​
真话哥,今天04:00,6,3,0,//weibo.com/2184728493/JE8pb0EKc?refer_flag=1001030103_,双胞胎爷爷满100岁了。路过的别着急走给爷爷个祝福，顺便沾沾喜气儿。祝看到此视频的人家里老人也都长命百岁！  L真话哥的微博视频 ​
西雅图夏至,今天04:13,14,10,0,//weibo.com/1960116444/JE8ul67jv?refer_flag=1001030103_,#美国生活# 拜登也有“邻居论“，我非常高兴！国内的不同意见者是邻居，各个国家之间也是邻居，不要有“某某不好了，我就会好”，甚至“只有某某不好，我才能好”的想法，那是不理智的。最好的社区，是人人安居乐业、和平相处的状态，不需要互相喜欢、频繁来往，只要都是心态健康的正常人，有矛盾时可 ​
卧龙生的微博小窝,今天04:05,4,4,0,//weibo.com/6538738095/JE8r8cZta?refer_flag=1001030103_,拜登刚刚才上台，底特律的联邦法院法官马上致函拜登申请退休。网民纷纷说，赶紧选一个45岁以下的法官补上去。司法系统要开始修复了。估计很多法官都在硬撑，等到拜登上台和民主党掌控参议院才甘心退休。 ​
三月的安谧,今天04:01,2,1,0,//weibo.com/2804427333/JE8pIq75F?refer_flag=1001030103_,经常上网，不为聊天交友……发发图记录一下心情……欣赏别人写出与自己相似的却无法表达的感悟…赏美图，品美文…… L三月的安谧的微博视频 ​
态度岛,今天04:01,8,3,0,//weibo.com/1199581807/JE8pEBLnK?refer_flag=1001030103_,【外交部发言人宣布对蓬佩奥等28人实施制裁：这些人及其家属被禁止入境中国内地和香港、澳门】外交部网站：过去几年，美国一些反华政客出于一己政治私利和对华偏见仇恨，罔顾中美两国人民的利益，策划、推动实施了一系列疯狂的行径，严重干涉中国内政、损害了中国的利益、伤害了中国人民的感情，也严重 ​
态度岛,今天04:01,8,3,0,//weibo.com/1199581807/JE8pEBLnK?refer_flag=1001030103_,【外交部发言人宣布对蓬佩奥等28人实施制裁：这些人及其家属被禁止入境中国内地和香港、澳门】外交部网站：过去几年，美国一些反华政客出于一己政治私利和对华偏见仇恨，罔顾中美两国人民的利益，策划、推动实施了一系列疯狂的行径，严重干涉中国内政、损害了中国的利益、伤害了中国人民的感情，也严重 ​
卧龙生的微博小窝,今天04:05,4,4,0,//weibo.com/6538738095/JE8r8cZta?refer_flag=1001030103_,拜登刚刚才上台，底特律的联邦法院法官马上致函拜登申请退休。网民纷纷说，赶紧选一个45岁以下的法官补上去。司法系统要开始修复了。估计很多法官都在硬撑，等到拜登上台和民主党掌控参议院才甘心退休。 ​
蜀黍都笑岔了,今天04:44,3,1,0,//weibo.com/3180541260/JE8GUzh7k?refer_flag=1001030103_,马戏团的狮子老虎获救后。。。。狮子第一次在草地上奔跑，老虎不敢置信的在水池里游泳，母狮兴奋地打滚……请拒绝动物表演！！  L蜀黍都笑岔了的微博视频 ​
真话哥,今天04:00,6,3,0,//weibo.com/2184728493/JE8pb0EKc?refer_flag=1001030103_,双胞胎爷爷满100岁了。路过的别着急走给爷爷个祝福，顺便沾沾喜气儿。祝看到此视频的人家里老人也都长命百岁！  L真话哥的微博视频 ​
齐鲁晚报,今天04:37,24,16,0,//weibo.com/2011075080/JE8EdzSdX?refer_flag=1001030103_,#平度两外省返平核酸阳性患者轨迹#【#青岛平度两外省返平人员核酸阳性#】1月21日，据平度发布消息：2021年1月20日下午，平度市确定两名从外省返平新型冠状病毒核酸检测阳性患者。患者张某平，男，38岁，山东省菏泽市人；患者王某，女，40岁，黑龙江省齐齐哈尔市人，两人均居住平度市深圳路617号吉斯亿 ​
爱国知青,今天04:28,2,0,0,//weibo.com/6408807483/JE8As9Ke4?refer_flag=1001030103_,台湾绿营名嘴造谣大陆筛检医生，这家伙长得像猴，但是脑子是猪脑子    #环球见闻#   ​​​​   ​​​​  L爱国知青的微博视频 ​
书法,今天04:00,2,1,0,//weibo.com/1649615924/JE8pexanh?refer_flag=1001030103_,蒋介石 《致周股长信札》纸本镜心备注：附实寄封一枚。24×9cm#书画# ​
卧龙生的微博小窝,今天04:05,4,4,0,//weibo.com/6538738095/JE8r8cZta?refer_flag=1001030103_,拜登刚刚才上台，底特律的联邦法院法官马上致函拜登申请退休。网民纷纷说，赶紧选一个45岁以下的法官补上去。司法系统要开始修复了。估计很多法官都在硬撑，等到拜登上台和民主党掌控参议院才甘心退休。 ​
我六点钟见你,今天03:57,5,124,0,//weibo.com/2663321605/JE8nTxnNl?refer_flag=1001030103_,#上海复旦大学附属肿瘤医院1例疑似病例#夜刚暗下来的时候 我吃完止痛药就睡了  半夜醒来看到上海肿瘤医院怀疑疫情 我奔溃了 发了微博。 收到了来自不同地方的小哥哥小姐姐送来 “加油 ”真的谢谢你们呀。你们真美好。至今到现在为止 经过将近10个月的治疗  虽未控制住疾病但是也没有大面积爆 ​
齐鲁晚报,今天04:37,24,16,0,//weibo.com/2011075080/JE8EdzSdX?refer_flag=1001030103_,#平度两外省返平核酸阳性患者轨迹#【#青岛平度两外省返平人员核酸阳性#】1月21日，据平度发布消息：2021年1月20日下午，平度市确定两名从外省返平新型冠状病毒核酸检测阳性患者。患者张某平，男，38岁，山东省菏泽市人；患者王某，女，40岁，黑龙江省齐齐哈尔市人，两人均居住平度市深圳路617号吉斯亿 ​
书法,今天04:00,2,1,0,//weibo.com/1649615924/JE8pexanh?refer_flag=1001030103_,蒋介石 《致周股长信札》纸本镜心备注：附实寄封一枚。24×9cm#书画# ​
齐鲁晚报,今天04:37,21,15,0,//weibo.com/2011075080/JE8EdzSdX?refer_flag=1001030103_,#平度两外省返平核酸阳性患者轨迹#【#青岛平度两外省返平人员核酸阳性#】1月21日，据平度发布消息：2021年1月20日下午，平度市确定两名从外省返平新型冠状病毒核酸检测阳性患者。患者张某平，男，38岁，山东省菏泽市人；患者王某，女，40岁，黑龙江省齐齐哈尔市人，两人均居住平度市深圳路617号吉斯亿 ​
蜀黍都笑岔了,今天04:44,3,1,0,//weibo.com/3180541260/JE8GUzh7k?refer_flag=1001030103_,马戏团的狮子老虎获救后。。。。狮子第一次在草地上奔跑，老虎不敢置信的在水池里游泳，母狮兴奋地打滚……请拒绝动物表演！！  L蜀黍都笑岔了的微博视频 ​
卧龙生的微博小窝,今天04:05,3,4,0,//weibo.com/6538738095/JE8r8cZta?refer_flag=1001030103_,拜登刚刚才上台，底特律的联邦法院法官马上致函拜登申请退休。网民纷纷说，赶紧选一个45岁以下的法官补上去。司法系统要开始修复了。估计很多法官都在硬撑，等到拜登上台和民主党掌控参议院才甘心退休。 ​
西雅图夏至,今天04:13,14,10,0,//weibo.com/1960116444/JE8ul67jv?refer_flag=1001030103_,#美国生活# 拜登也有“邻居论“，我非常高兴！国内的不同意见者是邻居，各个国家之间也是邻居，不要有“某某不好了，我就会好”，甚至“只有某某不好，我才能好”的想法，那是不理智的。最好的社区，是人人安居乐业、和平相处的状态，不需要互相喜欢、频繁来往，只要都是心态健康的正常人，有矛盾时可 ​
西雅图夏至,今天04:13,16,11,0,//weibo.com/1960116444/JE8ul67jv?refer_flag=1001030103_,#美国生活# 拜登也有“邻居论“，我非常高兴！国内的不同意见者是邻居，各个国家之间也是邻居，不要有“某某不好了，我就会好”，甚至“只有某某不好，我才能好”的想法，那是不理智的。最好的社区，是人人安居乐业、和平相处的状态，不需要互相喜欢、频繁来往，只要都是心态健康的正常人，有矛盾时可 ​
爱国知青,今天04:28,3,0,0,//weibo.com/6408807483/JE8As9Ke4?refer_flag=1001030103_,台湾绿营名嘴造谣大陆筛检医生，这家伙长得像猴，但是脑子是猪脑子    #环球见闻#   ​​​​   ​​​​  L爱国知青的微博视频 ​
齐鲁晚报,今天04:37,29,22,0,//weibo.com/2011075080/JE8EdzSdX?refer_flag=1001030103_,#平度两外省返平核酸阳性患者轨迹#【#青岛平度两外省返平人员核酸阳性#】1月21日，据平度发布消息：2021年1月20日下午，平度市确定两名从外省返平新型冠状病毒核酸检测阳性患者。患者张某平，男，38岁，山东省菏泽市人；患者王某，女，40岁，黑龙江省齐齐哈尔市人，两人均居住平度市深圳路617号吉斯亿 ​
态度岛,今天04:01,10,4,0,//weibo.com/1199581807/JE8pEBLnK?refer_flag=1001030103_,【外交部发言人宣布对蓬佩奥等28人实施制裁：这些人及其家属被禁止入境中国内地和香港、澳门】外交部网站：过去几年，美国一些反华政客出于一己政治私利和对华偏见仇恨，罔顾中美两国人民的利益，策划、推动实施了一系列疯狂的行径，严重干涉中国内政、损害了中国的利益、伤害了中国人民的感情，也严重 ​
我六点钟见你,今天03:57,5,128,0,//weibo.com/2663321605/JE8nTxnNl?refer_flag=1001030103_,#上海复旦大学附属肿瘤医院1例疑似病例#夜刚暗下来的时候 我吃完止痛药就睡了  半夜醒来看到上海肿瘤医院怀疑疫情 我奔溃了 发了微博。 收到了来自不同地方的小哥哥小姐姐送来 “加油 ”真的谢谢你们呀。你们真美好。至今到现在为止 经过将近10个月的治疗  虽未控制住疾病但是也没有大面积爆 ​
爱国知青,今天04:28,3,0,0,//weibo.com/6408807483/JE8As9Ke4?refer_flag=1001030103_,台湾绿营名嘴造谣大陆筛检医生，这家伙长得像猴，但是脑子是猪脑子    #环球见闻#   ​​​​   ​​​​  L爱国知青的微博视频 ​
态度岛,今天04:01,10,4,0,//weibo.com/1199581807/JE8pEBLnK?refer_flag=1001030103_,【外交部发言人宣布对蓬佩奥等28人实施制裁：这些人及其家属被禁止入境中国内地和香港、澳门】外交部网站：过去几年，美国一些反华政客出于一己政治私利和对华偏见仇恨，罔顾中美两国人民的利益，策划、推动实施了一系列疯狂的行径，严重干涉中国内政、损害了中国的利益、伤害了中国人民的感情，也严重 ​
齐鲁晚报,今天04:37,29,22,0,//weibo.com/2011075080/JE8EdzSdX?refer_flag=1001030103_,#平度两外省返平核酸阳性患者轨迹#【#青岛平度两外省返平人员核酸阳性#】1月21日，据平度发布消息：2021年1月20日下午，平度市确定两名从外省返平新型冠状病毒核酸检测阳性患者。患者张某平，男，38岁，山东省菏泽市人；患者王某，女，40岁，黑龙江省齐齐哈尔市人，两人均居住平度市深圳路617号吉斯亿 ​
卧龙生的微博小窝,今天04:05,4,4,0,//weibo.com/6538738095/JE8r8cZta?refer_flag=1001030103_,拜登刚刚才上台，底特律的联邦法院法官马上致函拜登申请退休。网民纷纷说，赶紧选一个45岁以下的法官补上去。司法系统要开始修复了。估计很多法官都在硬撑，等到拜登上台和民主党掌控参议院才甘心退休。 ​
我六点钟见你,今天03:57,5,128,0,//weibo.com/2663321605/JE8nTxnNl?refer_flag=1001030103_,#上海复旦大学附属肿瘤医院1例疑似病例#夜刚暗下来的时候 我吃完止痛药就睡了  半夜醒来看到上海肿瘤医院怀疑疫情 我奔溃了 发了微博。 收到了来自不同地方的小哥哥小姐姐送来 “加油 ”真的谢谢你们呀。你们真美好。至今到现在为止 经过将近10个月的治疗  虽未控制住疾病但是也没有大面积爆 ​
态度岛,今天04:01,8,3,0,//weibo.com/1199581807/JE8pEBLnK?refer_flag=1001030103_,【外交部发言人宣布对蓬佩奥等28人实施制裁：这些人及其家属被禁止入境中国内地和香港、澳门】外交部网站：过去几年，美国一些反华政客出于一己政治私利和对华偏见仇恨，罔顾中美两国人民的利益，策划、推动实施了一系列疯狂的行径，严重干涉中国内政、损害了中国的利益、伤害了中国人民的感情，也严重 ​
我六点钟见你,今天03:57,5,124,0,//weibo.com/2663321605/JE8nTxnNl?refer_flag=1001030103_,#上海复旦大学附属肿瘤医院1例疑似病例#夜刚暗下来的时候 我吃完止痛药就睡了  半夜醒来看到上海肿瘤医院怀疑疫情 我奔溃了 发了微博。 收到了来自不同地方的小哥哥小姐姐送来 “加油 ”真的谢谢你们呀。你们真美好。至今到现在为止 经过将近10个月的治疗  虽未控制住疾病但是也没有大面积爆 ​
蜀黍都笑岔了,今天04:44,3,1,0,//weibo.com/3180541260/JE8GUzh7k?refer_flag=1001030103_,马戏团的狮子老虎获救后。。。。狮子第一次在草地上奔跑，老虎不敢置信的在水池里游泳，母狮兴奋地打滚……请拒绝动物表演！！  L蜀黍都笑岔了的微博视频 ​
爱国知青,今天04:28,2,0,0,//weibo.com/6408807483/JE8As9Ke4?refer_flag=1001030103_,台湾绿营名嘴造谣大陆筛检医生，这家伙长得像猴，但是脑子是猪脑子    #环球见闻#   ​​​​   ​​​​  L爱国知青的微博视频 ​
真话哥,今天04:00,6,3,0,//weibo.com/2184728493/JE8pb0EKc?refer_flag=1001030103_,双胞胎爷爷满100岁了。路过的别着急走给爷爷个祝福，顺便沾沾喜气儿。祝看到此视频的人家里老人也都长命百岁！  L真话哥的微博视频 ​
蜀黍都笑岔了,今天04:44,4,1,0,//weibo.com/3180541260/JE8GUzh7k?refer_flag=1001030103_,马戏团的狮子老虎获救后。。。。狮子第一次在草地上奔跑，老虎不敢置信的在水池里游泳，母狮兴奋地打滚……请拒绝动物表演！！  L蜀黍都笑岔了的微博视频 ​
西雅图夏至,今天04:13,16,11,0,//weibo.com/1960116444/JE8ul67jv?refer_flag=1001030103_,#美国生活# 拜登也有“邻居论“，我非常高兴！国内的不同意见者是邻居，各个国家之间也是邻居，不要有“某某不好了，我就会好”，甚至“只有某某不好，我才能好”的想法，那是不理智的。最好的社区，是人人安居乐业、和平相处的状态，不需要互相喜欢、频繁来往，只要都是心态健康的正常人，有矛盾时可 ​
三月的安谧,今天04:01,2,1,0,//weibo.com/2804427333/JE8pIq75F?refer_flag=1001030103_,经常上网，不为聊天交友……发发图记录一下心情……欣赏别人写出与自己相似的却无法表达的感悟…赏美图，品美文…… L三月的安谧的微博视频 ​
我六点钟见你,今天03:57,5,128,0,//weibo.com/2663321605/JE8nTxnNl?refer_flag=1001030103_,#上海复旦大学附属肿瘤医院1例疑似病例#夜刚暗下来的时候 我吃完止痛药就睡了  半夜醒来看到上海肿瘤医院怀疑疫情 我奔溃了 发了微博。 收到了来自不同地方的小哥哥小姐姐送来 “加油 ”真的谢谢你们呀。你们真美好。至今到现在为止 经过将近10个月的治疗  虽未控制住疾病但是也没有大面积爆 ​
书法,今天04:00,3,1,0,//weibo.com/1649615924/JE8pexanh?refer_flag=1001030103_,蒋介石 《致周股长信札》纸本镜心备注：附实寄封一枚。24×9cm#书画# ​
爱国知青,今天04:28,2,0,0,//weibo.com/6408807483/JE8As9Ke4?refer_flag=1001030103_,台湾绿营名嘴造谣大陆筛检医生，这家伙长得像猴，但是脑子是猪脑子    #环球见闻#   ​​​​   ​​​​  L爱国知青的微博视频 ​
齐鲁晚报,今天04:37,18,12,0,//weibo.com/2011075080/JE8EdzSdX?refer_flag=1001030103_,#平度两外省返平核酸阳性患者轨迹#【#青岛平度两外省返平人员核酸阳性#】1月21日，据平度发布消息：2021年1月20日下午，平度市确定两名从外省返平新型冠状病毒核酸检测阳性患者。患者张某平，男，38岁，山东省菏泽市人；患者王某，女，40岁，黑龙江省齐齐哈尔市人，两人均居住平度市深圳路617号吉斯亿 ​
态度岛,今天04:01,7,3,0,//weibo.com/1199581807/JE8pEBLnK?refer_flag=1001030103_,【外交部发言人宣布对蓬佩奥等28人实施制裁：这些人及其家属被禁止入境中国内地和香港、澳门】外交部网站：过去几年，美国一些反华政客出于一己政治私利和对华偏见仇恨，罔顾中美两国人民的利益，策划、推动实施了一系列疯狂的行径，严重干涉中国内政、损害了中国的利益、伤害了中国人民的感情，也严重 ​
蜀黍都笑岔了,今天04:44,3,1,0,//weibo.com/3180541260/JE8GUzh7k?refer_flag=1001030103_,马戏团的狮子老虎获救后。。。。狮子第一次在草地上奔跑，老虎不敢置信的在水池里游泳，母狮兴奋地打滚……请拒绝动物表演！！  L蜀黍都笑岔了的微博视频 ​
三月的安谧,今天04:01,2,1,0,//weibo.com/2804427333/JE8pIq75F?refer_flag=1001030103_,经常上网，不为聊天交友……发发图记录一下心情……欣赏别人写出与自己相似的却无法表达的感悟…赏美图，品美文…… L三月的安谧的微博视频 ​
爱国知青,今天04:28,2,0,0,//weibo.com/6408807483/JE8As9Ke4?refer_flag=1001030103_,台湾绿营名嘴造谣大陆筛检医生，这家伙长得像猴，但是脑子是猪脑子    #环球见闻#   ​​​​   ​​​​  L爱国知青的微博视频 ​
态度岛,今天04:01,8,3,0,//weibo.com/1199581807/JE8pEBLnK?refer_flag=1001030103_,【外交部发言人宣布对蓬佩奥等28人实施制裁：这些人及其家属被禁止入境中国内地和香港、澳门】外交部网站：过去几年，美国一些反华政客出于一己政治私利和对华偏见仇恨，罔顾中美两国人民的利益，策划、推动实施了一系列疯狂的行径，严重干涉中国内政、损害了中国的利益、伤害了中国人民的感情，也严重 ​
西雅图夏至,今天04:13,14,10,0,//weibo.com/1960116444/JE8ul67jv?refer_flag=1001030103_,#美国生活# 拜登也有“邻居论“，我非常高兴！国内的不同意见者是邻居，各个国家之间也是邻居，不要有“某某不好了，我就会好”，甚至“只有某某不好，我才能好”的想法，那是不理智的。最好的社区，是人人安居乐业、和平相处的状态，不需要互相喜欢、频繁来往，只要都是心态健康的正常人，有矛盾时可 ​
我六点钟见你,今天03:57,5,122,0,//weibo.com/2663321605/JE8nTxnNl?refer_flag=1001030103_,#上海复旦大学附属肿瘤医院1例疑似病例#夜刚暗下来的时候 我吃完止痛药就睡了  半夜醒来看到上海肿瘤医院怀疑疫情 我奔溃了 发了微博。 收到了来自不同地方的小哥哥小姐姐送来 “加油 ”真的谢谢你们呀。你们真美好。至今到现在为止 经过将近10个月的治疗  虽未控制住疾病但是也没有大面积爆 ​
三月的安谧,今天04:01,2,1,0,//weibo.com/2804427333/JE8pIq75F?refer_flag=1001030103_,经常上网，不为聊天交友……发发图记录一下心情……欣赏别人写出与自己相似的却无法表达的感悟…赏美图，品美文…… L三月的安谧的微博视频 ​
西雅图夏至,今天04:13,16,11,0,//weibo.com/1960116444/JE8ul67jv?refer_flag=1001030103_,#美国生活# 拜登也有“邻居论“，我非常高兴！国内的不同意见者是邻居，各个国家之间也是邻居，不要有“某某不好了，我就会好”，甚至“只有某某不好，我才能好”的想法，那是不理智的。最好的社区，是人人安居乐业、和平相处的状态，不需要互相喜欢、频繁来往，只要都是心态健康的正常人，有矛盾时可 ​
卧龙生的微博小窝,今天04:05,4,4,0,//weibo.com/6538738095/JE8r8cZta?refer_flag=1001030103_,拜登刚刚才上台，底特律的联邦法院法官马上致函拜登申请退休。网民纷纷说，赶紧选一个45岁以下的法官补上去。司法系统要开始修复了。估计很多法官都在硬撑，等到拜登上台和民主党掌控参议院才甘心退休。 ​
三月的安谧,今天04:01,2,1,0,//weibo.com/2804427333/JE8pIq75F?refer_flag=1001030103_,经常上网，不为聊天交友……发发图记录一下心情……欣赏别人写出与自己相似的却无法表达的感悟…赏美图，品美文…… L三月的安谧的微博视频 ​
蜀黍都笑岔了,今天04:44,4,1,0,//weibo.com/3180541260/JE8GUzh7k?refer_flag=1001030103_,马戏团的狮子老虎获救后。。。。狮子第一次在草地上奔跑，老虎不敢置信的在水池里游泳，母狮兴奋地打滚……请拒绝动物表演！！  L蜀黍都笑岔了的微博视频 ​
书法,今天04:00,3,1,0,//weibo.com/1649615924/JE8pexanh?refer_flag=1001030103_,蒋介石 《致周股长信札》纸本镜心备注：附实寄封一枚。24×9cm#书画# ​
西雅图夏至,今天04:13,14,10,0,//weibo.com/1960116444/JE8ul67jv?refer_flag=1001030103_,#美国生活# 拜登也有“邻居论“，我非常高兴！国内的不同意见者是邻居，各个国家之间也是邻居，不要有“某某不好了，我就会好”，甚至“只有某某不好，我才能好”的想法，那是不理智的。最好的社区，是人人安居乐业、和平相处的状态，不需要互相喜欢、频繁来往，只要都是心态健康的正常人，有矛盾时可 ​
真话哥,今天04:00,5,3,0,//weibo.com/2184728493/JE8pb0EKc?refer_flag=1001030103_,双胞胎爷爷满100岁了。路过的别着急走给爷爷个祝福，顺便沾沾喜气儿。祝看到此视频的人家里老人也都长命百岁！  L真话哥的微博视频 ​
卧龙生的微博小窝,今天04:05,3,4,0,//weibo.com/6538738095/JE8r8cZta?refer_flag=1001030103_,拜登刚刚才上台，底特律的联邦法院法官马上致函拜登申请退休。网民纷纷说，赶紧选一个45岁以下的法官补上去。司法系统要开始修复了。估计很多法官都在硬撑，等到拜登上台和民主党掌控参议院才甘心退休。 ​
三月的安谧,今天04:01,2,1,0,//weibo.com/2804427333/JE8pIq75F?refer_flag=1001030103_,经常上网，不为聊天交友……发发图记录一下心情……欣赏别人写出与自己相似的却无法表达的感悟…赏美图，品美文…… L三月的安谧的微博视频 ​
齐鲁晚报,今天04:37,18,12,0,//weibo.com/2011075080/JE8EdzSdX?refer_flag=1001030103_,#平度两外省返平核酸阳性患者轨迹#【#青岛平度两外省返平人员核酸阳性#】1月21日，据平度发布消息：2021年1月20日下午，平度市确定两名从外省返平新型冠状病毒核酸检测阳性患者。患者张某平，男，38岁，山东省菏泽市人；患者王某，女，40岁，黑龙江省齐齐哈尔市人，两人均居住平度市深圳路617号吉斯亿 ​
蜀黍都笑岔了,今天04:44,3,1,0,//weibo.com/3180541260/JE8GUzh7k?refer_flag=1001030103_,马戏团的狮子老虎获救后。。。。狮子第一次在草地上奔跑，老虎不敢置信的在水池里游泳，母狮兴奋地打滚……请拒绝动物表演！！  L蜀黍都笑岔了的微博视频 ​
三月的安谧,今天04:01,2,1,0,//weibo.com/2804427333/JE8pIq75F?refer_flag=1001030103_,经常上网，不为聊天交友……发发图记录一下心情……欣赏别人写出与自己相似的却无法表达的感悟…赏美图，品美文…… L三月的安谧的微博视频 ​
爱国知青,今天04:28,2,0,0,//weibo.com/6408807483/JE8As9Ke4?refer_flag=1001030103_,台湾绿营名嘴造谣大陆筛检医生，这家伙长得像猴，但是脑子是猪脑子    #环球见闻#   ​​​​   ​​​​  L爱国知青的微博视频 ​
西雅图夏至,今天04:13,14,10,0,//weibo.com/1960116444/JE8ul67jv?refer_flag=1001030103_,#美国生活# 拜登也有“邻居论“，我非常高兴！国内的不同意见者是邻居，各个国家之间也是邻居，不要有“某某不好了，我就会好”，甚至“只有某某不好，我才能好”的想法，那是不理智的。最好的社区，是人人安居乐业、和平相处的状态，不需要互相喜欢、频繁来往，只要都是心态健康的正常人，有矛盾时可 ​
卧龙生的微博小窝,今天04:05,4,4,0,//weibo.com/6538738095/JE8r8cZta?refer_flag=1001030103_,拜登刚刚才上台，底特律的联邦法院法官马上致函拜登申请退休。网民纷纷说，赶紧选一个45岁以下的法官补上去。司法系统要开始修复了。估计很多法官都在硬撑，等到拜登上台和民主党掌控参议院才甘心退休。 ​
蜀黍都笑岔了,今天04:44,3,1,0,//weibo.com/3180541260/JE8GUzh7k?refer_flag=1001030103_,马戏团的狮子老虎获救后。。。。狮子第一次在草地上奔跑，老虎不敢置信的在水池里游泳，母狮兴奋地打滚……请拒绝动物表演！！  L蜀黍都笑岔了的微博视频 ​
真话哥,今天04:00,4,3,0,//weibo.com/2184728493/JE8pb0EKc?refer_flag=1001030103_,双胞胎爷爷满100岁了。路过的别着急走给爷爷个祝福，顺便沾沾喜气儿。祝看到此视频的人家里老人也都长命百岁！  L真话哥的微博视频 ​
卧龙生的微博小窝,今天04:05,3,4,0,//weibo.com/6538738095/JE8r8cZta?refer_flag=1001030103_,拜登刚刚才上台，底特律的联邦法院法官马上致函拜登申请退休。网民纷纷说，赶紧选一个45岁以下的法官补上去。司法系统要开始修复了。估计很多法官都在硬撑，等到拜登上台和民主党掌控参议院才甘心退休。 ​
我六点钟见你,今天03:57,4,112,0,//weibo.com/2663321605/JE8nTxnNl?refer_flag=1001030103_,#上海复旦大学附属肿瘤医院1例疑似病例#夜刚暗下来的时候 我吃完止痛药就睡了  半夜醒来看到上海肿瘤医院怀疑疫情 我奔溃了 发了微博。 收到了来自不同地方的小哥哥小姐姐送来 “加油 ”真的谢谢你们呀。你们真美好。至今到现在为止 经过将近10个月的治疗  虽未控制住疾病但是也没有大面积爆 ​
态度岛,今天04:01,7,3,0,//weibo.com/1199581807/JE8pEBLnK?refer_flag=1001030103_,【外交部发言人宣布对蓬佩奥等28人实施制裁：这些人及其家属被禁止入境中国内地和香港、澳门】外交部网站：过去几年，美国一些反华政客出于一己政治私利和对华偏见仇恨，罔顾中美两国人民的利益，策划、推动实施了一系列疯狂的行径，严重干涉中国内政、损害了中国的利益、伤害了中国人民的感情，也严重 ​
态度岛,今天04:01,8,3,0,//weibo.com/1199581807/JE8pEBLnK?refer_flag=1001030103_,【外交部发言人宣布对蓬佩奥等28人实施制裁：这些人及其家属被禁止入境中国内地和香港、澳门】外交部网站：过去几年，美国一些反华政客出于一己政治私利和对华偏见仇恨，罔顾中美两国人民的利益，策划、推动实施了一系列疯狂的行径，严重干涉中国内政、损害了中国的利益、伤害了中国人民的感情，也严重 ​
真话哥,今天04:00,6,3,0,//weibo.com/2184728493/JE8pb0EKc?refer_flag=1001030103_,双胞胎爷爷满100岁了。路过的别着急走给爷爷个祝福，顺便沾沾喜气儿。祝看到此视频的人家里老人也都长命百岁！  L真话哥的微博视频 ​
我六点钟见你,今天03:57,5,122,0,//weibo.com/2663321605/JE8nTxnNl?refer_flag=1001030103_,#上海复旦大学附属肿瘤医院1例疑似病例#夜刚暗下来的时候 我吃完止痛药就睡了  半夜醒来看到上海肿瘤医院怀疑疫情 我奔溃了 发了微博。 收到了来自不同地方的小哥哥小姐姐送来 “加油 ”真的谢谢你们呀。你们真美好。至今到现在为止 经过将近10个月的治疗  虽未控制住疾病但是也没有大面积爆 ​
爱国知青,今天04:28,2,0,0,//weibo.com/6408807483/JE8As9Ke4?refer_flag=1001030103_,台湾绿营名嘴造谣大陆筛检医生，这家伙长得像猴，但是脑子是猪脑子    #环球见闻#   ​​​​   ​​​​  L爱国知青的微博视频 ​
西雅图夏至,今天04:13,14,10,0,//weibo.com/1960116444/JE8ul67jv?refer_flag=1001030103_,#美国生活# 拜登也有“邻居论“，我非常高兴！国内的不同意见者是邻居，各个国家之间也是邻居，不要有“某某不好了，我就会好”，甚至“只有某某不好，我才能好”的想法，那是不理智的。最好的社区，是人人安居乐业、和平相处的状态，不需要互相喜欢、频繁来往，只要都是心态健康的正常人，有矛盾时可 ​
我六点钟见你,今天03:57,4,117,0,//weibo.com/2663321605/JE8nTxnNl?refer_flag=1001030103_,#上海复旦大学附属肿瘤医院1例疑似病例#夜刚暗下来的时候 我吃完止痛药就睡了  半夜醒来看到上海肿瘤医院怀疑疫情 我奔溃了 发了微博。 收到了来自不同地方的小哥哥小姐姐送来 “加油 ”真的谢谢你们呀。你们真美好。至今到现在为止 经过将近10个月的治疗  虽未控制住疾病但是也没有大面积爆 ​
爱国知青,今天04:28,2,0,0,//weibo.com/6408807483/JE8As9Ke4?refer_flag=1001030103_,台湾绿营名嘴造谣大陆筛检医生，这家伙长得像猴，但是脑子是猪脑子    #环球见闻#   ​​​​   ​​​​  L爱国知青的微博视频 ​
卧龙生的微博小窝,今天04:05,3,4,0,//weibo.com/6538738095/JE8r8cZta?refer_flag=1001030103_,拜登刚刚才上台，底特律的联邦法院法官马上致函拜登申请退休。网民纷纷说，赶紧选一个45岁以下的法官补上去。司法系统要开始修复了。估计很多法官都在硬撑，等到拜登上台和民主党掌控参议院才甘心退休。 ​
西雅图夏至,今天04:13,14,10,0,//weibo.com/1960116444/JE8ul67jv?refer_flag=1001030103_,#美国生活# 拜登也有“邻居论“，我非常高兴！国内的不同意见者是邻居，各个国家之间也是邻居，不要有“某某不好了，我就会好”，甚至“只有某某不好，我才能好”的想法，那是不理智的。最好的社区，是人人安居乐业、和平相处的状态，不需要互相喜欢、频繁来往，只要都是心态健康的正常人，有矛盾时可 ​
齐鲁晚报,今天04:37,18,12,0,//weibo.com/2011075080/JE8EdzSdX?refer_flag=1001030103_,#平度两外省返平核酸阳性患者轨迹#【#青岛平度两外省返平人员核酸阳性#】1月21日，据平度发布消息：2021年1月20日下午，平度市确定两名从外省返平新型冠状病毒核酸检测阳性患者。患者张某平，男，38岁，山东省菏泽市人；患者王某，女，40岁，黑龙江省齐齐哈尔市人，两人均居住平度市深圳路617号吉斯亿 ​
真话哥,今天04:00,6,3,0,//weibo.com/2184728493/JE8pb0EKc?refer_flag=1001030103_,双胞胎爷爷满100岁了。路过的别着急走给爷爷个祝福，顺便沾沾喜气儿。祝看到此视频的人家里老人也都长命百岁！  L真话哥的微博视频 ​
我六点钟见你,今天03:57,5,122,0,//weibo.com/2663321605/JE8nTxnNl?refer_flag=1001030103_,#上海复旦大学附属肿瘤医院1例疑似病例#夜刚暗下来的时候 我吃完止痛药就睡了  半夜醒来看到上海肿瘤医院怀疑疫情 我奔溃了 发了微博。 收到了来自不同地方的小哥哥小姐姐送来 “加油 ”真的谢谢你们呀。你们真美好。至今到现在为止 经过将近10个月的治疗  虽未控制住疾病但是也没有大面积爆 ​
蜀黍都笑岔了,今天04:44,3,1,0,//weibo.com/3180541260/JE8GUzh7k?refer_flag=1001030103_,马戏团的狮子老虎获救后。。。。狮子第一次在草地上奔跑，老虎不敢置信的在水池里游泳，母狮兴奋地打滚……请拒绝动物表演！！  L蜀黍都笑岔了的微博视频 ​
卧龙生的微博小窝,今天04:05,3,4,0,//weibo.com/6538738095/JE8r8cZta?refer_flag=1001030103_,拜登刚刚才上台，底特律的联邦法院法官马上致函拜登申请退休。网民纷纷说，赶紧选一个45岁以下的法官补上去。司法系统要开始修复了。估计很多法官都在硬撑，等到拜登上台和民主党掌控参议院才甘心退休。 ​
齐鲁晚报,今天04:37,21,15,0,//weibo.com/2011075080/JE8EdzSdX?refer_flag=1001030103_,#平度两外省返平核酸阳性患者轨迹#【#青岛平度两外省返平人员核酸阳性#】1月21日，据平度发布消息：2021年1月20日下午，平度市确定两名从外省返平新型冠状病毒核酸检测阳性患者。患者张某平，男，38岁，山东省菏泽市人；患者王某，女，40岁，黑龙江省齐齐哈尔市人，两人均居住平度市深圳路617号吉斯亿 ​
真话哥,今天04:00,6,4,0,//weibo.com/2184728493/JE8pb0EKc?refer_flag=1001030103_,双胞胎爷爷满100岁了。路过的别着急走给爷爷个祝福，顺便沾沾喜气儿。祝看到此视频的人家里老人也都长命百岁！  L真话哥的微博视频 ​
爱国知青,今天04:28,3,0,0,//weibo.com/6408807483/JE8As9Ke4?refer_flag=1001030103_,台湾绿营名嘴造谣大陆筛检医生，这家伙长得像猴，但是脑子是猪脑子    #环球见闻#   ​​​​   ​​​​  L爱国知青的微博视频 ​
蜀黍都笑岔了,今天04:44,4,1,0,//weibo.com/3180541260/JE8GUzh7k?refer_flag=1001030103_,马戏团的狮子老虎获救后。。。。狮子第一次在草地上奔跑，老虎不敢置信的在水池里游泳，母狮兴奋地打滚……请拒绝动物表演！！  L蜀黍都笑岔了的微博视频 ​
齐鲁晚报,今天04:37,29,22,0,//weibo.com/2011075080/JE8EdzSdX?refer_flag=1001030103_,#平度两外省返平核酸阳性患者轨迹#【#青岛平度两外省返平人员核酸阳性#】1月21日，据平度发布消息：2021年1月20日下午，平度市确定两名从外省返平新型冠状病毒核酸检测阳性患者。患者张某平，男，38岁，山东省菏泽市人；患者王某，女，40岁，黑龙江省齐齐哈尔市人，两人均居住平度市深圳路617号吉斯亿 ​
我六点钟见你,今天03:57,5,128,0,//weibo.com/2663321605/JE8nTxnNl?refer_flag=1001030103_,#上海复旦大学附属肿瘤医院1例疑似病例#夜刚暗下来的时候 我吃完止痛药就睡了  半夜醒来看到上海肿瘤医院怀疑疫情 我奔溃了 发了微博。 收到了来自不同地方的小哥哥小姐姐送来 “加油 ”真的谢谢你们呀。你们真美好。至今到现在为止 经过将近10个月的治疗  虽未控制住疾病但是也没有大面积爆 ​
西雅图夏至,今天04:13,14,10,0,//weibo.com/1960116444/JE8ul67jv?refer_flag=1001030103_,#美国生活# 拜登也有“邻居论“，我非常高兴！国内的不同意见者是邻居，各个国家之间也是邻居，不要有“某某不好了，我就会好”，甚至“只有某某不好，我才能好”的想法，那是不理智的。最好的社区，是人人安居乐业、和平相处的状态，不需要互相喜欢、频繁来往，只要都是心态健康的正常人，有矛盾时可 ​
我六点钟见你,今天03:57,5,124,0,//weibo.com/2663321605/JE8nTxnNl?refer_flag=1001030103_,#上海复旦大学附属肿瘤医院1例疑似病例#夜刚暗下来的时候 我吃完止痛药就睡了  半夜醒来看到上海肿瘤医院怀疑疫情 我奔溃了 发了微博。 收到了来自不同地方的小哥哥小姐姐送来 “加油 ”真的谢谢你们呀。你们真美好。至今到现在为止 经过将近10个月的治疗  虽未控制住疾病但是也没有大面积爆 ​
三月的安谧,今天04:01,2,1,0,//weibo.com/2804427333/JE8pIq75F?refer_flag=1001030103_,经常上网，不为聊天交友……发发图记录一下心情……欣赏别人写出与自己相似的却无法表达的感悟…赏美图，品美文…… L三月的安谧的微博视频 ​
真话哥,今天04:00,6,3,0,//weibo.com/2184728493/JE8pb0EKc?refer_flag=1001030103_,双胞胎爷爷满100岁了。路过的别着急走给爷爷个祝福，顺便沾沾喜气儿。祝看到此视频的人家里老人也都长命百岁！  L真话哥的微博视频 ​
书法,今天04:00,2,1,0,//weibo.com/1649615924/JE8pexanh?refer_flag=1001030103_,蒋介石 《致周股长信札》纸本镜心备注：附实寄封一枚。24×9cm#书画# ​
卧龙生的微博小窝,今天04:05,3,4,0,//weibo.com/6538738095/JE8r8cZta?refer_flag=1001030103_,拜登刚刚才上台，底特律的联邦法院法官马上致函拜登申请退休。网民纷纷说，赶紧选一个45岁以下的法官补上去。司法系统要开始修复了。估计很多法官都在硬撑，等到拜登上台和民主党掌控参议院才甘心退休。 ​
书法,今天04:00,2,1,0,//weibo.com/1649615924/JE8pexanh?refer_flag=1001030103_,蒋介石 《致周股长信札》纸本镜心备注：附实寄封一枚。24×9cm#书画# ​
西雅图夏至,今天04:13,14,10,0,//weibo.com/1960116444/JE8ul67jv?refer_flag=1001030103_,#美国生活# 拜登也有“邻居论“，我非常高兴！国内的不同意见者是邻居，各个国家之间也是邻居，不要有“某某不好了，我就会好”，甚至“只有某某不好，我才能好”的想法，那是不理智的。最好的社区，是人人安居乐业、和平相处的状态，不需要互相喜欢、频繁来往，只要都是心态健康的正常人，有矛盾时可 ​
我六点钟见你,今天03:57,4,117,0,//weibo.com/2663321605/JE8nTxnNl?refer_flag=1001030103_,#上海复旦大学附属肿瘤医院1例疑似病例#夜刚暗下来的时候 我吃完止痛药就睡了  半夜醒来看到上海肿瘤医院怀疑疫情 我奔溃了 发了微博。 收到了来自不同地方的小哥哥小姐姐送来 “加油 ”真的谢谢你们呀。你们真美好。至今到现在为止 经过将近10个月的治疗  虽未控制住疾病但是也没有大面积爆 ​
爱国知青,今天04:28,2,0,0,//weibo.com/6408807483/JE8As9Ke4?refer_flag=1001030103_,台湾绿营名嘴造谣大陆筛检医生，这家伙长得像猴，但是脑子是猪脑子    #环球见闻#   ​​​​   ​​​​  L爱国知青的微博视频 ​
卧龙生的微博小窝,今天04:05,4,4,0,//weibo.com/6538738095/JE8r8cZta?refer_flag=1001030103_,拜登刚刚才上台，底特律的联邦法院法官马上致函拜登申请退休。网民纷纷说，赶紧选一个45岁以下的法官补上去。司法系统要开始修复了。估计很多法官都在硬撑，等到拜登上台和民主党掌控参议院才甘心退休。 ​
真话哥,今天04:00,6,3,0,//weibo.com/2184728493/JE8pb0EKc?refer_flag=1001030103_,双胞胎爷爷满100岁了。路过的别着急走给爷爷个祝福，顺便沾沾喜气儿。祝看到此视频的人家里老人也都长命百岁！  L真话哥的微博视频 ​
态度岛,今天04:01,8,3,0,//weibo.com/1199581807/JE8pEBLnK?refer_flag=1001030103_,【外交部发言人宣布对蓬佩奥等28人实施制裁：这些人及其家属被禁止入境中国内地和香港、澳门】外交部网站：过去几年，美国一些反华政客出于一己政治私利和对华偏见仇恨，罔顾中美两国人民的利益，策划、推动实施了一系列疯狂的行径，严重干涉中国内政、损害了中国的利益、伤害了中国人民的感情，也严重 ​
蜀黍都笑岔了,今天04:44,3,1,0,//weibo.com/3180541260/JE8GUzh7k?refer_flag=1001030103_,马戏团的狮子老虎获救后。。。。狮子第一次在草地上奔跑，老虎不敢置信的在水池里游泳，母狮兴奋地打滚……请拒绝动物表演！！  L蜀黍都笑岔了的微博视频 ​
西雅图夏至,今天04:13,14,10,0,//weibo.com/1960116444/JE8ul67jv?refer_flag=1001030103_,#美国生活# 拜登也有“邻居论“，我非常高兴！国内的不同意见者是邻居，各个国家之间也是邻居，不要有“某某不好了，我就会好”，甚至“只有某某不好，我才能好”的想法，那是不理智的。最好的社区，是人人安居乐业、和平相处的状态，不需要互相喜欢、频繁来往，只要都是心态健康的正常人，有矛盾时可 ​
蜀黍都笑岔了,今天04:44,3,1,0,//weibo.com/3180541260/JE8GUzh7k?refer_flag=1001030103_,马戏团的狮子老虎获救后。。。。狮子第一次在草地上奔跑，老虎不敢置信的在水池里游泳，母狮兴奋地打滚……请拒绝动物表演！！  L蜀黍都笑岔了的微博视频 ​
我六点钟见你,今天03:57,5,124,0,//weibo.com/2663321605/JE8nTxnNl?refer_flag=1001030103_,#上海复旦大学附属肿瘤医院1例疑似病例#夜刚暗下来的时候 我吃完止痛药就睡了  半夜醒来看到上海肿瘤医院怀疑疫情 我奔溃了 发了微博。 收到了来自不同地方的小哥哥小姐姐送来 “加油 ”真的谢谢你们呀。你们真美好。至今到现在为止 经过将近10个月的治疗  虽未控制住疾病但是也没有大面积爆 ​
卧龙生的微博小窝,今天04:05,4,4,0,//weibo.com/6538738095/JE8r8cZta?refer_flag=1001030103_,拜登刚刚才上台，底特律的联邦法院法官马上致函拜登申请退休。网民纷纷说，赶紧选一个45岁以下的法官补上去。司法系统要开始修复了。估计很多法官都在硬撑，等到拜登上台和民主党掌控参议院才甘心退休。 ​
西雅图夏至,今天04:13,14,10,0,//weibo.com/1960116444/JE8ul67jv?refer_flag=1001030103_,#美国生活# 拜登也有“邻居论“，我非常高兴！国内的不同意见者是邻居，各个国家之间也是邻居，不要有“某某不好了，我就会好”，甚至“只有某某不好，我才能好”的想法，那是不理智的。最好的社区，是人人安居乐业、和平相处的状态，不需要互相喜欢、频繁来往，只要都是心态健康的正常人，有矛盾时可 ​
态度岛,今天04:01,8,3,0,//weibo.com/1199581807/JE8pEBLnK?refer_flag=1001030103_,【外交部发言人宣布对蓬佩奥等28人实施制裁：这些人及其家属被禁止入境中国内地和香港、澳门】外交部网站：过去几年，美国一些反华政客出于一己政治私利和对华偏见仇恨，罔顾中美两国人民的利益，策划、推动实施了一系列疯狂的行径，严重干涉中国内政、损害了中国的利益、伤害了中国人民的感情，也严重 ​
西雅图夏至,今天04:13,14,10,0,//weibo.com/1960116444/JE8ul67jv?refer_flag=1001030103_,#美国生活# 拜登也有“邻居论“，我非常高兴！国内的不同意见者是邻居，各个国家之间也是邻居，不要有“某某不好了，我就会好”，甚至“只有某某不好，我才能好”的想法，那是不理智的。最好的社区，是人人安居乐业、和平相处的状态，不需要互相喜欢、频繁来往，只要都是心态健康的正常人，有矛盾时可 ​
蜀黍都笑岔了,今天04:44,3,1,0,//weibo.com/3180541260/JE8GUzh7k?refer_flag=1001030103_,马戏团的狮子老虎获救后。。。。狮子第一次在草地上奔跑，老虎不敢置信的在水池里游泳，母狮兴奋地打滚……请拒绝动物表演！！  L蜀黍都笑岔了的微博视频 ​
卧龙生的微博小窝,今天04:05,3,4,0,//weibo.com/6538738095/JE8r8cZta?refer_flag=1001030103_,拜登刚刚才上台，底特律的联邦法院法官马上致函拜登申请退休。网民纷纷说，赶紧选一个45岁以下的法官补上去。司法系统要开始修复了。估计很多法官都在硬撑，等到拜登上台和民主党掌控参议院才甘心退休。 ​
齐鲁晚报,今天04:37,21,15,0,//weibo.com/2011075080/JE8EdzSdX?refer_flag=1001030103_,#平度两外省返平核酸阳性患者轨迹#【#青岛平度两外省返平人员核酸阳性#】1月21日，据平度发布消息：2021年1月20日下午，平度市确定两名从外省返平新型冠状病毒核酸检测阳性患者。患者张某平，男，38岁，山东省菏泽市人；患者王某，女，40岁，黑龙江省齐齐哈尔市人，两人均居住平度市深圳路617号吉斯亿 ​
书法,今天04:00,2,1,0,//weibo.com/1649615924/JE8pexanh?refer_flag=1001030103_,蒋介石 《致周股长信札》纸本镜心备注：附实寄封一枚。24×9cm#书画# ​
卧龙生的微博小窝,今天04:05,4,4,0,//weibo.com/6538738095/JE8r8cZta?refer_flag=1001030103_,拜登刚刚才上台，底特律的联邦法院法官马上致函拜登申请退休。网民纷纷说，赶紧选一个45岁以下的法官补上去。司法系统要开始修复了。估计很多法官都在硬撑，等到拜登上台和民主党掌控参议院才甘心退休。 ​
蜀黍都笑岔了,今天04:44,4,1,0,//weibo.com/3180541260/JE8GUzh7k?refer_flag=1001030103_,马戏团的狮子老虎获救后。。。。狮子第一次在草地上奔跑，老虎不敢置信的在水池里游泳，母狮兴奋地打滚……请拒绝动物表演！！  L蜀黍都笑岔了的微博视频 ​
书法,今天04:00,3,1,0,//weibo.com/1649615924/JE8pexanh?refer_flag=1001030103_,蒋介石 《致周股长信札》纸本镜心备注：附实寄封一枚。24×9cm#书画# ​
西雅图夏至,今天04:13,16,11,0,//weibo.com/1960116444/JE8ul67jv?refer_flag=1001030103_,#美国生活# 拜登也有“邻居论“，我非常高兴！国内的不同意见者是邻居，各个国家之间也是邻居，不要有“某某不好了，我就会好”，甚至“只有某某不好，我才能好”的想法，那是不理智的。最好的社区，是人人安居乐业、和平相处的状态，不需要互相喜欢、频繁来往，只要都是心态健康的正常人，有矛盾时可 ​
三月的安谧,今天04:01,2,1,0,//weibo.com/2804427333/JE8pIq75F?refer_flag=1001030103_,经常上网，不为聊天交友……发发图记录一下心情……欣赏别人写出与自己相似的却无法表达的感悟…赏美图，品美文…… L三月的安谧的微博视频 ​
三月的安谧,今天04:01,2,1,0,//weibo.com/2804427333/JE8pIq75F?refer_flag=1001030103_,经常上网，不为聊天交友……发发图记录一下心情……欣赏别人写出与自己相似的却无法表达的感悟…赏美图，品美文…… L三月的安谧的微博视频 ​
西雅图夏至,今天04:13,14,10,0,//weibo.com/1960116444/JE8ul67jv?refer_flag=1001030103_,#美国生活# 拜登也有“邻居论“，我非常高兴！国内的不同意见者是邻居，各个国家之间也是邻居，不要有“某某不好了，我就会好”，甚至“只有某某不好，我才能好”的想法，那是不理智的。最好的社区，是人人安居乐业、和平相处的状态，不需要互相喜欢、频繁来往，只要都是心态健康的正常人，有矛盾时可 ​
书法,今天04:00,2,1,0,//weibo.com/1649615924/JE8pexanh?refer_flag=1001030103_,蒋介石 《致周股长信札》纸本镜心备注：附实寄封一枚。24×9cm#书画# ​
爱国知青,今天04:28,2,0,0,//weibo.com/6408807483/JE8As9Ke4?refer_flag=1001030103_,台湾绿营名嘴造谣大陆筛检医生，这家伙长得像猴，但是脑子是猪脑子    #环球见闻#   ​​​​   ​​​​  L爱国知青的微博视频 ​
蜀黍都笑岔了,今天04:44,3,1,0,//weibo.com/3180541260/JE8GUzh7k?refer_flag=1001030103_,马戏团的狮子老虎获救后。。。。狮子第一次在草地上奔跑，老虎不敢置信的在水池里游泳，母狮兴奋地打滚……请拒绝动物表演！！  L蜀黍都笑岔了的微博视频 ​
