cjbnkmmdf,2020年01月20日,1,0,0,//weibo.com/3149428360/Iqp6sryD5?refer_flag=1001030103_,？？//@巴赫没有弥萨:gg//@天青碧流烟秋月:真的刺激，在这种抗击疫情的重要关头还来这种社区疫情大爆发的预热行为，你们武汉人真的不怕死，武汉该变成浣熊市一样准备封城了//@吴毛F: ，，，//@青莲榆菜:刺激//@BearBin_: ……？……！！
我打游戏不会生气,2020年01月20日,0,0,0,//weibo.com/5370243765/Iqp6eybZr?refer_flag=1001030103_,评论就你妈离谱。以偏概全，什么都不知道就在那长个嘴叭叭叭开始地域黑了，得亏是没出在你们自己家。真是站着说话不腰疼的，说封城的你要把我笑死吗？？？？
浪漫史诗,2020年01月20日,0,0,0,//weibo.com/2481502434/Iqp5FmBfQ?refer_flag=1001030103_,好好好，武汉封城
Li筱紫,2020年01月20日,1,0,0,//weibo.com/1835051535/IqoXQbVLQ?refer_flag=1001030103_,#境内确诊217例新型冠状病毒肺炎病例#那些口口声声要求武汉封城武汉人不要外出的，怎么，武汉人就不是人了？武汉人就没有人权了？武汉就没有正常人了？该做的防范会做，该出的门也还得出，上头都没发话，凭啥听你们的？ ​
翻箱倒柜的静妹儿,2020年01月20日,0,2,0,//weibo.com/1869067250/IqoXCksu6?refer_flag=1001030103_,#上海确诊首例新型冠状病毒感染肺炎#真的不是歧视，现在对病源和潜伏期不明确的情况下，武汉人民还是不要乱动，减少人口流动，封城减少病毒🦠的流动和传播还是有效控制的办法。网上看到武汉人民的素质都好高。 ​
Persikka,2020年01月20日,0,0,0,//weibo.com/5203920198/IqoWg495L?refer_flag=1001030103_,#境内确诊217例新型冠状病毒肺炎病例#新闻出现以后出门必戴口罩，最近几天就没怎么出小区了。看到网上对武汉评论的种种言论真的很难受。封城、甚至是杀了武汉人这种话都有人说得出口。希望大家出门带好口罩，勤洗手做好预防工作！键盘侠们积点口德吧！！！ ​
一起吃成长快乐吧,2020年01月20日,0,0,0,//weibo.com/6620091983/IqoW7c1WO?refer_flag=1001030103_,顺便还想说一下关于其他省市的输入病例。1有潜伏期、2当时并未引起现在这样的重视。一旦严重了武汉人当然不会去外地移动啊。我所反感的是在新闻下大肆宣扬“封城”言论的人，话说的难听不说，真就键盘侠指点江山呗。 ​
市松_拉拉肥赛高,2020年01月20日,0,0,0,//weibo.com/3177255702/IqoV5m6vq?refer_flag=1001030103_,？不怕死对吧？//@三可_你可以我可以他可以:，，，//@天青碧流烟秋月: 真的刺激，在这种抗击疫情的重要关头还来这种社区疫情大爆发的预热行为，你们武汉人真的不怕死，武汉该变成浣熊市一样准备封城了//@吴毛F: ，，，//@青莲榆菜:刺激//@BearBin_: ……？……！！
路阿戚,2020年01月20日,0,0,0,//weibo.com/5668999636/IqoTayNRs?refer_flag=1001030103_,建议武汉暂时封城吧，别再扩散了 ​
草莓牛奶只要草莓不要牛奶,2020年01月20日,0,0,0,//weibo.com/3848285794/IqoT4q997?refer_flag=1001030103_,好可怕，真的不考虑封城嘛…
诺亚的小蜗牛1992,2020年01月20日,0,0,0,//weibo.com/1947937711/IqoS7iXSZ?refer_flag=1001030103_,非典的时候年纪小没概念，现在看这些新闻是真的慌，全国出现的病例都是从武汉出去的，武汉同胞你们加油，多洗手喝水戴口罩啥的，如果真的到了需要封城，也只能封，回家过年，出去旅游，出差都不及命重要
邬龙球,2020年01月20日,0,0,0,//weibo.com/1725340762/IqoQUwSnR?refer_flag=1001030103_,应该像非典时候那样 封城！
北期离,2020年01月20日,0,0,0,//weibo.com/6404176792/IqoQlEXhZ?refer_flag=1001030103_,#上海确诊首例新型冠状病毒感染肺炎#希望武汉的兄弟姐妹们不要乱动了，命要紧还是回家过年要紧，早点封城真的对大家都好，带好口罩，保重身体。 ​
Armin的老迷弟,2020年01月20日,1,6,0,//weibo.com/6089138743/IqoPAEcWM?refer_flag=1001030103_,虽然本人在武汉工作生活，但从大局考虑，真的建议封城，现在的春运体量比20年前大太多，武汉又是九省通衢的交通枢纽，彻底控制对防止病毒向全国扩散效果好些。春运体量这个变量真的要考虑进去。。 2武汉 ​
小小红豆2174854725,2020年01月20日,0,0,0,//weibo.com/2174854725/IqoPfqiop?refer_flag=1001030103_,为什么武汉还不实行封城？问题太严重了，一夜之间就开花了e
魔法少女西卡卡,2020年01月20日,2,0,0,//weibo.com/3200458052/IqoMh13aA?refer_flag=1001030103_,？真的是不怕死吗//@三可_你可以我可以他可以:，，，//@天青碧流烟秋月: 真的刺激，在这种抗击疫情的重要关头还来这种社区疫情大爆发的预热行为，你们武汉人真的不怕死，武汉该变成浣熊市一样准备封城了//@吴毛F: ，，，//@青莲榆菜:刺激//@BearBin_: ……？……！！
今天膨胀了么,2020年01月20日,0,8,0,//weibo.com/1982276344/IqoMczrPB?refer_flag=1001030103_,虽然是严重 但没必要一有新例 就一堆评论武汉……甚至评论封城吧 ​
霜凝滟,2020年01月20日,0,0,0,//weibo.com/1026431614/IqoM7fxAT?refer_flag=1001030103_,封城怎么就不能说了？当年非典，我记得北京也封城了吖，全国各大高校都封校大学生不许外出//@盖世英雄高乐高:全世界都在为武汉担心，但有些武汉人觉得我们是杠精。
淹没还不醉的桥,2020年01月20日,0,0,0,//weibo.com/1775226252/IqoLuwB8y?refer_flag=1001030103_,真的可以封城了 全部都是去过武汉的 不敢想象春运之后…
澄泓-研究君,2020年01月20日,3,11,0,//weibo.com/5802446902/IqoJfmpYr?refer_flag=1001030103_,照目前这个传播速度，武汉不会给封城了吧 ​
早起的鸟儿让虫子给打了,2020年01月20日,0,0,0,//weibo.com/1393740943/IqoJ00j57?refer_flag=1001030103_,这不就是人传人吗？着急控制舆论还不如赶紧封城，让武汉和患病城市只许进不许出。
hellopbs,2020年01月20日,0,0,0,//weibo.com/1706436152/IqoIUq9u4?refer_flag=1001030103_,我觉得疾控部门应该再具体公布一下，他们的「去过」和「短暂逗留」的大致情况，什么职业？去做什么？去过哪儿？短暂有多短？接触了些什么人。让民众有点儿心理准备，知道怎么保护。现在的描述，好像只要「去过」就能感染，那武汉人民还趁着春运和春节满世界跑呢，是不是要封城了？
策策于绿洲,2020年01月20日,0,0,0,//weibo.com/2486237950/IqoEX9Jxj?refer_flag=1001030103_,微博上好多人希望武汉封城，可我只想早点回家，出武汉 ​
惹半海亡灵的杰克船长,2020年01月20日,0,0,0,//weibo.com/5566636638/IqoD1rPlM?refer_flag=1001030103_,向来最烦看见的骂架就两种1.一群非985在那抬985是否死学什么的杠2.一群自私自利的家伙争论是否要封城真鸡儿恶心 ​
沉迷吸瓜无法自拔,2020年01月20日,0,0,0,//weibo.com/1931228010/IqoC5xjgU?refer_flag=1001030103_,早上打车 司机说你们怎么还没放假 我说还得上四天 到公司刚坐下看了眼手机 满屏都是肺炎的报道 打开微博更是不得了 除武汉以外的人民竟然在抗议 说政府怎么还不封城 中午收到了公司的邮件 提醒大家注意防范 下了班挨个量体温才放行 现在我头疼脑热的瘫坐着 也不知道是真病了还是吓病了 ​
·白河夜船,2020年01月20日,0,3,0,//weibo.com/5092360300/IqoB680J3?refer_flag=1001030103_,#上海确诊首例新型冠状病毒感染肺炎#说封城的不是歧视是对其他地区居民的负责啊虽然我自己恐慌没什么用 但是预防肯定要做的 ​
路云波,2020年01月20日,0,0,0,//weibo.com/1664671697/IqoAG6Ujh?refer_flag=1001030103_,武汉应该封城，禁止离开，减少社会成本。
努力买房的馨馨子,2020年01月20日,0,0,0,//weibo.com/5720442139/IqozxcKUK?refer_flag=1001030103_,#境内确诊217例新型冠状病毒肺炎病例#建议武汉封城吧。 ​
猫小橙喵了个咪吖,2020年01月20日,0,0,0,//weibo.com/5094957892/IqoyOfJuX?refer_flag=1001030103_,我记得非典北京封城了，在上海真的慌得一笔//@黎汐-shio:全国人民都在担心武汉，武汉非但不当回事还到处乱跑，这是地域黑的问题吗，大家担心武汉防范不到位，担心病情扩散，到底是谁自私啊
鯲_小白Ythree,2020年01月20日,0,0,0,//weibo.com/5619405309/IqovqbIEL?refer_flag=1001030103_,所以还不封城非要等全国都感染
我也是加把劲圣骑士,2020年01月20日,0,0,0,//weibo.com/7042700923/IqotYDfDR?refer_flag=1001030103_,牛批//@三可_你可以我可以他可以:，，，//@天青碧流烟秋月: 真的刺激，在这种抗击疫情的重要关头还来这种社区疫情大爆发的预热行为，你们武汉人真的不怕死，武汉该变成浣熊市一样准备封城了//@吴毛F: ，，，//@青莲榆菜:刺激//@BearBin_: ……？……！！
Mmm炎之曉夏,2020年01月20日,0,0,0,//weibo.com/1793892903/IqotT3ToS?refer_flag=1001030103_,武汉需要封城！！！都是武汉人传播的
新新饼干子,2020年01月20日,1,0,0,//weibo.com/6942078560/IqosxFcLf?refer_flag=1001030103_,四万人//@天青碧流烟秋月:真的刺激，在这种抗击疫情的重要关头还来这种社区疫情大爆发的预热行为，你们武汉人真的不怕死，武汉该变成浣熊市一样准备封城了//@吴毛F: ，，，//@青莲榆菜:刺激//@BearBin_: ……？……！！
咿咿呀呀呜噜哇啦,2020年01月20日,0,6,0,//weibo.com/2863316910/Iqoq8tcV0?refer_flag=1001030103_,事态严重，不知道会不会封城封城的话就留下来过年反正我还蛮想两个人在一起过年 ​
狂躁症患者阿菲,2020年01月20日,0,1,0,//weibo.com/1979050914/Iqopkv6zx?refer_flag=1001030103_,今日滑稽：要求武汉封城的和吐槽封城不现实的都在骂对方是键盘侠让我们荡起双桨～ ​
凉拌三生,2020年01月20日,1,1,0,//weibo.com/2456418653/IqoiXsR85?refer_flag=1001030103_,之前别人说微博人均初高中学历，我还不信，现在我信了。新型冠状病毒发现后，地域黑又出现了，“怎么不封锁武汉？”，“武汉不是源头吗？”，“武汉人最好别出省？”，怎么武汉吃你家大米了？ 还封城？九省通衢，你封试试，麻烦以后说话经过脑子。部分武汉本地人也贱，“过年出省的明显不是武汉人”，“这个时候出省的要么是外来人员，要么是求学的学生，根本不是武汉人”，怎么，上海给你们排外的勇气？艹，看的一肚子火。 
edo-biscuit,2020年01月20日,1,0,0,//weibo.com/1436827177/IqohH9eUt?refer_flag=1001030103_,//@三可_你可以我可以他可以: ，，，//@天青碧流烟秋月: 真的刺激，在这种抗击疫情的重要关头还来这种社区疫情大爆发的预热行为，你们武汉人真的不怕死，武汉该变成浣熊市一样准备封城了//@吴毛F: ，，，//@青莲榆菜:刺激//@BearBin_: ……？……！！
黒魔道士,2020年01月20日,0,0,0,//weibo.com/1701574710/Iqoh6uEnQ?refer_flag=1001030103_,劲//@天青碧流烟秋月: 真的刺激，在这种抗击疫情的重要关头还来这种社区疫情大爆发的预热行为，你们武汉人真的不怕死，武汉该变成浣熊市一样准备封城了//@吴毛F: ，，，//@青莲榆菜:刺激//@BearBin_: ……？……！！
懒得想名字了叫啥好,2020年01月20日,0,0,0,//weibo.com/6096575280/Iqofh1x98?refer_flag=1001030103_,//@银色_暗号:疯了吧//@BUUUUUUUG__貮番:…………//@无水偏硅酸钠MK3://@天青碧流烟秋月:真的刺激，在这种抗击疫情的重要关头还来这种社区疫情大爆发的预热行为，你们武汉人真的不怕死，武汉该变成浣熊市一样准备封城了//@吴毛F: ，，，//@青莲榆菜:刺激//@BearBin_: ……？……！！
无水偏硅酸钠MK3,2020年01月20日,4,0,0,//weibo.com/3708945957/IqobEbJ50?refer_flag=1001030103_,//@天青碧流烟秋月:真的刺激，在这种抗击疫情的重要关头还来这种社区疫情大爆发的预热行为，你们武汉人真的不怕死，武汉该变成浣熊市一样准备封城了//@吴毛F: ，，，//@青莲榆菜:刺激//@BearBin_: ……？……！！
春风看世界V,2020年01月20日,0,0,0,//weibo.com/2117412622/IqnEQi8bK?refer_flag=1001030103_,#现场直击# 2020 #上海# #豫园灯会# 点亮进行时！#Vlog#本届设计师匠心打造了机灵鼠、#财神# 鼠、#好运# 鼠、#辣妈# 鼠、#丰收# 鼠、#科技# 鼠等，让人应接不暇~还有#迪士尼# 的#米奇# #米妮# 也来贺#新春# 啦！今年灯会融入了#高科技# ，据说亮灯仪式是人声#智能# “喊亮”的。很多新的科技产品也展示出来，比如#AI# 智能#机器人# 、#电动汽车# 、#5G# 等。九曲桥是#长三角# 主题，几个小灯群主题分别是好客八皖、风雅秦淮、姑苏风情、上海、诗画#西湖# 、一衣带水。目前#免费# ，即日-2月11日亮灯，最后五天#封城# 时需购票参观！跟着春风姐姐趁免费走起哦！地址：上海市#黄浦区# 方浜中路265号#豫园商城#交通：上海#地铁# 10号线豫园站1号口#米老鼠# #vlog# #视频# #短视频# #我的春节vlog# #新年# #春节# #走春# #旅游# #旅行# #自由行# #上海旅行# #上海旅游# #赏灯# #花火# #新年#  #上海迪士尼#  #上海旅行攻略# #亲子# #亲子旅行# #旅行攻略# #上海旅游攻略# #上海自由行# #上海迪士尼乐园酒店# #上海迪士尼来啦# #闺蜜旅行# #网红打卡# #上海迪士尼乐园度假区# #迪士尼乐园# #上海迪士尼乐园# #春节旅游# #春节旅行# #春节去哪儿# #春节去哪儿过# #新年旅行# #新年愿望# #家庭旅行# #家庭旅游# #昆曲# #苏州# #南京# #黄山# #安徽# #江苏# #浙江# #良渚# @上海迪士尼度假区 @豫园灯会 @乐游上海 @微博旅拍 @微博旅游 @上海同城 @迪士尼商店 @迪士尼互动 @迪士尼电影 @迪士尼中国 @上海迪士尼商店 @新浪上海 @上海玩乐推荐 @上海玩乐吃喝 @微博VLOG @我的VLOG生活 @杭州文广旅游发布 @苏州姑苏旅游 @苏州文化旅游资讯 @南京文旅 @黄山市文化和旅游局 @安徽文旅官微 @诗画浙江文旅资讯 @江苏微旅游 L春风看世界V的微博视频 
炎热的瘦虎,2020年01月20日,1,5,0,//weibo.com/3599779494/IqnDcjL0q?refer_flag=1001030103_,回复@孙建锋宜昌中心医院血管外科:作为在武汉的人表示支持，春运人流量实在太大了，以前非典还没有春运吧//@孙建锋宜昌中心医院血管外科:应该把武汉封城了！！
疯狂猎奇少女,2020年01月20日,1,0,0,//weibo.com/6249072606/IqnAsqpPU?refer_flag=1001030103_,#暴雪之后的加拿大#加拿大暴雪封城，当地人民暴雪中花式玩雪！ L疯狂猎奇少女的微博视频 ​
右耳离人96724,2020年01月20日,0,0,0,//weibo.com/6651405787/Iqnwu1dY0?refer_flag=1001030103_,我是武汉人我为武汉骄傲外省的不管怎样唾弃武汉马的萨斯来的时候封城了吗一代比一代怂 ​
不再拿螺丝戳你了,2020年01月20日,0,0,0,//weibo.com/6642254306/IqnwekkHJ?refer_flag=1001030103_,//@KDS三井寿://@夏午茶把拔:@松江沪语社 阿姐，当心//@啾啾三分:武汉还没封城吗？深圳两个北京两个上海两个。沿途乘坐的公共交通上的人也有感染可能性，不做通告让大家去医院做检查？//@懂么弗懂是我://@杀手拿铁K://@君自傲Edward://@刚上海闲话额上海宁: 为什么不送回去
笑舞狂歌醉逍遥2019,2020年01月20日,1,0,0,//weibo.com/2185179550/IqnjImdC6?refer_flag=1001030103_,//@夏午茶把拔:@松江沪语社 阿姐，当心//@啾啾三分:武汉还没封城吗？深圳两个北京两个上海两个。沿途乘坐的公共交通上的人也有感染可能性，不做通告让大家去医院做检查？//@懂么弗懂是我://@杀手拿铁K://@君自傲Edward://@刚上海闲话额上海宁: 为什么不送回去？上海小朋友不是人啊？~[
夏午茶把拔,2020年01月20日,14,3,0,//weibo.com/2293458695/Iqnb5dIbD?refer_flag=1001030103_,@松江沪语社 阿姐，当心//@啾啾三分:武汉还没封城吗？深圳两个北京两个上海两个。沿途乘坐的公共交通上的人也有感染可能性，不做通告让大家去医院做检查？//@懂么弗懂是我://@杀手拿铁K://@君自傲Edward://@刚上海闲话额上海宁: 为什么不送回去？上海小朋友不是人啊？~
楚寒不知菜的抠jio,2020年01月20日,0,0,0,//weibo.com/1369469743/Iqn96iaEr?refer_flag=1001030103_,求你们不要来武汉！不要经过武汉！让我们安生过个年会死是吗，一群辣鸡！官方还没怎么说，你们就叭叭封城，给你们能死了哦，你有本事你封啊，那些别的城市的滞留人口怕不是喷死你们，呛你妈个鬼一样 ​
天外莱莱克,2020年01月20日,0,0,0,//weibo.com/3113116183/Iqn5Ixezw?refer_flag=1001030103_,武汉封城吧，不要扩散
Here-Stina,2020年01月20日,0,0,0,//weibo.com/3795748552/Iqn3HwE7g?refer_flag=1001030103_,大家都以为武汉封城了。。。。可是车站里面很少有人戴口罩，大家都很淡定。。。。 ​
不与人为敌,2020年01月20日,0,0,0,//weibo.com/6807540620/IqmC7tuSA?refer_flag=1001030103_,哦，武汉人各种憨批说武汉没事啊，大家都不戴口罩还像平常一样，好像病毒不是从你们武汉来的？？哪里来的脸这么耿直不要脸说出这句话，盲目自大过了头吧，这群憨批，求你们封城，别嚯嚯其他地方人，实在不行可以弃车保帅啊，反正你们这么不要脸//@鸢的面具:又是武汉 所以是从武汉传到各地？
本命命,2020年01月20日,0,0,0,//weibo.com/1679016734/IqmegB4EW?refer_flag=1001030103_,瞎呗//@游荡的法师: //@霜泓:就我所知上千公里外的医院、疾控甚至生产检测试剂的公司都不敢放假过年，真不是“我没看到”就等于“无所作为”。//@史总吹的草本酉分酉分:我觉得他们的要求是贴满告示再封城再不戴口罩出门的枪毙//@游荡的法师://@佛心蛊://@缚燕难飞_昀礼:
84号馆藏,2020年01月20日,0,7,0,//weibo.com/6590258064/IqmaGo1z5?refer_flag=1001030103_,封城两字看得我一惊 ​
xpngzhng,2020年01月20日,0,0,0,//weibo.com/2708232002/Iqm4xcMbV?refer_flag=1001030103_,回复@砍砍的大刀:那时我上高一，春节回来后两三个月教室每天都要用过氧乙酸消毒//@砍砍的大刀:虽然那时候我还小但我印象深刻上海要封城打车连夜回苏北花了几千块然后大家一合计在我家屯了n吨过氧乙酸结果亏的不要不要的
永远只有你最好,2020年01月20日,0,5,0,//weibo.com/1662379782/Iqm3I5A48?refer_flag=1001030103_,说把武汉封城的怕不是脑子被感染了。。。武汉那么多外地人，也不是人人都感染了，你不让人回家，是打算把人留在武汉遛弯呢？冠状病毒肺炎有两周潜伏期的，筛查工作一直在进行，除了按原则戴口罩保持卫生经常消毒远离疑似感冒发烧的病人和随地吐痰的蠢货，我们普通人真的没别的措施。 ​
深海世界Begonia,2020年01月20日,0,0,0,//weibo.com/5291828778/Iqm09BCi9?refer_flag=1001030103_,Linn
-怒放荼靡-,2020年01月20日,0,0,0,//weibo.com/6018292969/IqlOSexXy?refer_flag=1001030103_,能对wh做出境限制吗？封城隔离吗？不能再进一步扩散了啊～ ​
局部混乱,2020年01月20日,0,0,0,//weibo.com/6118783349/IqlOyDU9O?refer_flag=1001030103_,#韩国出现一武汉肺炎确诊病例#封城会引起大规模恐慌。。首先就是武汉 ​
快乐伢伢在线搞哈,2020年01月20日,0,0,0,//weibo.com/5059388044/IqlOt6XAC?refer_flag=1001030103_,评论区还有抖机灵说是不是就可以延长假期了，当年是封城封校直接全停了啊………我妈楼都不让我下，我就趴窗台上往外唱歌，然后她开始担心关家里太久给我关傻了( ​
黑夜里去找寻,2020年01月20日,0,0,0,//weibo.com/2508435632/IqlHAmTbm?refer_flag=1001030103_,#浙江发现5例武汉来浙并有发热等症状患者#看新闻看笑了，是不是现在大家受古装剧影响太深，竟然可以在评论里看到“关闭武汉城门”、“封城”、“封锁武汉”等等，太穿越了，让我再笑一下，哈哈哈哈哈哈哈哈 ​
我喜欢品酒不是酗酒,2020年01月20日,6,280,0,//weibo.com/2850168970/IqlGRtSIk?refer_flag=1001030103_,#韩国出现一武汉肺炎确诊病例#武汉封城很有必要！因为泰国一例、日本一例、北京两例、深圳一例，都直接和武汉有关。国外已经限制武汉人员流入，为什么国内不行？春运要是大规模爆发，后果很吓人！（首先我没有地域黑） ​​​
清清爽爽一书生,2020年01月20日,0,0,0,//weibo.com/1698048487/IqlE4kpEa?refer_flag=1001030103_,武汉是不是得考虑封城了.....
阿枕超生气哦,2020年01月20日,0,0,0,//weibo.com/2882034600/Iqlx7b3yn?refer_flag=1001030103_,太可爱了8呜呜呜呜呜@阿灰要封城渡劫 @莫然温光正可 @我超生气哦
陈莉莉Amy,2020年01月20日,0,13,0,//weibo.com/1671479102/IqldTqLH1?refer_flag=1001030103_,微博上的武汉已经成了众矢之的了，恨不得把武汉封城，也不想想武汉是各个城市的中转站，有本事回家不经过武汉。#武汉卫健委发布病毒性肺炎高发注意事项##武汉新增136例新型冠状病毒肺炎病例# ​
kevinhq,2020年01月20日,0,0,0,//weibo.com/2366103064/IqlcRCAHE?refer_flag=1001030103_,现在封城已经晚了//@活一千年几天寂寞一千年的小爷们:武汉人各种憨批说武汉没事啊，大家都不戴口罩还像平常一样，好像病毒不是从你们武汉来的？？哪里来的脸这么耿直不要脸说出这句话，盲目自大过了头吧，这群憨批，求你们封城，别嚯嚯其他地方人
Sngswne,2020年01月20日,0,1,0,//weibo.com/2845525200/Iqlc8b07r?refer_flag=1001030103_,#深圳另有8例新型冠状病毒肺炎观察病例#挖槽……不会封城吧，我还没回家呢 ​
苏秋烟丶,2020年01月20日,0,0,0,//weibo.com/6890601609/IqlavD5HK?refer_flag=1001030103_,#浙江发现5例武汉来浙并有发热等症状患者#还不封城 ​
想一个非常难的名字,2020年01月20日,0,0,0,//weibo.com/5484693324/Iql947EIs?refer_flag=1001030103_,这个人是不是好幼稚啊，服了，是在博人眼球么？//@活一千年几天寂寞一千年的小爷们:非典那会北京封城病毒才没有扩散，为啥不能封，我们封武汉封不得？？某些武汉人太自我高潮了吧，一群智障，等传开就知道后悔了，憨批一群
天气好的时候可能会想吃雪糕,2020年01月20日,0,0,0,//weibo.com/5600096436/IqkZGlbny?refer_flag=1001030103_,如果封城了咋办(・o・)默默掏出口罩😷是不是要屯点粮食，然后天天待家里。。被迫学习 ​
夏虫游涂,2020年01月20日,0,0,0,//weibo.com/5242066442/IqkYS6O0i?refer_flag=1001030103_,看到一系列提议封城的感觉是个活人了，情真意切。 ​
NCOVID-19,2020年01月20日,0,0,0,//weibo.com/6852538631/IqkFBp6UZ?refer_flag=1001030103_,赶紧给丫那俩人运回武汉去，把武汉封城，别出来霍霍了，操，这大过节的，有个潜伏什么的去逛个庙会不完比草了【北京国安吧】_百度贴吧 O网页链接 ​
foreveryoung3,2020年01月20日,0,0,0,//weibo.com/5602927249/IqkAquVMT?refer_flag=1001030103_,#武汉卫健委发布病毒性肺炎高发注意事项#我觉得武汉要是不封城接着就是下一个非典，希望我的预言是错的 ​
黑风岭的牛魔王,2020年01月20日,0,0,0,//weibo.com/1559251721/Iqkxcb84z?refer_flag=1001030103_,这次的疫情首先发现如果是在我大吃省，按现在那批号召武汉封城消毒的愤青尿性，配合大吃省这个风评，那画面估计能在微博打到明年夏天
EncoreNanana,2020年01月20日,0,6,0,//weibo.com/2670370441/IqkrD0Ngz?refer_flag=1001030103_,感觉最近真的有灾难片既视感澳大利亚山火一烧好几个月加拿大大雪封城中国新型冠状病毒肺炎确诊也越来越多例。。。再加上我过年不休息啊 恐怖片 ​
贩梦人的信箱,2020年01月20日,1,0,0,//weibo.com/6420899564/IqkqN3irx?refer_flag=1001030103_,#暴雪之后的加拿大#暴雪封城了怎么办？ 加拿大人民教你雪中作乐   L暴雪封城了怎么办？ 加拿大人民教你雪中作乐 via@沸点国际 ​
vickypan小屋,2020年01月20日,0,0,0,//weibo.com/1433433285/IqkpNhNpI?refer_flag=1001030103_,加拿大人民心态真好
小荔枝丫丫丫,2020年01月20日,0,0,0,//weibo.com/6332206281/Iqko9CXA2?refer_flag=1001030103_,说让武汉封城的都是憨批吗，武汉交通枢纽，高校众多，都有点脑子吧
星际漂流瓶Voyager-1,2020年01月20日,0,0,0,//weibo.com/3222390310/IqkcUeoVg?refer_flag=1001030103_,封城不太现实……九省通衢不是开玩笑的。
小奶狗熊甜甜嘟,2020年01月20日,0,0,0,//weibo.com/2808420671/Iqk710roD?refer_flag=1001030103_,这也太突然了吧好怕武汉封城出不去啊
小螺号瞎姬霸炊,2020年01月20日,0,0,0,//weibo.com/3008942964/Iqk0mcQBG?refer_flag=1001030103_,因为晚上看了不明肺炎的新闻，做梦梦到了上海封城了。 ​
Vanpeople人在温哥华,2020年01月20日,0,0,0,//weibo.com/2110483645/IqjYNzrzD?refer_flag=1001030103_,【街头访谈| 在温哥华的年夜饭怎么安排才够热闹？！】在温哥华，你的年夜饭是怎么安排的？前几天大雪封城的时候，大温点评天团的采访小队也并没有停下脚步。眼看着中国新年就要到来，就想着做一期关于年夜饭的访谈：O网页链接 ​
她叫我孙孙,2020年01月20日,0,3,0,//weibo.com/6718910405/IqjYixAp5?refer_flag=1001030103_,好害怕武汉封城，求求了让俺回去过个年吧 ​
朴尔敏2012,2020年01月20日,0,1,0,//weibo.com/2711783081/IqjNdeqms?refer_flag=1001030103_,//@兜兜fafa88:我说了一大段话转发，告知我违反微博相关条例…不好说//@打浦桥小浆糊:可不可以封城啊？！
假装不正经的叔叔,2020年01月20日,0,0,0,//weibo.com/6245369906/IqjLd8ccO?refer_flag=1001030103_,#武汉新增新型肺炎136例#就怕病毒会指数爆发，那时候武汉只能封城宵禁了。 2印度 ​
魏泰康的blog,2020年01月20日,0,0,0,//weibo.com/1265380617/IqjKq4f9j?refer_flag=1001030103_,叫你闭嘴//@兜兜fafa88:我说了一大段话转发，告知我违反微博相关条例…不好说//@打浦桥小浆糊:可不可以封城啊？！
亭子间小活生,2020年01月20日,0,0,0,//weibo.com/1807820442/IqjILhopU?refer_flag=1001030103_,//@打浦桥小浆糊:哼哼//@兜兜fafa88:我说了一大段话转发，告知我违反微博相关条例…不好说//@打浦桥小浆糊:可不可以封城啊？！
曦雅02,2020年01月20日,0,0,0,//weibo.com/1985466334/IqjzHxBD0?refer_flag=1001030103_,封城什么时候 O新型冠状病毒肺炎患者有哪些临床表现？该如何预防? ​
5伐4瓦宁54瓦特额宁,2020年01月19日,2,0,0,//weibo.com/2127391415/IqgfMcAbK?refer_flag=1001030103_,支持封城//@灶披间小K:武汉应该封城了！只许进不许出，靠量量体温有吊用//@MarvelousAnn://@乃么格几桑特了SH://@夏_夕_空:武汉机场覆盖1900万人每天出境3301人，该肺炎感染大约10天后确诊因此患者出境的概率是3301*10/19000000=0.00174。现在3人境外被确诊，因此预估武汉感染人数为3/0.00174=1723
·林泽泽泽泽,2020年01月19日,0,0,0,//weibo.com/5714747421/Iqg36dNhz?refer_flag=1001030103_,不是为了非典不外传还把城封死了嘛，所以是被迫曝光了才封城//@_纸楠://@SealRiddle:记得//@闭嘴国度://@田冉冉只认钱:这个是真的，是躲世卫的我记得//@鱼仔今天也吃了很多:真是草啊//@_charon12_:如果我没记错，chai静在看见里面说的是，为了躲避某部门的检查，一张满载非典患者的车在北京城里逛荡
RUN-Trap,2020年01月19日,0,5,0,//weibo.com/5287551140/IqfY2mWRc?refer_flag=1001030103_,#韩国现不明原因肺炎病例#釜山行现实版上演了，上海武汉深圳都发生了，封城吧哈塞给，小心基因突变全城丧尸 2南阳·镇平县 ​
新华播报肖华,2020年01月19日,1,0,0,//weibo.com/1658951274/IqfDkqPwP?refer_flag=1001030103_,【暴雪封城了怎么办？ #加拿大人暴雪中花式玩雪#】当地时间1月17日，一场突如其来的暴风雪袭击了加拿大东部的纽芬兰省，一天之内降雪量超过70厘米。大雪几乎瘫痪了当地的交通，政府随即宣布进入紧急状态并向军方求助。虽然大雪封路，但加拿大人民的心情似乎并没有受到影响。不少网友纷纷吐槽：既然开不 ​  展开全文c
大众网,2020年01月19日,0,1,0,//weibo.com/2620088113/IqfC3A9tA?refer_flag=1001030103_,【暴雪封城了怎么办？ #加拿大人暴雪中花式玩雪#】当地时间1月17日，一场突如其来的暴风雪袭击了加拿大东部的纽芬兰省，一天之内降雪量超过70厘米。大雪几乎瘫痪了当地的交通，政府随即宣布进入紧急状态并向军方求助。虽然大雪封路，但加拿大人民的心情似乎并没有受到影响。不少网友纷纷吐槽：既然开不 ​  展开全文c
海报新闻,2020年01月19日,0,0,0,//weibo.com/6867368137/IqfC3A8pV?refer_flag=1001030103_,【暴雪封城了怎么办？ #加拿大人暴雪中花式玩雪#】当地时间1月17日，一场突如其来的暴风雪袭击了加拿大东部的纽芬兰省，一天之内降雪量超过70厘米。大雪几乎瘫痪了当地的交通，政府随即宣布进入紧急状态并向军方求助。虽然大雪封路，但加拿大人民的心情似乎并没有受到影响。不少网友纷纷吐槽：既然开不 ​  展开全文c
莫空de球眼9,2020年01月19日,1,3,0,//weibo.com/1001747561/IqeQCy4HA?refer_flag=1001030103_,这评论区有病吧，我们武汉人想得这个病啊，骂武汉口嗨有用？还封城消毒别嚯嚯别人你了解封城难度吗
重庆江津法院,2020年01月19日,0,5,0,//weibo.com/3918556037/IqdIRpxFk?refer_flag=1001030103_,【暴雪封城了怎么办？ #加拿大人暴雪中花式玩雪#】当地时间1月17日，一场突如其来的暴风雪袭击了加拿大东部的纽芬兰省，一天之内降雪量超过70厘米。大雪几乎瘫痪了当地的交通，政府随即宣布进入紧急状态并向军方求助。虽然大雪封路，但加拿大人民的心情似乎并没有收到影响。不少网友纷纷吐槽：既然开不了车，为什么不试试滑板和雪橇？（@垫江法院 ）L沸点国际的秒拍视频 
垫江法院,2020年01月19日,0,2,0,//weibo.com/3939087871/IqdI45inL?refer_flag=1001030103_,【暴雪封城了怎么办？ #加拿大人暴雪中花式玩雪#】当地时间1月17日，一场突如其来的暴风雪袭击了加拿大东部的纽芬兰省，一天之内降雪量超过70厘米。大雪几乎瘫痪了当地的交通，政府随即宣布进入紧急状态并向军方求助。虽然大雪封路，但加拿大人民的心情似乎并没有收到影响。不少网友纷纷吐槽：既然开不了车，为什么不试试滑板和雪橇？L沸点国际的秒拍视频 L沸点国际的秒拍视频 
芮丽慈祥,2020年01月19日,0,0,0,//weibo.com/2719389781/IqdfNe3m5?refer_flag=1001030103_,大雪封城 ​
李子树花香,2020年01月19日,0,0,0,//weibo.com/5096230409/IqdfmloUx?refer_flag=1001030103_,转发微博
演绎不一样的人生x,2020年01月19日,0,0,0,//weibo.com/5591149005/Iqd8qohtw?refer_flag=1001030103_,转发微博
西御河街道办事处,2020年01月19日,0,0,0,//weibo.com/5039484008/Iqd8cvhV4?refer_flag=1001030103_,【暴雪封城了怎么办？ #加拿大人暴雪中花式玩雪#】当地时间1月17日，一场突如其来的暴风雪袭击了加拿大东部的纽芬兰省，一天之内降雪量超过70厘米。大雪几乎瘫痪了当地的交通，政府随即宣布进入紧急状态并向军方求助。虽然大雪封路，但加拿大人民的心情似乎并没有受到影响。不少网友纷纷吐槽：既然开不 ​  展开全文c
夏天的微笑好棒_希热旺莫,2020年01月19日,0,0,0,//weibo.com/5585830853/IqcZ3bk6H?refer_flag=1001030103_,转发微博
吐嘈星人201407,2020年01月19日,0,0,0,//weibo.com/5610056509/IqcRs7b27?refer_flag=1001030103_,转发微博
雄狮旅游,2020年01月19日,0,0,0,//weibo.com/2510062852/IqcOdt8HD?refer_flag=1001030103_,#现场直击# 2020 #上海# #豫园灯会# 点亮进行时！#Vlog# 本届设计师匠心打造了机灵鼠、#财神# 鼠、#好运# 鼠、#辣妈# 鼠、#丰收# 鼠、#科技# 鼠等，让人应接不暇~还有#迪士尼# 的#米奇# #米妮# 也来贺#新春# 啦！今年灯会融入了#高科技# ，据说亮灯仪式是人声#智能# “喊亮”的。很多新的科技产品 ​  展开全文c
河北综合广播,2020年01月19日,0,0,0,//weibo.com/1913366611/IqcO8u0Sl?refer_flag=1001030103_,#冬日搞笑事# 【暴雪封城了怎么办？ #加拿大人暴雪中花式玩雪#】当地时间1月17日，一场突如其来的暴风雪袭击了加拿大东部的纽芬兰省，一天之内降雪量超过70厘米。大雪几乎瘫痪了当地的交通，政府随即宣布进入紧急状态并向军方求助。虽然大雪封路，但加拿大人民的心情似乎并没有收到影响。不少网友纷纷 ​  展开全文c
sph12123,2020年01月19日,0,0,0,//weibo.com/6619950477/IqczH86y2?refer_flag=1001030103_,注意安全
呆桃的满天星,2020年01月19日,0,0,0,//weibo.com/3460340054/Iqcdhbfvw?refer_flag=1001030103_,太羡慕了
宇宙果星雨,2020年01月19日,0,0,0,//weibo.com/5397485792/IqcaOnqac?refer_flag=1001030103_,转发微博
中国气象局,2020年01月19日,14,15,0,//weibo.com/2117508734/Iqcao5tMj?refer_flag=1001030103_,#冬日搞笑事# 【暴雪封城了怎么办？ #加拿大人暴雪中花式玩雪#】当地时间1月17日，一场突如其来的暴风雪袭击了加拿大东部的纽芬兰省，一天之内降雪量超过70厘米。大雪几乎瘫痪了当地的交通，政府随即宣布进入紧急状态并向军方求助。虽然大雪封路，但加拿大人民的心情似乎并没有收到影响。不少网友纷纷 ​  展开全文c
Tideen,2020年01月19日,0,0,0,//weibo.com/5689119627/Iqc4iaDts?refer_flag=1001030103_,想去旅游！
城北徐公在北城,2020年01月19日,0,0,0,//weibo.com/1306181163/Iqc3lj3c0?refer_flag=1001030103_,好有趣
沸点视频,2020年01月19日,5,10,0,//weibo.com/5145725878/Iqc0vdyzS?refer_flag=1001030103_,【暴雪封城了怎么办？ #加拿大人暴雪中花式玩雪#】当地时间1月17日，一场突如其来的暴风雪袭击了加拿大东部的纽芬兰省，一天之内降雪量超过70厘米。大雪几乎瘫痪了当地的交通，政府随即宣布进入紧急状态并向军方求助。虽然大雪封路，但加拿大人民的心情似乎并没有受到影响。不少网友纷纷吐槽：既然开不 ​  展开全文c
沸点国际,2020年01月19日,1,1,0,//weibo.com/7282830801/Iqc0mFV1S?refer_flag=1001030103_,#暴雪之后的加拿大# 【暴雪封城了怎么办？ #加拿大人暴雪中花式玩雪#】当地时间1月17日，一场突如其来的暴风雪袭击了加拿大东部的纽芬兰省，一天之内降雪量超过70厘米。大雪几乎瘫痪了当地的交通，政府随即宣布进入紧急状态并向军方求助。虽然大雪封路，但加拿大人民的心情似乎并没有受到影响。不少网 ​  展开全文c
芯如柠檬自然酸丶渣,今天02:11,3,27,0,//weibo.com/7217394115/JE7GXcKME?refer_flag=1001030103_,这样吧，为了让沐猴而冠的小丑们开心下，军管前、卅回来前我都不发微博了。也不回复。大家都歇会儿，耐心等候。相信我！川一定会赢的！大家回见 ​
参考消息,今天01:52,27,50,0,//weibo.com/2375086267/JE7zcnpKy?refer_flag=1001030103_,#参考微评#【制裁美反华政客，就是要让他们感到痛！】北京时间1月21日凌晨，#外交部宣布制裁蓬佩奥等28人#。消息一出，国内社交媒体一片沸腾。中国网民之所以对这条消息“奔走相告”，是因为人们对蓬佩奥、纳瓦罗等美反华政客策划和推动实施的一系列疯狂行径早已“恨之入骨”，后者对华煽动仇恨和偏见 ​
我是落生,今天02:10,22,75,0,//weibo.com/5822334131/JE7Ghe2Hc?refer_flag=1001030103_,封杀 ​
棉花糖和小金猪,今天01:59,24,98,0,//weibo.com/6537214948/JE7BOjedh?refer_flag=1001030103_,王巍巍：没收老鼠，都给我睡觉！ L棉花糖和小金猪的微博视频 ​
凤凰王又又,今天02:01,33,43,0,//weibo.com/6498373231/JE7CR11Rs?refer_flag=1001030103_,在拜登就职前，特朗普和梅拉尼亚搭乘空军一号离开华盛顿。 L凤凰王又又的微博视频 ​
ba哥专用,今天01:56,233,733,0,//weibo.com/2057769762/JE7ARxa7P?refer_flag=1001030103_,郑爽的事情要画上句号了 ​
我是落生,今天02:10,22,78,0,//weibo.com/5822334131/JE7Ghe2Hc?refer_flag=1001030103_,封杀 ​
参考消息,今天01:52,28,51,0,//weibo.com/2375086267/JE7zcnpKy?refer_flag=1001030103_,#参考微评#【制裁美反华政客，就是要让他们感到痛！】北京时间1月21日凌晨，#外交部宣布制裁蓬佩奥等28人#。消息一出，国内社交媒体一片沸腾。中国网民之所以对这条消息“奔走相告”，是因为人们对蓬佩奥、纳瓦罗等美反华政客策划和推动实施的一系列疯狂行径早已“恨之入骨”，后者对华煽动仇恨和偏见 ​
凤凰王又又,今天02:01,35,44,0,//weibo.com/6498373231/JE7CR11Rs?refer_flag=1001030103_,在拜登就职前，特朗普和梅拉尼亚搭乘空军一号离开华盛顿。 L凤凰王又又的微博视频 ​
棉花糖和小金猪,今天01:59,24,99,0,//weibo.com/6537214948/JE7BOjedh?refer_flag=1001030103_,王巍巍：没收老鼠，都给我睡觉！ L棉花糖和小金猪的微博视频 ​
我是落生,今天02:10,22,75,0,//weibo.com/5822334131/JE7Ghe2Hc?refer_flag=1001030103_,封杀 ​
参考消息,今天01:52,27,50,0,//weibo.com/2375086267/JE7zcnpKy?refer_flag=1001030103_,#参考微评#【制裁美反华政客，就是要让他们感到痛！】北京时间1月21日凌晨，#外交部宣布制裁蓬佩奥等28人#。消息一出，国内社交媒体一片沸腾。中国网民之所以对这条消息“奔走相告”，是因为人们对蓬佩奥、纳瓦罗等美反华政客策划和推动实施的一系列疯狂行径早已“恨之入骨”，后者对华煽动仇恨和偏见 ​
凤凰王又又,今天02:01,33,43,0,//weibo.com/6498373231/JE7CR11Rs?refer_flag=1001030103_,在拜登就职前，特朗普和梅拉尼亚搭乘空军一号离开华盛顿。 L凤凰王又又的微博视频 ​
君墨签名设计,今天02:17,15,10,0,//weibo.com/7448525517/JE7Jle7XU?refer_flag=1001030103_,🌈🌈君墨签名设计｜最是人间留不住 朱颜辞镜花辞树#设计美学##君墨签名设计# ​
芯如柠檬自然酸丶渣,今天02:11,3,27,0,//weibo.com/7217394115/JE7GXcKME?refer_flag=1001030103_,这样吧，为了让沐猴而冠的小丑们开心下，军管前、卅回来前我都不发微博了。也不回复。大家都歇会儿，耐心等候。相信我！川一定会赢的！大家回见 ​
DC大叔,今天01:00,287,484,0,//weibo.com/2792589472/JE7dV09QZ?refer_flag=1001030103_,Lady Gaga最新现场来了！！！！！！！！！！这状态#最佳表演现场# Lady Gaga最新美国总统就职典礼献唱美国国歌 - LDC大叔的微博视频 ​
你该美丽中带着刺,今天00:59,5070,1548,0,//weibo.com/6571295178/JE7dzajNq?refer_flag=1001030103_,#肖战蒙牛乳业品牌代言人# 恭喜肖战成为蒙牛乳业品牌代言人@蒙牛乳业 @牛蒙蒙官方微博 我可以再看亿遍2021年，大家都属牛！蒙牛代言人肖战那句“干杯”，元气满满，牛年旺旺！喝了蒙牛，我相信我一定可以跟着@X玖少年团肖战DAYTOY 一起向着光的方向携手向前！L蒙牛乳业的微博视频 ​​​
吃瓜群众CJ,今天00:55,1127,1413,0,//weibo.com/1885688010/JE7ccjEME?refer_flag=1001030103_,尘埃落定 ​
外交部发言人办公室,今天01:12,148,95,0,//weibo.com/7099422177/JE7iWt5D8?refer_flag=1001030103_,外交部发言人宣布中方对蓬佩奥等人实施制裁#跟我看外交# #与发言人相约蓝厅#  O外交部发言人宣布中方对蓬佩奥等人实施制裁 ​
央视新闻,今天01:06,2542,2843,0,//weibo.com/2656274875/JE7gsuT9R?refer_flag=1001030103_,【外交部发言人宣布：#中方对蓬佩奥等人实施制裁#】过去几年，美国一些反华政客出于一己政治私利和对华偏见仇恨，罔顾中美两国人民的利益，策划、推动实施了一系列疯狂的行径，严重干涉中国内政、损害了中国的利益、伤害了中国人民的感情，也严重破坏了中美关系。中国政府捍卫国家主权安全发展利益的决 ​
Eternity-_,今天01:55,4,7,0,//weibo.com/3525283850/JE7AeuFwQ?refer_flag=1001030103_,【米兰记忆】🔴⚫️ 米兰传奇名宿内斯塔🇮🇹的防守艺术。#weareacmilan# LEternity-_的微博视频 ​
我是落生,今天02:10,22,76,0,//weibo.com/5822334131/JE7Ghe2Hc?refer_flag=1001030103_,封杀 ​
ba哥专用,今天01:56,233,728,0,//weibo.com/2057769762/JE7ARxa7P?refer_flag=1001030103_,郑爽的事情要画上句号了 ​
西雅图夏至,今天02:33,34,22,0,//weibo.com/1960116444/JE7PRt720?refer_flag=1001030103_,#美国生活# Sanders几十年如一日，坚持自己的理念，淡泊名利、不在乎表象、一点不装，参加总统就职典礼，穿得和平时一样，也不忙着和权贵们寒暄 - 佩服 ​
棉花糖和小金猪,今天01:59,24,98,0,//weibo.com/6537214948/JE7BOjedh?refer_flag=1001030103_,王巍巍：没收老鼠，都给我睡觉！ L棉花糖和小金猪的微博视频 ​
君墨签名设计,今天02:17,15,10,0,//weibo.com/7448525517/JE7Jle7XU?refer_flag=1001030103_,🌈🌈君墨签名设计｜最是人间留不住 朱颜辞镜花辞树#设计美学##君墨签名设计# ​
芯如柠檬自然酸丶渣,今天02:11,3,27,0,//weibo.com/7217394115/JE7GXcKME?refer_flag=1001030103_,这样吧，为了让沐猴而冠的小丑们开心下，军管前、卅回来前我都不发微博了。也不回复。大家都歇会儿，耐心等候。相信我！川一定会赢的！大家回见 ​
凤凰王又又,今天02:01,35,44,0,//weibo.com/6498373231/JE7CR11Rs?refer_flag=1001030103_,在拜登就职前，特朗普和梅拉尼亚搭乘空军一号离开华盛顿。 L凤凰王又又的微博视频 ​
纪春生在美国,今天01:50,31,14,0,//weibo.com/5662005485/JE7ypE8uB?refer_flag=1001030103_,拜登就职仪式演讲。 L纪春生在美国的微博视频 ​
西雅图夏至,今天02:33,34,22,0,//weibo.com/1960116444/JE7PRt720?refer_flag=1001030103_,#美国生活# Sanders几十年如一日，坚持自己的理念，淡泊名利、不在乎表象、一点不装，参加总统就职典礼，穿得和平时一样，也不忙着和权贵们寒暄 - 佩服 ​
君墨签名设计,今天02:17,15,10,0,//weibo.com/7448525517/JE7Jle7XU?refer_flag=1001030103_,🌈🌈君墨签名设计｜最是人间留不住 朱颜辞镜花辞树#设计美学##君墨签名设计# ​
棉花糖和小金猪,今天01:59,24,98,0,//weibo.com/6537214948/JE7BOjedh?refer_flag=1001030103_,王巍巍：没收老鼠，都给我睡觉！ L棉花糖和小金猪的微博视频 ​
西雅图夏至,今天02:33,34,22,0,//weibo.com/1960116444/JE7PRt720?refer_flag=1001030103_,#美国生活# Sanders几十年如一日，坚持自己的理念，淡泊名利、不在乎表象、一点不装，参加总统就职典礼，穿得和平时一样，也不忙着和权贵们寒暄 - 佩服 ​
我是落生,今天02:10,22,74,0,//weibo.com/5822334131/JE7Ghe2Hc?refer_flag=1001030103_,封杀 ​
ba哥专用,今天01:56,232,713,0,//weibo.com/2057769762/JE7ARxa7P?refer_flag=1001030103_,郑爽的事情要画上句号了 ​
Eternity-_,今天01:55,4,7,0,//weibo.com/3525283850/JE7AeuFwQ?refer_flag=1001030103_,【米兰记忆】🔴⚫️ 米兰传奇名宿内斯塔🇮🇹的防守艺术。#weareacmilan# LEternity-_的微博视频 ​
纪春生在美国,今天01:50,31,14,0,//weibo.com/5662005485/JE7ypE8uB?refer_flag=1001030103_,拜登就职仪式演讲。 L纪春生在美国的微博视频 ​
我是落生,今天02:10,22,76,0,//weibo.com/5822334131/JE7Ghe2Hc?refer_flag=1001030103_,封杀 ​
棉花糖和小金猪,今天01:59,24,98,0,//weibo.com/6537214948/JE7BOjedh?refer_flag=1001030103_,王巍巍：没收老鼠，都给我睡觉！ L棉花糖和小金猪的微博视频 ​
参考消息,今天01:52,28,51,0,//weibo.com/2375086267/JE7zcnpKy?refer_flag=1001030103_,#参考微评#【制裁美反华政客，就是要让他们感到痛！】北京时间1月21日凌晨，#外交部宣布制裁蓬佩奥等28人#。消息一出，国内社交媒体一片沸腾。中国网民之所以对这条消息“奔走相告”，是因为人们对蓬佩奥、纳瓦罗等美反华政客策划和推动实施的一系列疯狂行径早已“恨之入骨”，后者对华煽动仇恨和偏见 ​
芯如柠檬自然酸丶渣,今天02:11,3,27,0,//weibo.com/7217394115/JE7GXcKME?refer_flag=1001030103_,这样吧，为了让沐猴而冠的小丑们开心下，军管前、卅回来前我都不发微博了。也不回复。大家都歇会儿，耐心等候。相信我！川一定会赢的！大家回见 ​
君墨签名设计,今天02:17,15,10,0,//weibo.com/7448525517/JE7Jle7XU?refer_flag=1001030103_,🌈🌈君墨签名设计｜最是人间留不住 朱颜辞镜花辞树#设计美学##君墨签名设计# ​
凤凰王又又,今天02:01,35,44,0,//weibo.com/6498373231/JE7CR11Rs?refer_flag=1001030103_,在拜登就职前，特朗普和梅拉尼亚搭乘空军一号离开华盛顿。 L凤凰王又又的微博视频 ​
我是落生,今天02:10,22,78,0,//weibo.com/5822334131/JE7Ghe2Hc?refer_flag=1001030103_,封杀 ​
西雅图夏至,今天02:33,34,23,0,//weibo.com/1960116444/JE7PRt720?refer_flag=1001030103_,#美国生活# Sanders几十年如一日，坚持自己的理念，淡泊名利、不在乎表象、一点不装，参加总统就职典礼，穿得和平时一样，也不忙着和权贵们寒暄 - 佩服 ​
纪春生在美国,今天01:50,32,14,0,//weibo.com/5662005485/JE7ypE8uB?refer_flag=1001030103_,拜登就职仪式演讲。 L纪春生在美国的微博视频 ​
西雅图夏至,今天02:33,34,23,0,//weibo.com/1960116444/JE7PRt720?refer_flag=1001030103_,#美国生活# Sanders几十年如一日，坚持自己的理念，淡泊名利、不在乎表象、一点不装，参加总统就职典礼，穿得和平时一样，也不忙着和权贵们寒暄 - 佩服 ​
Eternity-_,今天01:55,4,7,0,//weibo.com/3525283850/JE7AeuFwQ?refer_flag=1001030103_,【米兰记忆】🔴⚫️ 米兰传奇名宿内斯塔🇮🇹的防守艺术。#weareacmilan# LEternity-_的微博视频 ​
参考消息,今天01:52,28,51,0,//weibo.com/2375086267/JE7zcnpKy?refer_flag=1001030103_,#参考微评#【制裁美反华政客，就是要让他们感到痛！】北京时间1月21日凌晨，#外交部宣布制裁蓬佩奥等28人#。消息一出，国内社交媒体一片沸腾。中国网民之所以对这条消息“奔走相告”，是因为人们对蓬佩奥、纳瓦罗等美反华政客策划和推动实施的一系列疯狂行径早已“恨之入骨”，后者对华煽动仇恨和偏见 ​
我是落生,今天02:10,22,78,0,//weibo.com/5822334131/JE7Ghe2Hc?refer_flag=1001030103_,封杀 ​
棉花糖和小金猪,今天01:59,24,98,0,//weibo.com/6537214948/JE7BOjedh?refer_flag=1001030103_,王巍巍：没收老鼠，都给我睡觉！ L棉花糖和小金猪的微博视频 ​
君墨签名设计,今天02:17,15,10,0,//weibo.com/7448525517/JE7Jle7XU?refer_flag=1001030103_,🌈🌈君墨签名设计｜最是人间留不住 朱颜辞镜花辞树#设计美学##君墨签名设计# ​
纪春生在美国,今天01:50,30,14,0,//weibo.com/5662005485/JE7ypE8uB?refer_flag=1001030103_,拜登就职仪式演讲。 L纪春生在美国的微博视频 ​
西雅图夏至,今天02:33,34,22,0,//weibo.com/1960116444/JE7PRt720?refer_flag=1001030103_,#美国生活# Sanders几十年如一日，坚持自己的理念，淡泊名利、不在乎表象、一点不装，参加总统就职典礼，穿得和平时一样，也不忙着和权贵们寒暄 - 佩服 ​
我是落生,今天02:10,22,74,0,//weibo.com/5822334131/JE7Ghe2Hc?refer_flag=1001030103_,封杀 ​
Eternity-_,今天01:55,4,7,0,//weibo.com/3525283850/JE7AeuFwQ?refer_flag=1001030103_,【米兰记忆】🔴⚫️ 米兰传奇名宿内斯塔🇮🇹的防守艺术。#weareacmilan# LEternity-_的微博视频 ​
棉花糖和小金猪,今天01:59,24,99,0,//weibo.com/6537214948/JE7BOjedh?refer_flag=1001030103_,王巍巍：没收老鼠，都给我睡觉！ L棉花糖和小金猪的微博视频 ​
君墨签名设计,今天02:17,15,10,0,//weibo.com/7448525517/JE7Jle7XU?refer_flag=1001030103_,🌈🌈君墨签名设计｜最是人间留不住 朱颜辞镜花辞树#设计美学##君墨签名设计# ​
参考消息,今天01:52,28,51,0,//weibo.com/2375086267/JE7zcnpKy?refer_flag=1001030103_,#参考微评#【制裁美反华政客，就是要让他们感到痛！】北京时间1月21日凌晨，#外交部宣布制裁蓬佩奥等28人#。消息一出，国内社交媒体一片沸腾。中国网民之所以对这条消息“奔走相告”，是因为人们对蓬佩奥、纳瓦罗等美反华政客策划和推动实施的一系列疯狂行径早已“恨之入骨”，后者对华煽动仇恨和偏见 ​
凤凰王又又,今天02:01,35,44,0,//weibo.com/6498373231/JE7CR11Rs?refer_flag=1001030103_,在拜登就职前，特朗普和梅拉尼亚搭乘空军一号离开华盛顿。 L凤凰王又又的微博视频 ​
芯如柠檬自然酸丶渣,今天02:11,2,26,0,//weibo.com/7217394115/JE7GXcKME?refer_flag=1001030103_,这样吧，为了让沐猴而冠的小丑们开心下，军管前、卅回来前我都不发微博了。也不回复。大家都歇会儿，耐心等候。相信我！川一定会赢的！大家回见 ​
ba哥专用,今天01:56,232,713,0,//weibo.com/2057769762/JE7ARxa7P?refer_flag=1001030103_,郑爽的事情要画上句号了 ​
我是落生,今天02:10,22,74,0,//weibo.com/5822334131/JE7Ghe2Hc?refer_flag=1001030103_,封杀 ​
纪春生在美国,今天01:50,30,14,0,//weibo.com/5662005485/JE7ypE8uB?refer_flag=1001030103_,拜登就职仪式演讲。 L纪春生在美国的微博视频 ​
参考消息,今天01:52,27,48,0,//weibo.com/2375086267/JE7zcnpKy?refer_flag=1001030103_,#参考微评#【制裁美反华政客，就是要让他们感到痛！】北京时间1月21日凌晨，#外交部宣布制裁蓬佩奥等28人#。消息一出，国内社交媒体一片沸腾。中国网民之所以对这条消息“奔走相告”，是因为人们对蓬佩奥、纳瓦罗等美反华政客策划和推动实施的一系列疯狂行径早已“恨之入骨”，后者对华煽动仇恨和偏见 ​
ba哥专用,今天01:56,233,733,0,//weibo.com/2057769762/JE7ARxa7P?refer_flag=1001030103_,郑爽的事情要画上句号了 ​
棉花糖和小金猪,今天01:59,24,99,0,//weibo.com/6537214948/JE7BOjedh?refer_flag=1001030103_,王巍巍：没收老鼠，都给我睡觉！ L棉花糖和小金猪的微博视频 ​
纪春生在美国,今天01:50,32,14,0,//weibo.com/5662005485/JE7ypE8uB?refer_flag=1001030103_,拜登就职仪式演讲。 L纪春生在美国的微博视频 ​
Eternity-_,今天01:55,4,7,0,//weibo.com/3525283850/JE7AeuFwQ?refer_flag=1001030103_,【米兰记忆】🔴⚫️ 米兰传奇名宿内斯塔🇮🇹的防守艺术。#weareacmilan# LEternity-_的微博视频 ​
君墨签名设计,今天02:17,15,10,0,//weibo.com/7448525517/JE7Jle7XU?refer_flag=1001030103_,🌈🌈君墨签名设计｜最是人间留不住 朱颜辞镜花辞树#设计美学##君墨签名设计# ​
纪春生在美国,今天01:50,32,14,0,//weibo.com/5662005485/JE7ypE8uB?refer_flag=1001030103_,拜登就职仪式演讲。 L纪春生在美国的微博视频 ​
君墨签名设计,今天02:17,15,10,0,//weibo.com/7448525517/JE7Jle7XU?refer_flag=1001030103_,🌈🌈君墨签名设计｜最是人间留不住 朱颜辞镜花辞树#设计美学##君墨签名设计# ​
Eternity-_,今天01:55,4,7,0,//weibo.com/3525283850/JE7AeuFwQ?refer_flag=1001030103_,【米兰记忆】🔴⚫️ 米兰传奇名宿内斯塔🇮🇹的防守艺术。#weareacmilan# LEternity-_的微博视频 ​
芯如柠檬自然酸丶渣,今天02:11,3,27,0,//weibo.com/7217394115/JE7GXcKME?refer_flag=1001030103_,这样吧，为了让沐猴而冠的小丑们开心下，军管前、卅回来前我都不发微博了。也不回复。大家都歇会儿，耐心等候。相信我！川一定会赢的！大家回见 ​
参考消息,今天01:52,28,51,0,//weibo.com/2375086267/JE7zcnpKy?refer_flag=1001030103_,#参考微评#【制裁美反华政客，就是要让他们感到痛！】北京时间1月21日凌晨，#外交部宣布制裁蓬佩奥等28人#。消息一出，国内社交媒体一片沸腾。中国网民之所以对这条消息“奔走相告”，是因为人们对蓬佩奥、纳瓦罗等美反华政客策划和推动实施的一系列疯狂行径早已“恨之入骨”，后者对华煽动仇恨和偏见 ​
凤凰王又又,今天02:01,35,44,0,//weibo.com/6498373231/JE7CR11Rs?refer_flag=1001030103_,在拜登就职前，特朗普和梅拉尼亚搭乘空军一号离开华盛顿。 L凤凰王又又的微博视频 ​
ba哥专用,今天01:56,233,728,0,//weibo.com/2057769762/JE7ARxa7P?refer_flag=1001030103_,郑爽的事情要画上句号了 ​
我是落生,今天02:10,22,76,0,//weibo.com/5822334131/JE7Ghe2Hc?refer_flag=1001030103_,封杀 ​
纪春生在美国,今天01:50,31,14,0,//weibo.com/5662005485/JE7ypE8uB?refer_flag=1001030103_,拜登就职仪式演讲。 L纪春生在美国的微博视频 ​
芯如柠檬自然酸丶渣,今天02:11,3,27,0,//weibo.com/7217394115/JE7GXcKME?refer_flag=1001030103_,这样吧，为了让沐猴而冠的小丑们开心下，军管前、卅回来前我都不发微博了。也不回复。大家都歇会儿，耐心等候。相信我！川一定会赢的！大家回见 ​
央视新闻,今天01:06,2542,2843,0,//weibo.com/2656274875/JE7gsuT9R?refer_flag=1001030103_,【外交部发言人宣布：#中方对蓬佩奥等人实施制裁#】过去几年，美国一些反华政客出于一己政治私利和对华偏见仇恨，罔顾中美两国人民的利益，策划、推动实施了一系列疯狂的行径，严重干涉中国内政、损害了中国的利益、伤害了中国人民的感情，也严重破坏了中美关系。中国政府捍卫国家主权安全发展利益的决 ​
外交部发言人办公室,今天01:12,148,95,0,//weibo.com/7099422177/JE7iWt5D8?refer_flag=1001030103_,外交部发言人宣布中方对蓬佩奥等人实施制裁#跟我看外交# #与发言人相约蓝厅#  O外交部发言人宣布中方对蓬佩奥等人实施制裁 ​
DC大叔,今天01:00,287,484,0,//weibo.com/2792589472/JE7dV09QZ?refer_flag=1001030103_,Lady Gaga最新现场来了！！！！！！！！！！这状态#最佳表演现场# Lady Gaga最新美国总统就职典礼献唱美国国歌 - LDC大叔的微博视频 ​
你该美丽中带着刺,今天00:59,5070,1548,0,//weibo.com/6571295178/JE7dzajNq?refer_flag=1001030103_,#肖战蒙牛乳业品牌代言人# 恭喜肖战成为蒙牛乳业品牌代言人@蒙牛乳业 @牛蒙蒙官方微博 我可以再看亿遍2021年，大家都属牛！蒙牛代言人肖战那句“干杯”，元气满满，牛年旺旺！喝了蒙牛，我相信我一定可以跟着@X玖少年团肖战DAYTOY 一起向着光的方向携手向前！L蒙牛乳业的微博视频 ​​​
HeyWarWars,今天00:58,318,232,0,//weibo.com/3460516424/JE7dgfBpZ?refer_flag=1001030103_,Lady Gaga在#美国总统就职典礼# 献唱国歌！！！绝佳状态，端庄大气！来看完整视频！！ LHeyWarWars的微博视频 ​
君墨签名设计,今天02:17,15,10,0,//weibo.com/7448525517/JE7Jle7XU?refer_flag=1001030103_,🌈🌈君墨签名设计｜最是人间留不住 朱颜辞镜花辞树#设计美学##君墨签名设计# ​
参考消息,今天01:52,27,48,0,//weibo.com/2375086267/JE7zcnpKy?refer_flag=1001030103_,#参考微评#【制裁美反华政客，就是要让他们感到痛！】北京时间1月21日凌晨，#外交部宣布制裁蓬佩奥等28人#。消息一出，国内社交媒体一片沸腾。中国网民之所以对这条消息“奔走相告”，是因为人们对蓬佩奥、纳瓦罗等美反华政客策划和推动实施的一系列疯狂行径早已“恨之入骨”，后者对华煽动仇恨和偏见 ​
ba哥专用,今天01:56,232,713,0,//weibo.com/2057769762/JE7ARxa7P?refer_flag=1001030103_,郑爽的事情要画上句号了 ​
Eternity-_,今天01:55,4,7,0,//weibo.com/3525283850/JE7AeuFwQ?refer_flag=1001030103_,【米兰记忆】🔴⚫️ 米兰传奇名宿内斯塔🇮🇹的防守艺术。#weareacmilan# LEternity-_的微博视频 ​
棉花糖和小金猪,今天01:59,24,98,0,//weibo.com/6537214948/JE7BOjedh?refer_flag=1001030103_,王巍巍：没收老鼠，都给我睡觉！ L棉花糖和小金猪的微博视频 ​
棉花糖和小金猪,今天01:59,24,99,0,//weibo.com/6537214948/JE7BOjedh?refer_flag=1001030103_,王巍巍：没收老鼠，都给我睡觉！ L棉花糖和小金猪的微博视频 ​
凤凰王又又,今天02:01,35,44,0,//weibo.com/6498373231/JE7CR11Rs?refer_flag=1001030103_,在拜登就职前，特朗普和梅拉尼亚搭乘空军一号离开华盛顿。 L凤凰王又又的微博视频 ​
纪春生在美国,今天01:50,32,14,0,//weibo.com/5662005485/JE7ypE8uB?refer_flag=1001030103_,拜登就职仪式演讲。 L纪春生在美国的微博视频 ​
ba哥专用,今天01:56,233,737,0,//weibo.com/2057769762/JE7ARxa7P?refer_flag=1001030103_,郑爽的事情要画上句号了 ​
参考消息,今天01:52,28,51,0,//weibo.com/2375086267/JE7zcnpKy?refer_flag=1001030103_,#参考微评#【制裁美反华政客，就是要让他们感到痛！】北京时间1月21日凌晨，#外交部宣布制裁蓬佩奥等28人#。消息一出，国内社交媒体一片沸腾。中国网民之所以对这条消息“奔走相告”，是因为人们对蓬佩奥、纳瓦罗等美反华政客策划和推动实施的一系列疯狂行径早已“恨之入骨”，后者对华煽动仇恨和偏见 ​
参考消息,今天01:52,28,51,0,//weibo.com/2375086267/JE7zcnpKy?refer_flag=1001030103_,#参考微评#【制裁美反华政客，就是要让他们感到痛！】北京时间1月21日凌晨，#外交部宣布制裁蓬佩奥等28人#。消息一出，国内社交媒体一片沸腾。中国网民之所以对这条消息“奔走相告”，是因为人们对蓬佩奥、纳瓦罗等美反华政客策划和推动实施的一系列疯狂行径早已“恨之入骨”，后者对华煽动仇恨和偏见 ​
我是落生,今天02:10,22,78,0,//weibo.com/5822334131/JE7Ghe2Hc?refer_flag=1001030103_,封杀 ​
凤凰王又又,今天02:01,35,44,0,//weibo.com/6498373231/JE7CR11Rs?refer_flag=1001030103_,在拜登就职前，特朗普和梅拉尼亚搭乘空军一号离开华盛顿。 L凤凰王又又的微博视频 ​
芯如柠檬自然酸丶渣,今天02:11,3,27,0,//weibo.com/7217394115/JE7GXcKME?refer_flag=1001030103_,这样吧，为了让沐猴而冠的小丑们开心下，军管前、卅回来前我都不发微博了。也不回复。大家都歇会儿，耐心等候。相信我！川一定会赢的！大家回见 ​
纪春生在美国,今天01:50,32,14,0,//weibo.com/5662005485/JE7ypE8uB?refer_flag=1001030103_,拜登就职仪式演讲。 L纪春生在美国的微博视频 ​
纪春生在美国,今天01:50,32,14,0,//weibo.com/5662005485/JE7ypE8uB?refer_flag=1001030103_,拜登就职仪式演讲。 L纪春生在美国的微博视频 ​
芯如柠檬自然酸丶渣,今天02:11,3,27,0,//weibo.com/7217394115/JE7GXcKME?refer_flag=1001030103_,这样吧，为了让沐猴而冠的小丑们开心下，军管前、卅回来前我都不发微博了。也不回复。大家都歇会儿，耐心等候。相信我！川一定会赢的！大家回见 ​
凤凰王又又,今天02:01,35,44,0,//weibo.com/6498373231/JE7CR11Rs?refer_flag=1001030103_,在拜登就职前，特朗普和梅拉尼亚搭乘空军一号离开华盛顿。 L凤凰王又又的微博视频 ​
我是落生,今天02:10,22,78,0,//weibo.com/5822334131/JE7Ghe2Hc?refer_flag=1001030103_,封杀 ​
西雅图夏至,今天02:33,34,23,0,//weibo.com/1960116444/JE7PRt720?refer_flag=1001030103_,#美国生活# Sanders几十年如一日，坚持自己的理念，淡泊名利、不在乎表象、一点不装，参加总统就职典礼，穿得和平时一样，也不忙着和权贵们寒暄 - 佩服 ​
君墨签名设计,今天02:17,15,10,0,//weibo.com/7448525517/JE7Jle7XU?refer_flag=1001030103_,🌈🌈君墨签名设计｜最是人间留不住 朱颜辞镜花辞树#设计美学##君墨签名设计# ​
参考消息,今天01:52,27,50,0,//weibo.com/2375086267/JE7zcnpKy?refer_flag=1001030103_,#参考微评#【制裁美反华政客，就是要让他们感到痛！】北京时间1月21日凌晨，#外交部宣布制裁蓬佩奥等28人#。消息一出，国内社交媒体一片沸腾。中国网民之所以对这条消息“奔走相告”，是因为人们对蓬佩奥、纳瓦罗等美反华政客策划和推动实施的一系列疯狂行径早已“恨之入骨”，后者对华煽动仇恨和偏见 ​
Eternity-_,今天01:55,4,7,0,//weibo.com/3525283850/JE7AeuFwQ?refer_flag=1001030103_,【米兰记忆】🔴⚫️ 米兰传奇名宿内斯塔🇮🇹的防守艺术。#weareacmilan# LEternity-_的微博视频 ​
ba哥专用,今天01:56,233,721,0,//weibo.com/2057769762/JE7ARxa7P?refer_flag=1001030103_,郑爽的事情要画上句号了 ​
芯如柠檬自然酸丶渣,今天02:11,3,27,0,//weibo.com/7217394115/JE7GXcKME?refer_flag=1001030103_,这样吧，为了让沐猴而冠的小丑们开心下，军管前、卅回来前我都不发微博了。也不回复。大家都歇会儿，耐心等候。相信我！川一定会赢的！大家回见 ​
凤凰王又又,今天02:01,35,44,0,//weibo.com/6498373231/JE7CR11Rs?refer_flag=1001030103_,在拜登就职前，特朗普和梅拉尼亚搭乘空军一号离开华盛顿。 L凤凰王又又的微博视频 ​
ba哥专用,今天01:56,233,728,0,//weibo.com/2057769762/JE7ARxa7P?refer_flag=1001030103_,郑爽的事情要画上句号了 ​
芯如柠檬自然酸丶渣,今天02:11,3,27,0,//weibo.com/7217394115/JE7GXcKME?refer_flag=1001030103_,这样吧，为了让沐猴而冠的小丑们开心下，军管前、卅回来前我都不发微博了。也不回复。大家都歇会儿，耐心等候。相信我！川一定会赢的！大家回见 ​
Eternity-_,今天01:55,4,7,0,//weibo.com/3525283850/JE7AeuFwQ?refer_flag=1001030103_,【米兰记忆】🔴⚫️ 米兰传奇名宿内斯塔🇮🇹的防守艺术。#weareacmilan# LEternity-_的微博视频 ​
我是落生,今天02:10,22,76,0,//weibo.com/5822334131/JE7Ghe2Hc?refer_flag=1001030103_,封杀 ​
参考消息,今天01:52,28,51,0,//weibo.com/2375086267/JE7zcnpKy?refer_flag=1001030103_,#参考微评#【制裁美反华政客，就是要让他们感到痛！】北京时间1月21日凌晨，#外交部宣布制裁蓬佩奥等28人#。消息一出，国内社交媒体一片沸腾。中国网民之所以对这条消息“奔走相告”，是因为人们对蓬佩奥、纳瓦罗等美反华政客策划和推动实施的一系列疯狂行径早已“恨之入骨”，后者对华煽动仇恨和偏见 ​
西雅图夏至,今天02:33,34,23,0,//weibo.com/1960116444/JE7PRt720?refer_flag=1001030103_,#美国生活# Sanders几十年如一日，坚持自己的理念，淡泊名利、不在乎表象、一点不装，参加总统就职典礼，穿得和平时一样，也不忙着和权贵们寒暄 - 佩服 ​
我是落生,今天02:10,22,78,0,//weibo.com/5822334131/JE7Ghe2Hc?refer_flag=1001030103_,封杀 ​
ba哥专用,今天01:56,233,737,0,//weibo.com/2057769762/JE7ARxa7P?refer_flag=1001030103_,郑爽的事情要画上句号了 ​
纪春生在美国,今天01:50,32,14,0,//weibo.com/5662005485/JE7ypE8uB?refer_flag=1001030103_,拜登就职仪式演讲。 L纪春生在美国的微博视频 ​
Houson猴姆,今天00:52,410,265,0,//weibo.com/1258256457/JE7aE4nXr?refer_flag=1001030103_,美国总统就职仪式上#Lady Gaga#献唱国歌大首播！#拜登正式宣誓就职美国第46任总统#   LHouson猴姆的微博视频 ​​​
回忆专用小马甲,今天01:23,568,1529,0,//weibo.com/3217179555/JE7ndfW9F?refer_flag=1001030103_,又见面了，各位睡不着的朋友们 ​
外交部发言人办公室,今天01:12,148,95,0,//weibo.com/7099422177/JE7iWt5D8?refer_flag=1001030103_,外交部发言人宣布中方对蓬佩奥等人实施制裁#跟我看外交# #与发言人相约蓝厅#  O外交部发言人宣布中方对蓬佩奥等人实施制裁 ​
DC大叔,今天01:00,287,484,0,//weibo.com/2792589472/JE7dV09QZ?refer_flag=1001030103_,Lady Gaga最新现场来了！！！！！！！！！！这状态#最佳表演现场# Lady Gaga最新美国总统就职典礼献唱美国国歌 - LDC大叔的微博视频 ​
王冰汝,今天00:59,207,165,0,//weibo.com/2174585797/JE7dQ3ahY?refer_flag=1001030103_,拜登宣誓就职，成为第46任美国总统。这本圣经是拜登家族从1893年就开始使用的。拜登50多年政治生涯的每一次宣誓就职也都是用的这本圣经。 L王冰汝的微博视频 ​
参考消息,今天01:52,28,51,0,//weibo.com/2375086267/JE7zcnpKy?refer_flag=1001030103_,#参考微评#【制裁美反华政客，就是要让他们感到痛！】北京时间1月21日凌晨，#外交部宣布制裁蓬佩奥等28人#。消息一出，国内社交媒体一片沸腾。中国网民之所以对这条消息“奔走相告”，是因为人们对蓬佩奥、纳瓦罗等美反华政客策划和推动实施的一系列疯狂行径早已“恨之入骨”，后者对华煽动仇恨和偏见 ​
芯如柠檬自然酸丶渣,今天02:11,3,27,0,//weibo.com/7217394115/JE7GXcKME?refer_flag=1001030103_,这样吧，为了让沐猴而冠的小丑们开心下，军管前、卅回来前我都不发微博了。也不回复。大家都歇会儿，耐心等候。相信我！川一定会赢的！大家回见 ​
棉花糖和小金猪,今天01:59,24,98,0,//weibo.com/6537214948/JE7BOjedh?refer_flag=1001030103_,王巍巍：没收老鼠，都给我睡觉！ L棉花糖和小金猪的微博视频 ​
凤凰王又又,今天02:01,35,44,0,//weibo.com/6498373231/JE7CR11Rs?refer_flag=1001030103_,在拜登就职前，特朗普和梅拉尼亚搭乘空军一号离开华盛顿。 L凤凰王又又的微博视频 ​
西雅图夏至,今天02:33,34,22,0,//weibo.com/1960116444/JE7PRt720?refer_flag=1001030103_,#美国生活# Sanders几十年如一日，坚持自己的理念，淡泊名利、不在乎表象、一点不装，参加总统就职典礼，穿得和平时一样，也不忙着和权贵们寒暄 - 佩服 ​
西雅图夏至,今天02:33,34,23,0,//weibo.com/1960116444/JE7PRt720?refer_flag=1001030103_,#美国生活# Sanders几十年如一日，坚持自己的理念，淡泊名利、不在乎表象、一点不装，参加总统就职典礼，穿得和平时一样，也不忙着和权贵们寒暄 - 佩服 ​
君墨签名设计,今天02:17,15,10,0,//weibo.com/7448525517/JE7Jle7XU?refer_flag=1001030103_,🌈🌈君墨签名设计｜最是人间留不住 朱颜辞镜花辞树#设计美学##君墨签名设计# ​
芯如柠檬自然酸丶渣,今天02:11,3,27,0,//weibo.com/7217394115/JE7GXcKME?refer_flag=1001030103_,这样吧，为了让沐猴而冠的小丑们开心下，军管前、卅回来前我都不发微博了。也不回复。大家都歇会儿，耐心等候。相信我！川一定会赢的！大家回见 ​
ba哥专用,今天01:56,233,733,0,//weibo.com/2057769762/JE7ARxa7P?refer_flag=1001030103_,郑爽的事情要画上句号了 ​
棉花糖和小金猪,今天01:59,24,99,0,//weibo.com/6537214948/JE7BOjedh?refer_flag=1001030103_,王巍巍：没收老鼠，都给我睡觉！ L棉花糖和小金猪的微博视频 ​
吃瓜群众CJ,今天00:55,1127,1413,0,//weibo.com/1885688010/JE7ccjEME?refer_flag=1001030103_,尘埃落定 ​
HeyWarWars,今天00:58,318,232,0,//weibo.com/3460516424/JE7dgfBpZ?refer_flag=1001030103_,Lady Gaga在#美国总统就职典礼# 献唱国歌！！！绝佳状态，端庄大气！来看完整视频！！ LHeyWarWars的微博视频 ​
回忆专用小马甲,今天01:23,568,1529,0,//weibo.com/3217179555/JE7ndfW9F?refer_flag=1001030103_,又见面了，各位睡不着的朋友们 ​
你该美丽中带着刺,今天00:59,5070,1548,0,//weibo.com/6571295178/JE7dzajNq?refer_flag=1001030103_,#肖战蒙牛乳业品牌代言人# 恭喜肖战成为蒙牛乳业品牌代言人@蒙牛乳业 @牛蒙蒙官方微博 我可以再看亿遍2021年，大家都属牛！蒙牛代言人肖战那句“干杯”，元气满满，牛年旺旺！喝了蒙牛，我相信我一定可以跟着@X玖少年团肖战DAYTOY 一起向着光的方向携手向前！L蒙牛乳业的微博视频 ​​​
人民日报,今天01:20,213,466,0,//weibo.com/2803301701/JE7mab37F?refer_flag=1001030103_,【#拜登就任美国总统#】美国当选总统、民主党人拜登20日在美国首都华盛顿国会山举行的就职典礼上宣誓就任美国第46任总统。 ​
芯如柠檬自然酸丶渣,今天02:11,3,27,0,//weibo.com/7217394115/JE7GXcKME?refer_flag=1001030103_,这样吧，为了让沐猴而冠的小丑们开心下，军管前、卅回来前我都不发微博了。也不回复。大家都歇会儿，耐心等候。相信我！川一定会赢的！大家回见 ​
西雅图夏至,今天02:33,34,23,0,//weibo.com/1960116444/JE7PRt720?refer_flag=1001030103_,#美国生活# Sanders几十年如一日，坚持自己的理念，淡泊名利、不在乎表象、一点不装，参加总统就职典礼，穿得和平时一样，也不忙着和权贵们寒暄 - 佩服 ​
参考消息,今天01:52,28,51,0,//weibo.com/2375086267/JE7zcnpKy?refer_flag=1001030103_,#参考微评#【制裁美反华政客，就是要让他们感到痛！】北京时间1月21日凌晨，#外交部宣布制裁蓬佩奥等28人#。消息一出，国内社交媒体一片沸腾。中国网民之所以对这条消息“奔走相告”，是因为人们对蓬佩奥、纳瓦罗等美反华政客策划和推动实施的一系列疯狂行径早已“恨之入骨”，后者对华煽动仇恨和偏见 ​
纪春生在美国,今天01:50,32,14,0,//weibo.com/5662005485/JE7ypE8uB?refer_flag=1001030103_,拜登就职仪式演讲。 L纪春生在美国的微博视频 ​
ba哥专用,今天01:56,233,737,0,//weibo.com/2057769762/JE7ARxa7P?refer_flag=1001030103_,郑爽的事情要画上句号了 ​
紅鯉漁与綠与馿,2020年01月20日,0,0,0,//weibo.com/5779148538/Iqptpfvu4?refer_flag=1001030103_,要不有些人建议封城呢 就是因为有这样得傻b存在  报纸 算了算了 不想说了 再说都是骂人话了
虽然但是只要就,2020年01月20日,0,6,0,//weibo.com/5686198721/Iqpq7mrqw?refer_flag=1001030103_,我在武汉，丧尸已经上街吃人了（致那些建议封城的键盘市长） 2武汉 ​
Pixiedust-,2020年01月20日,0,0,0,//weibo.com/1938437485/Iqpph46lI?refer_flag=1001030103_,//@三可_你可以我可以他可以:，，，//@天青碧流烟秋月: 真的刺激，在这种抗击疫情的重要关头还来这种社区疫情大爆发的预热行为，你们武汉人真的不怕死，武汉该变成浣熊市一样准备封城了//@吴毛F: ，，，//@青莲榆菜:刺激//@BearBin_: ……？……！！
大阪吉德民宿,2020年01月20日,0,0,0,//weibo.com/6298991452/Iqpnd6aog?refer_flag=1001030103_,建議封城
PlasticBag123,2020年01月20日,0,0,0,//weibo.com/5538385034/IqpmOiLIS?refer_flag=1001030103_,//@EVE小米粒:总觉得有些人说话很搞笑，建议封城是防范于未然！到底过年重要还是命重要？//@火锅麻辣烫串串香soul:建议封锁武汉吧
肉呆瓜,2020年01月20日,0,0,0,//weibo.com/1047794095/Iqpmq4PbF?refer_flag=1001030103_,很恐怖啊，旅游一趟就感染，命中率很高了，所以还不封城？
紅鯉漁与綠与馿,2020年01月20日,0,0,0,//weibo.com/5779148538/Iqptpfvu4?refer_flag=1001030103_,要不有些人建议封城呢 就是因为有这样得傻b存在  报纸 算了算了 不想说了 再说都是骂人话了
虽然但是只要就,2020年01月20日,0,6,0,//weibo.com/5686198721/Iqpq7mrqw?refer_flag=1001030103_,我在武汉，丧尸已经上街吃人了（致那些建议封城的键盘市长） 2武汉 ​
Pixiedust-,2020年01月20日,0,0,0,//weibo.com/1938437485/Iqpph46lI?refer_flag=1001030103_,//@三可_你可以我可以他可以:，，，//@天青碧流烟秋月: 真的刺激，在这种抗击疫情的重要关头还来这种社区疫情大爆发的预热行为，你们武汉人真的不怕死，武汉该变成浣熊市一样准备封城了//@吴毛F: ，，，//@青莲榆菜:刺激//@BearBin_: ……？……！！
大阪吉德民宿,2020年01月20日,0,0,0,//weibo.com/6298991452/Iqpnd6aog?refer_flag=1001030103_,建議封城
PlasticBag123,2020年01月20日,0,0,0,//weibo.com/5538385034/IqpmOiLIS?refer_flag=1001030103_,//@EVE小米粒:总觉得有些人说话很搞笑，建议封城是防范于未然！到底过年重要还是命重要？//@火锅麻辣烫串串香soul:建议封锁武汉吧
肉呆瓜,2020年01月20日,0,0,0,//weibo.com/1047794095/Iqpmq4PbF?refer_flag=1001030103_,很恐怖啊，旅游一趟就感染，命中率很高了，所以还不封城？
紅鯉漁与綠与馿,2020年01月20日,0,0,0,//weibo.com/5779148538/Iqptpfvu4?refer_flag=1001030103_,要不有些人建议封城呢 就是因为有这样得傻b存在  报纸 算了算了 不想说了 再说都是骂人话了
虽然但是只要就,2020年01月20日,0,6,0,//weibo.com/5686198721/Iqpq7mrqw?refer_flag=1001030103_,我在武汉，丧尸已经上街吃人了（致那些建议封城的键盘市长） 2武汉 ​
Pixiedust-,2020年01月20日,0,0,0,//weibo.com/1938437485/Iqpph46lI?refer_flag=1001030103_,//@三可_你可以我可以他可以:，，，//@天青碧流烟秋月: 真的刺激，在这种抗击疫情的重要关头还来这种社区疫情大爆发的预热行为，你们武汉人真的不怕死，武汉该变成浣熊市一样准备封城了//@吴毛F: ，，，//@青莲榆菜:刺激//@BearBin_: ……？……！！
大阪吉德民宿,2020年01月20日,0,0,0,//weibo.com/6298991452/Iqpnd6aog?refer_flag=1001030103_,建議封城
PlasticBag123,2020年01月20日,0,0,0,//weibo.com/5538385034/IqpmOiLIS?refer_flag=1001030103_,//@EVE小米粒:总觉得有些人说话很搞笑，建议封城是防范于未然！到底过年重要还是命重要？//@火锅麻辣烫串串香soul:建议封锁武汉吧
肉呆瓜,2020年01月20日,0,0,0,//weibo.com/1047794095/Iqpmq4PbF?refer_flag=1001030103_,很恐怖啊，旅游一趟就感染，命中率很高了，所以还不封城？
紅鯉漁与綠与馿,2020年01月20日,0,0,0,//weibo.com/5779148538/Iqptpfvu4?refer_flag=1001030103_,要不有些人建议封城呢 就是因为有这样得傻b存在  报纸 算了算了 不想说了 再说都是骂人话了
虽然但是只要就,2020年01月20日,0,6,0,//weibo.com/5686198721/Iqpq7mrqw?refer_flag=1001030103_,我在武汉，丧尸已经上街吃人了（致那些建议封城的键盘市长） 2武汉 ​
Pixiedust-,2020年01月20日,0,0,0,//weibo.com/1938437485/Iqpph46lI?refer_flag=1001030103_,//@三可_你可以我可以他可以:，，，//@天青碧流烟秋月: 真的刺激，在这种抗击疫情的重要关头还来这种社区疫情大爆发的预热行为，你们武汉人真的不怕死，武汉该变成浣熊市一样准备封城了//@吴毛F: ，，，//@青莲榆菜:刺激//@BearBin_: ……？……！！
大阪吉德民宿,2020年01月20日,0,0,0,//weibo.com/6298991452/Iqpnd6aog?refer_flag=1001030103_,建議封城
PlasticBag123,2020年01月20日,0,0,0,//weibo.com/5538385034/IqpmOiLIS?refer_flag=1001030103_,//@EVE小米粒:总觉得有些人说话很搞笑，建议封城是防范于未然！到底过年重要还是命重要？//@火锅麻辣烫串串香soul:建议封锁武汉吧
肉呆瓜,2020年01月20日,0,0,0,//weibo.com/1047794095/Iqpmq4PbF?refer_flag=1001030103_,很恐怖啊，旅游一趟就感染，命中率很高了，所以还不封城？
紅鯉漁与綠与馿,2020年01月20日,0,0,0,//weibo.com/5779148538/Iqptpfvu4?refer_flag=1001030103_,要不有些人建议封城呢 就是因为有这样得傻b存在  报纸 算了算了 不想说了 再说都是骂人话了
虽然但是只要就,2020年01月20日,0,6,0,//weibo.com/5686198721/Iqpq7mrqw?refer_flag=1001030103_,我在武汉，丧尸已经上街吃人了（致那些建议封城的键盘市长） 2武汉 ​
Pixiedust-,2020年01月20日,0,0,0,//weibo.com/1938437485/Iqpph46lI?refer_flag=1001030103_,//@三可_你可以我可以他可以:，，，//@天青碧流烟秋月: 真的刺激，在这种抗击疫情的重要关头还来这种社区疫情大爆发的预热行为，你们武汉人真的不怕死，武汉该变成浣熊市一样准备封城了//@吴毛F: ，，，//@青莲榆菜:刺激//@BearBin_: ……？……！！
大阪吉德民宿,2020年01月20日,0,0,0,//weibo.com/6298991452/Iqpnd6aog?refer_flag=1001030103_,建議封城
PlasticBag123,2020年01月20日,0,0,0,//weibo.com/5538385034/IqpmOiLIS?refer_flag=1001030103_,//@EVE小米粒:总觉得有些人说话很搞笑，建议封城是防范于未然！到底过年重要还是命重要？//@火锅麻辣烫串串香soul:建议封锁武汉吧
肉呆瓜,2020年01月20日,0,0,0,//weibo.com/1047794095/Iqpmq4PbF?refer_flag=1001030103_,很恐怖啊，旅游一趟就感染，命中率很高了，所以还不封城？
紅鯉漁与綠与馿,2020年01月20日,0,0,0,//weibo.com/5779148538/Iqptpfvu4?refer_flag=1001030103_,要不有些人建议封城呢 就是因为有这样得傻b存在  报纸 算了算了 不想说了 再说都是骂人话了
虽然但是只要就,2020年01月20日,0,6,0,//weibo.com/5686198721/Iqpq7mrqw?refer_flag=1001030103_,我在武汉，丧尸已经上街吃人了（致那些建议封城的键盘市长） 2武汉 ​
Pixiedust-,2020年01月20日,0,0,0,//weibo.com/1938437485/Iqpph46lI?refer_flag=1001030103_,//@三可_你可以我可以他可以:，，，//@天青碧流烟秋月: 真的刺激，在这种抗击疫情的重要关头还来这种社区疫情大爆发的预热行为，你们武汉人真的不怕死，武汉该变成浣熊市一样准备封城了//@吴毛F: ，，，//@青莲榆菜:刺激//@BearBin_: ……？……！！
大阪吉德民宿,2020年01月20日,0,0,0,//weibo.com/6298991452/Iqpnd6aog?refer_flag=1001030103_,建議封城
PlasticBag123,2020年01月20日,0,0,0,//weibo.com/5538385034/IqpmOiLIS?refer_flag=1001030103_,//@EVE小米粒:总觉得有些人说话很搞笑，建议封城是防范于未然！到底过年重要还是命重要？//@火锅麻辣烫串串香soul:建议封锁武汉吧
肉呆瓜,2020年01月20日,0,0,0,//weibo.com/1047794095/Iqpmq4PbF?refer_flag=1001030103_,很恐怖啊，旅游一趟就感染，命中率很高了，所以还不封城？
紅鯉漁与綠与馿,2020年01月20日,0,0,0,//weibo.com/5779148538/Iqptpfvu4?refer_flag=1001030103_,要不有些人建议封城呢 就是因为有这样得傻b存在  报纸 算了算了 不想说了 再说都是骂人话了
虽然但是只要就,2020年01月20日,0,6,0,//weibo.com/5686198721/Iqpq7mrqw?refer_flag=1001030103_,我在武汉，丧尸已经上街吃人了（致那些建议封城的键盘市长） 2武汉 ​
Pixiedust-,2020年01月20日,0,0,0,//weibo.com/1938437485/Iqpph46lI?refer_flag=1001030103_,//@三可_你可以我可以他可以:，，，//@天青碧流烟秋月: 真的刺激，在这种抗击疫情的重要关头还来这种社区疫情大爆发的预热行为，你们武汉人真的不怕死，武汉该变成浣熊市一样准备封城了//@吴毛F: ，，，//@青莲榆菜:刺激//@BearBin_: ……？……！！
大阪吉德民宿,2020年01月20日,0,0,0,//weibo.com/6298991452/Iqpnd6aog?refer_flag=1001030103_,建議封城
PlasticBag123,2020年01月20日,0,0,0,//weibo.com/5538385034/IqpmOiLIS?refer_flag=1001030103_,//@EVE小米粒:总觉得有些人说话很搞笑，建议封城是防范于未然！到底过年重要还是命重要？//@火锅麻辣烫串串香soul:建议封锁武汉吧
肉呆瓜,2020年01月20日,0,0,0,//weibo.com/1047794095/Iqpmq4PbF?refer_flag=1001030103_,很恐怖啊，旅游一趟就感染，命中率很高了，所以还不封城？
紅鯉漁与綠与馿,2020年01月20日,0,0,0,//weibo.com/5779148538/Iqptpfvu4?refer_flag=1001030103_,要不有些人建议封城呢 就是因为有这样得傻b存在  报纸 算了算了 不想说了 再说都是骂人话了
虽然但是只要就,2020年01月20日,0,6,0,//weibo.com/5686198721/Iqpq7mrqw?refer_flag=1001030103_,我在武汉，丧尸已经上街吃人了（致那些建议封城的键盘市长） 2武汉 ​
Pixiedust-,2020年01月20日,0,0,0,//weibo.com/1938437485/Iqpph46lI?refer_flag=1001030103_,//@三可_你可以我可以他可以:，，，//@天青碧流烟秋月: 真的刺激，在这种抗击疫情的重要关头还来这种社区疫情大爆发的预热行为，你们武汉人真的不怕死，武汉该变成浣熊市一样准备封城了//@吴毛F: ，，，//@青莲榆菜:刺激//@BearBin_: ……？……！！
大阪吉德民宿,2020年01月20日,0,0,0,//weibo.com/6298991452/Iqpnd6aog?refer_flag=1001030103_,建議封城
PlasticBag123,2020年01月20日,0,0,0,//weibo.com/5538385034/IqpmOiLIS?refer_flag=1001030103_,//@EVE小米粒:总觉得有些人说话很搞笑，建议封城是防范于未然！到底过年重要还是命重要？//@火锅麻辣烫串串香soul:建议封锁武汉吧
肉呆瓜,2020年01月20日,0,0,0,//weibo.com/1047794095/Iqpmq4PbF?refer_flag=1001030103_,很恐怖啊，旅游一趟就感染，命中率很高了，所以还不封城？
紅鯉漁与綠与馿,2020年01月20日,0,0,0,//weibo.com/5779148538/Iqptpfvu4?refer_flag=1001030103_,要不有些人建议封城呢 就是因为有这样得傻b存在  报纸 算了算了 不想说了 再说都是骂人话了
虽然但是只要就,2020年01月20日,0,6,0,//weibo.com/5686198721/Iqpq7mrqw?refer_flag=1001030103_,我在武汉，丧尸已经上街吃人了（致那些建议封城的键盘市长） 2武汉 ​
Pixiedust-,2020年01月20日,0,0,0,//weibo.com/1938437485/Iqpph46lI?refer_flag=1001030103_,//@三可_你可以我可以他可以:，，，//@天青碧流烟秋月: 真的刺激，在这种抗击疫情的重要关头还来这种社区疫情大爆发的预热行为，你们武汉人真的不怕死，武汉该变成浣熊市一样准备封城了//@吴毛F: ，，，//@青莲榆菜:刺激//@BearBin_: ……？……！！
大阪吉德民宿,2020年01月20日,0,0,0,//weibo.com/6298991452/Iqpnd6aog?refer_flag=1001030103_,建議封城
PlasticBag123,2020年01月20日,0,0,0,//weibo.com/5538385034/IqpmOiLIS?refer_flag=1001030103_,//@EVE小米粒:总觉得有些人说话很搞笑，建议封城是防范于未然！到底过年重要还是命重要？//@火锅麻辣烫串串香soul:建议封锁武汉吧
肉呆瓜,2020年01月20日,0,0,0,//weibo.com/1047794095/Iqpmq4PbF?refer_flag=1001030103_,很恐怖啊，旅游一趟就感染，命中率很高了，所以还不封城？
紅鯉漁与綠与馿,2020年01月20日,0,0,0,//weibo.com/5779148538/Iqptpfvu4?refer_flag=1001030103_,要不有些人建议封城呢 就是因为有这样得傻b存在  报纸 算了算了 不想说了 再说都是骂人话了
虽然但是只要就,2020年01月20日,0,6,0,//weibo.com/5686198721/Iqpq7mrqw?refer_flag=1001030103_,我在武汉，丧尸已经上街吃人了（致那些建议封城的键盘市长） 2武汉 ​
Pixiedust-,2020年01月20日,0,0,0,//weibo.com/1938437485/Iqpph46lI?refer_flag=1001030103_,//@三可_你可以我可以他可以:，，，//@天青碧流烟秋月: 真的刺激，在这种抗击疫情的重要关头还来这种社区疫情大爆发的预热行为，你们武汉人真的不怕死，武汉该变成浣熊市一样准备封城了//@吴毛F: ，，，//@青莲榆菜:刺激//@BearBin_: ……？……！！
大阪吉德民宿,2020年01月20日,0,0,0,//weibo.com/6298991452/Iqpnd6aog?refer_flag=1001030103_,建議封城
PlasticBag123,2020年01月20日,0,0,0,//weibo.com/5538385034/IqpmOiLIS?refer_flag=1001030103_,//@EVE小米粒:总觉得有些人说话很搞笑，建议封城是防范于未然！到底过年重要还是命重要？//@火锅麻辣烫串串香soul:建议封锁武汉吧
肉呆瓜,2020年01月20日,0,0,0,//weibo.com/1047794095/Iqpmq4PbF?refer_flag=1001030103_,很恐怖啊，旅游一趟就感染，命中率很高了，所以还不封城？
紅鯉漁与綠与馿,2020年01月20日,0,0,0,//weibo.com/5779148538/Iqptpfvu4?refer_flag=1001030103_,要不有些人建议封城呢 就是因为有这样得傻b存在  报纸 算了算了 不想说了 再说都是骂人话了
虽然但是只要就,2020年01月20日,0,6,0,//weibo.com/5686198721/Iqpq7mrqw?refer_flag=1001030103_,我在武汉，丧尸已经上街吃人了（致那些建议封城的键盘市长） 2武汉 ​
Pixiedust-,2020年01月20日,0,0,0,//weibo.com/1938437485/Iqpph46lI?refer_flag=1001030103_,//@三可_你可以我可以他可以:，，，//@天青碧流烟秋月: 真的刺激，在这种抗击疫情的重要关头还来这种社区疫情大爆发的预热行为，你们武汉人真的不怕死，武汉该变成浣熊市一样准备封城了//@吴毛F: ，，，//@青莲榆菜:刺激//@BearBin_: ……？……！！
大阪吉德民宿,2020年01月20日,0,0,0,//weibo.com/6298991452/Iqpnd6aog?refer_flag=1001030103_,建議封城
PlasticBag123,2020年01月20日,0,0,0,//weibo.com/5538385034/IqpmOiLIS?refer_flag=1001030103_,//@EVE小米粒:总觉得有些人说话很搞笑，建议封城是防范于未然！到底过年重要还是命重要？//@火锅麻辣烫串串香soul:建议封锁武汉吧
肉呆瓜,2020年01月20日,0,0,0,//weibo.com/1047794095/Iqpmq4PbF?refer_flag=1001030103_,很恐怖啊，旅游一趟就感染，命中率很高了，所以还不封城？
紅鯉漁与綠与馿,2020年01月20日,0,0,0,//weibo.com/5779148538/Iqptpfvu4?refer_flag=1001030103_,要不有些人建议封城呢 就是因为有这样得傻b存在  报纸 算了算了 不想说了 再说都是骂人话了
虽然但是只要就,2020年01月20日,0,6,0,//weibo.com/5686198721/Iqpq7mrqw?refer_flag=1001030103_,我在武汉，丧尸已经上街吃人了（致那些建议封城的键盘市长） 2武汉 ​
Pixiedust-,2020年01月20日,0,0,0,//weibo.com/1938437485/Iqpph46lI?refer_flag=1001030103_,//@三可_你可以我可以他可以:，，，//@天青碧流烟秋月: 真的刺激，在这种抗击疫情的重要关头还来这种社区疫情大爆发的预热行为，你们武汉人真的不怕死，武汉该变成浣熊市一样准备封城了//@吴毛F: ，，，//@青莲榆菜:刺激//@BearBin_: ……？……！！
大阪吉德民宿,2020年01月20日,0,0,0,//weibo.com/6298991452/Iqpnd6aog?refer_flag=1001030103_,建議封城
PlasticBag123,2020年01月20日,0,0,0,//weibo.com/5538385034/IqpmOiLIS?refer_flag=1001030103_,//@EVE小米粒:总觉得有些人说话很搞笑，建议封城是防范于未然！到底过年重要还是命重要？//@火锅麻辣烫串串香soul:建议封锁武汉吧
肉呆瓜,2020年01月20日,0,0,0,//weibo.com/1047794095/Iqpmq4PbF?refer_flag=1001030103_,很恐怖啊，旅游一趟就感染，命中率很高了，所以还不封城？
紅鯉漁与綠与馿,2020年01月20日,0,0,0,//weibo.com/5779148538/Iqptpfvu4?refer_flag=1001030103_,要不有些人建议封城呢 就是因为有这样得傻b存在  报纸 算了算了 不想说了 再说都是骂人话了
虽然但是只要就,2020年01月20日,0,6,0,//weibo.com/5686198721/Iqpq7mrqw?refer_flag=1001030103_,我在武汉，丧尸已经上街吃人了（致那些建议封城的键盘市长） 2武汉 ​
Pixiedust-,2020年01月20日,0,0,0,//weibo.com/1938437485/Iqpph46lI?refer_flag=1001030103_,//@三可_你可以我可以他可以:，，，//@天青碧流烟秋月: 真的刺激，在这种抗击疫情的重要关头还来这种社区疫情大爆发的预热行为，你们武汉人真的不怕死，武汉该变成浣熊市一样准备封城了//@吴毛F: ，，，//@青莲榆菜:刺激//@BearBin_: ……？……！！
大阪吉德民宿,2020年01月20日,0,0,0,//weibo.com/6298991452/Iqpnd6aog?refer_flag=1001030103_,建議封城
PlasticBag123,2020年01月20日,0,0,0,//weibo.com/5538385034/IqpmOiLIS?refer_flag=1001030103_,//@EVE小米粒:总觉得有些人说话很搞笑，建议封城是防范于未然！到底过年重要还是命重要？//@火锅麻辣烫串串香soul:建议封锁武汉吧
肉呆瓜,2020年01月20日,0,0,0,//weibo.com/1047794095/Iqpmq4PbF?refer_flag=1001030103_,很恐怖啊，旅游一趟就感染，命中率很高了，所以还不封城？
