DC大叔,今天01:00,286,474,0,//weibo.com/2792589472/JE7dV09QZ?refer_flag=1001030103_,Lady Gaga最新现场来了！！！！！！！！！！这状态#最佳表演现场# Lady Gaga最新美国总统就职典礼献唱美国国歌 - LDC大叔的微博视频 ​
Houson猴姆,今天00:52,401,261,0,//weibo.com/1258256457/JE7aE4nXr?refer_flag=1001030103_,美国总统就职仪式上#Lady Gaga#献唱国歌大首播！#拜登正式宣誓就职美国第46任总统#   LHouson猴姆的微博视频 ​​​
外交部发言人办公室,今天01:12,144,95,0,//weibo.com/7099422177/JE7iWt5D8?refer_flag=1001030103_,外交部发言人宣布中方对蓬佩奥等人实施制裁#跟我看外交# #与发言人相约蓝厅#  O外交部发言人宣布中方对蓬佩奥等人实施制裁 ​
HeyWarWars,今天00:58,314,230,0,//weibo.com/3460516424/JE7dgfBpZ?refer_flag=1001030103_,Lady Gaga在#美国总统就职典礼# 献唱国歌！！！绝佳状态，端庄大气！来看完整视频！！ LHeyWarWars的微博视频 ​
回忆专用小马甲,今天01:23,567,1501,0,//weibo.com/3217179555/JE7ndfW9F?refer_flag=1001030103_,又见面了，各位睡不着的朋友们 ​
凤凰王又又,今天02:01,33,43,0,//weibo.com/6498373231/JE7CR11Rs?refer_flag=1001030103_,在拜登就职前，特朗普和梅拉尼亚搭乘空军一号离开华盛顿。 L凤凰王又又的微博视频 ​
Eternity-_,今天01:55,4,7,0,//weibo.com/3525283850/JE7AeuFwQ?refer_flag=1001030103_,【米兰记忆】🔴⚫️ 米兰传奇名宿内斯塔🇮🇹的防守艺术。#weareacmilan# LEternity-_的微博视频 ​
棉花糖和小金猪,今天01:59,24,98,0,//weibo.com/6537214948/JE7BOjedh?refer_flag=1001030103_,王巍巍：没收老鼠，都给我睡觉！ L棉花糖和小金猪的微博视频 ​
君墨签名设计,今天02:17,15,10,0,//weibo.com/7448525517/JE7Jle7XU?refer_flag=1001030103_,🌈🌈君墨签名设计｜最是人间留不住 朱颜辞镜花辞树#设计美学##君墨签名设计# ​
西雅图夏至,今天02:33,34,22,0,//weibo.com/1960116444/JE7PRt720?refer_flag=1001030103_,#美国生活# Sanders几十年如一日，坚持自己的理念，淡泊名利、不在乎表象、一点不装，参加总统就职典礼，穿得和平时一样，也不忙着和权贵们寒暄 - 佩服 ​
棉花糖和小金猪,今天01:59,24,98,0,//weibo.com/6537214948/JE7BOjedh?refer_flag=1001030103_,王巍巍：没收老鼠，都给我睡觉！ L棉花糖和小金猪的微博视频 ​
西雅图夏至,今天02:33,34,22,0,//weibo.com/1960116444/JE7PRt720?refer_flag=1001030103_,#美国生活# Sanders几十年如一日，坚持自己的理念，淡泊名利、不在乎表象、一点不装，参加总统就职典礼，穿得和平时一样，也不忙着和权贵们寒暄 - 佩服 ​
Eternity-_,今天01:55,4,7,0,//weibo.com/3525283850/JE7AeuFwQ?refer_flag=1001030103_,【米兰记忆】🔴⚫️ 米兰传奇名宿内斯塔🇮🇹的防守艺术。#weareacmilan# LEternity-_的微博视频 ​
凤凰王又又,今天02:01,35,44,0,//weibo.com/6498373231/JE7CR11Rs?refer_flag=1001030103_,在拜登就职前，特朗普和梅拉尼亚搭乘空军一号离开华盛顿。 L凤凰王又又的微博视频 ​
君墨签名设计,今天02:17,15,10,0,//weibo.com/7448525517/JE7Jle7XU?refer_flag=1001030103_,🌈🌈君墨签名设计｜最是人间留不住 朱颜辞镜花辞树#设计美学##君墨签名设计# ​
芯如柠檬自然酸丶渣,今天02:11,2,26,0,//weibo.com/7217394115/JE7GXcKME?refer_flag=1001030103_,这样吧，为了让沐猴而冠的小丑们开心下，军管前、卅回来前我都不发微博了。也不回复。大家都歇会儿，耐心等候。相信我！川一定会赢的！大家回见 ​
棉花糖和小金猪,今天01:59,24,98,0,//weibo.com/6537214948/JE7BOjedh?refer_flag=1001030103_,王巍巍：没收老鼠，都给我睡觉！ L棉花糖和小金猪的微博视频 ​
纪春生在美国,今天01:50,30,14,0,//weibo.com/5662005485/JE7ypE8uB?refer_flag=1001030103_,拜登就职仪式演讲。 L纪春生在美国的微博视频 ​
西雅图夏至,今天02:33,34,22,0,//weibo.com/1960116444/JE7PRt720?refer_flag=1001030103_,#美国生活# Sanders几十年如一日，坚持自己的理念，淡泊名利、不在乎表象、一点不装，参加总统就职典礼，穿得和平时一样，也不忙着和权贵们寒暄 - 佩服 ​
我是落生,今天02:10,22,74,0,//weibo.com/5822334131/JE7Ghe2Hc?refer_flag=1001030103_,封杀 ​
君墨签名设计,今天02:17,15,10,0,//weibo.com/7448525517/JE7Jle7XU?refer_flag=1001030103_,🌈🌈君墨签名设计｜最是人间留不住 朱颜辞镜花辞树#设计美学##君墨签名设计# ​
参考消息,今天01:52,27,50,0,//weibo.com/2375086267/JE7zcnpKy?refer_flag=1001030103_,#参考微评#【制裁美反华政客，就是要让他们感到痛！】北京时间1月21日凌晨，#外交部宣布制裁蓬佩奥等28人#。消息一出，国内社交媒体一片沸腾。中国网民之所以对这条消息“奔走相告”，是因为人们对蓬佩奥、纳瓦罗等美反华政客策划和推动实施的一系列疯狂行径早已“恨之入骨”，后者对华煽动仇恨和偏见 ​
凤凰王又又,今天02:01,33,43,0,//weibo.com/6498373231/JE7CR11Rs?refer_flag=1001030103_,在拜登就职前，特朗普和梅拉尼亚搭乘空军一号离开华盛顿。 L凤凰王又又的微博视频 ​
我是落生,今天02:10,22,75,0,//weibo.com/5822334131/JE7Ghe2Hc?refer_flag=1001030103_,封杀 ​
ba哥专用,今天01:56,233,721,0,//weibo.com/2057769762/JE7ARxa7P?refer_flag=1001030103_,郑爽的事情要画上句号了 ​
凤凰王又又,今天02:01,33,42,0,//weibo.com/6498373231/JE7CR11Rs?refer_flag=1001030103_,在拜登就职前，特朗普和梅拉尼亚搭乘空军一号离开华盛顿。 L凤凰王又又的微博视频 ​
棉花糖和小金猪,今天01:59,24,98,0,//weibo.com/6537214948/JE7BOjedh?refer_flag=1001030103_,王巍巍：没收老鼠，都给我睡觉！ L棉花糖和小金猪的微博视频 ​
西雅图夏至,今天02:33,34,22,0,//weibo.com/1960116444/JE7PRt720?refer_flag=1001030103_,#美国生活# Sanders几十年如一日，坚持自己的理念，淡泊名利、不在乎表象、一点不装，参加总统就职典礼，穿得和平时一样，也不忙着和权贵们寒暄 - 佩服 ​
纪春生在美国,今天01:50,30,14,0,//weibo.com/5662005485/JE7ypE8uB?refer_flag=1001030103_,拜登就职仪式演讲。 L纪春生在美国的微博视频 ​
芯如柠檬自然酸丶渣,今天02:11,2,26,0,//weibo.com/7217394115/JE7GXcKME?refer_flag=1001030103_,这样吧，为了让沐猴而冠的小丑们开心下，军管前、卅回来前我都不发微博了。也不回复。大家都歇会儿，耐心等候。相信我！川一定会赢的！大家回见 ​
王冰汝,今天00:59,207,165,0,//weibo.com/2174585797/JE7dQ3ahY?refer_flag=1001030103_,拜登宣誓就职，成为第46任美国总统。这本圣经是拜登家族从1893年就开始使用的。拜登50多年政治生涯的每一次宣誓就职也都是用的这本圣经。 L王冰汝的微博视频 ​
央视新闻,今天01:06,2542,2843,0,//weibo.com/2656274875/JE7gsuT9R?refer_flag=1001030103_,【外交部发言人宣布：#中方对蓬佩奥等人实施制裁#】过去几年，美国一些反华政客出于一己政治私利和对华偏见仇恨，罔顾中美两国人民的利益，策划、推动实施了一系列疯狂的行径，严重干涉中国内政、损害了中国的利益、伤害了中国人民的感情，也严重破坏了中美关系。中国政府捍卫国家主权安全发展利益的决 ​
你该美丽中带着刺,今天00:59,5070,1548,0,//weibo.com/6571295178/JE7dzajNq?refer_flag=1001030103_,#肖战蒙牛乳业品牌代言人# 恭喜肖战成为蒙牛乳业品牌代言人@蒙牛乳业 @牛蒙蒙官方微博 我可以再看亿遍2021年，大家都属牛！蒙牛代言人肖战那句“干杯”，元气满满，牛年旺旺！喝了蒙牛，我相信我一定可以跟着@X玖少年团肖战DAYTOY 一起向着光的方向携手向前！L蒙牛乳业的微博视频 ​​​
外交部发言人办公室,今天01:12,148,95,0,//weibo.com/7099422177/JE7iWt5D8?refer_flag=1001030103_,外交部发言人宣布中方对蓬佩奥等人实施制裁#跟我看外交# #与发言人相约蓝厅#  O外交部发言人宣布中方对蓬佩奥等人实施制裁 ​
DC大叔,今天01:00,287,484,0,//weibo.com/2792589472/JE7dV09QZ?refer_flag=1001030103_,Lady Gaga最新现场来了！！！！！！！！！！这状态#最佳表演现场# Lady Gaga最新美国总统就职典礼献唱美国国歌 - LDC大叔的微博视频 ​
凤凰王又又,今天02:01,33,42,0,//weibo.com/6498373231/JE7CR11Rs?refer_flag=1001030103_,在拜登就职前，特朗普和梅拉尼亚搭乘空军一号离开华盛顿。 L凤凰王又又的微博视频 ​
我是落生,今天02:10,22,74,0,//weibo.com/5822334131/JE7Ghe2Hc?refer_flag=1001030103_,封杀 ​
纪春生在美国,今天01:50,30,14,0,//weibo.com/5662005485/JE7ypE8uB?refer_flag=1001030103_,拜登就职仪式演讲。 L纪春生在美国的微博视频 ​
西雅图夏至,今天02:33,34,22,0,//weibo.com/1960116444/JE7PRt720?refer_flag=1001030103_,#美国生活# Sanders几十年如一日，坚持自己的理念，淡泊名利、不在乎表象、一点不装，参加总统就职典礼，穿得和平时一样，也不忙着和权贵们寒暄 - 佩服 ​
芯如柠檬自然酸丶渣,今天02:11,2,26,0,//weibo.com/7217394115/JE7GXcKME?refer_flag=1001030103_,这样吧，为了让沐猴而冠的小丑们开心下，军管前、卅回来前我都不发微博了。也不回复。大家都歇会儿，耐心等候。相信我！川一定会赢的！大家回见 ​
君墨签名设计,今天02:17,15,10,0,//weibo.com/7448525517/JE7Jle7XU?refer_flag=1001030103_,🌈🌈君墨签名设计｜最是人间留不住 朱颜辞镜花辞树#设计美学##君墨签名设计# ​
Eternity-_,今天01:55,4,7,0,//weibo.com/3525283850/JE7AeuFwQ?refer_flag=1001030103_,【米兰记忆】🔴⚫️ 米兰传奇名宿内斯塔🇮🇹的防守艺术。#weareacmilan# LEternity-_的微博视频 ​
ba哥专用,今天01:56,233,733,0,//weibo.com/2057769762/JE7ARxa7P?refer_flag=1001030103_,郑爽的事情要画上句号了 ​
我是落生,今天02:10,22,78,0,//weibo.com/5822334131/JE7Ghe2Hc?refer_flag=1001030103_,封杀 ​
参考消息,今天01:52,28,51,0,//weibo.com/2375086267/JE7zcnpKy?refer_flag=1001030103_,#参考微评#【制裁美反华政客，就是要让他们感到痛！】北京时间1月21日凌晨，#外交部宣布制裁蓬佩奥等28人#。消息一出，国内社交媒体一片沸腾。中国网民之所以对这条消息“奔走相告”，是因为人们对蓬佩奥、纳瓦罗等美反华政客策划和推动实施的一系列疯狂行径早已“恨之入骨”，后者对华煽动仇恨和偏见 ​
央视新闻,今天01:06,2542,2843,0,//weibo.com/2656274875/JE7gsuT9R?refer_flag=1001030103_,【外交部发言人宣布：#中方对蓬佩奥等人实施制裁#】过去几年，美国一些反华政客出于一己政治私利和对华偏见仇恨，罔顾中美两国人民的利益，策划、推动实施了一系列疯狂的行径，严重干涉中国内政、损害了中国的利益、伤害了中国人民的感情，也严重破坏了中美关系。中国政府捍卫国家主权安全发展利益的决 ​
Houson猴姆,今天00:52,410,265,0,//weibo.com/1258256457/JE7aE4nXr?refer_flag=1001030103_,美国总统就职仪式上#Lady Gaga#献唱国歌大首播！#拜登正式宣誓就职美国第46任总统#   LHouson猴姆的微博视频 ​​​
你该美丽中带着刺,今天00:59,5070,1548,0,//weibo.com/6571295178/JE7dzajNq?refer_flag=1001030103_,#肖战蒙牛乳业品牌代言人# 恭喜肖战成为蒙牛乳业品牌代言人@蒙牛乳业 @牛蒙蒙官方微博 我可以再看亿遍2021年，大家都属牛！蒙牛代言人肖战那句“干杯”，元气满满，牛年旺旺！喝了蒙牛，我相信我一定可以跟着@X玖少年团肖战DAYTOY 一起向着光的方向携手向前！L蒙牛乳业的微博视频 ​​​
吃瓜群众CJ,今天00:55,1127,1413,0,//weibo.com/1885688010/JE7ccjEME?refer_flag=1001030103_,尘埃落定 ​
HeyWarWars,今天00:58,318,232,0,//weibo.com/3460516424/JE7dgfBpZ?refer_flag=1001030103_,Lady Gaga在#美国总统就职典礼# 献唱国歌！！！绝佳状态，端庄大气！来看完整视频！！ LHeyWarWars的微博视频 ​
凤凰王又又,今天02:01,35,44,0,//weibo.com/6498373231/JE7CR11Rs?refer_flag=1001030103_,在拜登就职前，特朗普和梅拉尼亚搭乘空军一号离开华盛顿。 L凤凰王又又的微博视频 ​
ba哥专用,今天01:56,233,728,0,//weibo.com/2057769762/JE7ARxa7P?refer_flag=1001030103_,郑爽的事情要画上句号了 ​
西雅图夏至,今天02:33,34,22,0,//weibo.com/1960116444/JE7PRt720?refer_flag=1001030103_,#美国生活# Sanders几十年如一日，坚持自己的理念，淡泊名利、不在乎表象、一点不装，参加总统就职典礼，穿得和平时一样，也不忙着和权贵们寒暄 - 佩服 ​
君墨签名设计,今天02:17,15,10,0,//weibo.com/7448525517/JE7Jle7XU?refer_flag=1001030103_,🌈🌈君墨签名设计｜最是人间留不住 朱颜辞镜花辞树#设计美学##君墨签名设计# ​
Eternity-_,今天01:55,4,7,0,//weibo.com/3525283850/JE7AeuFwQ?refer_flag=1001030103_,【米兰记忆】🔴⚫️ 米兰传奇名宿内斯塔🇮🇹的防守艺术。#weareacmilan# LEternity-_的微博视频 ​
Eternity-_,今天01:55,4,7,0,//weibo.com/3525283850/JE7AeuFwQ?refer_flag=1001030103_,【米兰记忆】🔴⚫️ 米兰传奇名宿内斯塔🇮🇹的防守艺术。#weareacmilan# LEternity-_的微博视频 ​
棉花糖和小金猪,今天01:59,24,99,0,//weibo.com/6537214948/JE7BOjedh?refer_flag=1001030103_,王巍巍：没收老鼠，都给我睡觉！ L棉花糖和小金猪的微博视频 ​
凤凰王又又,今天02:01,35,44,0,//weibo.com/6498373231/JE7CR11Rs?refer_flag=1001030103_,在拜登就职前，特朗普和梅拉尼亚搭乘空军一号离开华盛顿。 L凤凰王又又的微博视频 ​
君墨签名设计,今天02:17,15,10,0,//weibo.com/7448525517/JE7Jle7XU?refer_flag=1001030103_,🌈🌈君墨签名设计｜最是人间留不住 朱颜辞镜花辞树#设计美学##君墨签名设计# ​
芯如柠檬自然酸丶渣,今天02:11,3,27,0,//weibo.com/7217394115/JE7GXcKME?refer_flag=1001030103_,这样吧，为了让沐猴而冠的小丑们开心下，军管前、卅回来前我都不发微博了。也不回复。大家都歇会儿，耐心等候。相信我！川一定会赢的！大家回见 ​
纪春生在美国,今天01:50,32,14,0,//weibo.com/5662005485/JE7ypE8uB?refer_flag=1001030103_,拜登就职仪式演讲。 L纪春生在美国的微博视频 ​
我是落生,今天02:10,22,78,0,//weibo.com/5822334131/JE7Ghe2Hc?refer_flag=1001030103_,封杀 ​
Eternity-_,今天01:55,4,7,0,//weibo.com/3525283850/JE7AeuFwQ?refer_flag=1001030103_,【米兰记忆】🔴⚫️ 米兰传奇名宿内斯塔🇮🇹的防守艺术。#weareacmilan# LEternity-_的微博视频 ​
西雅图夏至,今天02:33,34,23,0,//weibo.com/1960116444/JE7PRt720?refer_flag=1001030103_,#美国生活# Sanders几十年如一日，坚持自己的理念，淡泊名利、不在乎表象、一点不装，参加总统就职典礼，穿得和平时一样，也不忙着和权贵们寒暄 - 佩服 ​
君墨签名设计,今天02:17,15,10,0,//weibo.com/7448525517/JE7Jle7XU?refer_flag=1001030103_,🌈🌈君墨签名设计｜最是人间留不住 朱颜辞镜花辞树#设计美学##君墨签名设计# ​
凤凰王又又,今天02:01,33,43,0,//weibo.com/6498373231/JE7CR11Rs?refer_flag=1001030103_,在拜登就职前，特朗普和梅拉尼亚搭乘空军一号离开华盛顿。 L凤凰王又又的微博视频 ​
参考消息,今天01:52,27,50,0,//weibo.com/2375086267/JE7zcnpKy?refer_flag=1001030103_,#参考微评#【制裁美反华政客，就是要让他们感到痛！】北京时间1月21日凌晨，#外交部宣布制裁蓬佩奥等28人#。消息一出，国内社交媒体一片沸腾。中国网民之所以对这条消息“奔走相告”，是因为人们对蓬佩奥、纳瓦罗等美反华政客策划和推动实施的一系列疯狂行径早已“恨之入骨”，后者对华煽动仇恨和偏见 ​
君墨签名设计,今天02:17,15,10,0,//weibo.com/7448525517/JE7Jle7XU?refer_flag=1001030103_,🌈🌈君墨签名设计｜最是人间留不住 朱颜辞镜花辞树#设计美学##君墨签名设计# ​
棉花糖和小金猪,今天01:59,24,98,0,//weibo.com/6537214948/JE7BOjedh?refer_flag=1001030103_,王巍巍：没收老鼠，都给我睡觉！ L棉花糖和小金猪的微博视频 ​
我是落生,今天02:10,22,75,0,//weibo.com/5822334131/JE7Ghe2Hc?refer_flag=1001030103_,封杀 ​
外交部发言人办公室,今天01:12,148,95,0,//weibo.com/7099422177/JE7iWt5D8?refer_flag=1001030103_,外交部发言人宣布中方对蓬佩奥等人实施制裁#跟我看外交# #与发言人相约蓝厅#  O外交部发言人宣布中方对蓬佩奥等人实施制裁 ​
央视新闻,今天01:06,2542,2843,0,//weibo.com/2656274875/JE7gsuT9R?refer_flag=1001030103_,【外交部发言人宣布：#中方对蓬佩奥等人实施制裁#】过去几年，美国一些反华政客出于一己政治私利和对华偏见仇恨，罔顾中美两国人民的利益，策划、推动实施了一系列疯狂的行径，严重干涉中国内政、损害了中国的利益、伤害了中国人民的感情，也严重破坏了中美关系。中国政府捍卫国家主权安全发展利益的决 ​
HeyWarWars,今天00:58,318,232,0,//weibo.com/3460516424/JE7dgfBpZ?refer_flag=1001030103_,Lady Gaga在#美国总统就职典礼# 献唱国歌！！！绝佳状态，端庄大气！来看完整视频！！ LHeyWarWars的微博视频 ​
回忆专用小马甲,今天01:23,568,1529,0,//weibo.com/3217179555/JE7ndfW9F?refer_flag=1001030103_,又见面了，各位睡不着的朋友们 ​
你该美丽中带着刺,今天00:59,5070,1548,0,//weibo.com/6571295178/JE7dzajNq?refer_flag=1001030103_,#肖战蒙牛乳业品牌代言人# 恭喜肖战成为蒙牛乳业品牌代言人@蒙牛乳业 @牛蒙蒙官方微博 我可以再看亿遍2021年，大家都属牛！蒙牛代言人肖战那句“干杯”，元气满满，牛年旺旺！喝了蒙牛，我相信我一定可以跟着@X玖少年团肖战DAYTOY 一起向着光的方向携手向前！L蒙牛乳业的微博视频 ​​​
王冰汝,今天00:59,207,165,0,//weibo.com/2174585797/JE7dQ3ahY?refer_flag=1001030103_,拜登宣誓就职，成为第46任美国总统。这本圣经是拜登家族从1893年就开始使用的。拜登50多年政治生涯的每一次宣誓就职也都是用的这本圣经。 L王冰汝的微博视频 ​
人民日报,今天01:20,213,466,0,//weibo.com/2803301701/JE7mab37F?refer_flag=1001030103_,【#拜登就任美国总统#】美国当选总统、民主党人拜登20日在美国首都华盛顿国会山举行的就职典礼上宣誓就任美国第46任总统。 ​
外交部发言人办公室,今天01:12,148,95,0,//weibo.com/7099422177/JE7iWt5D8?refer_flag=1001030103_,外交部发言人宣布中方对蓬佩奥等人实施制裁#跟我看外交# #与发言人相约蓝厅#  O外交部发言人宣布中方对蓬佩奥等人实施制裁 ​
回忆专用小马甲,今天01:23,568,1529,0,//weibo.com/3217179555/JE7ndfW9F?refer_flag=1001030103_,又见面了，各位睡不着的朋友们 ​
DC大叔,今天01:00,287,484,0,//weibo.com/2792589472/JE7dV09QZ?refer_flag=1001030103_,Lady Gaga最新现场来了！！！！！！！！！！这状态#最佳表演现场# Lady Gaga最新美国总统就职典礼献唱美国国歌 - LDC大叔的微博视频 ​
棉花糖和小金猪,今天01:59,24,99,0,//weibo.com/6537214948/JE7BOjedh?refer_flag=1001030103_,王巍巍：没收老鼠，都给我睡觉！ L棉花糖和小金猪的微博视频 ​
Eternity-_,今天01:55,4,7,0,//weibo.com/3525283850/JE7AeuFwQ?refer_flag=1001030103_,【米兰记忆】🔴⚫️ 米兰传奇名宿内斯塔🇮🇹的防守艺术。#weareacmilan# LEternity-_的微博视频 ​
我是落生,今天02:10,22,78,0,//weibo.com/5822334131/JE7Ghe2Hc?refer_flag=1001030103_,封杀 ​
参考消息,今天01:52,28,51,0,//weibo.com/2375086267/JE7zcnpKy?refer_flag=1001030103_,#参考微评#【制裁美反华政客，就是要让他们感到痛！】北京时间1月21日凌晨，#外交部宣布制裁蓬佩奥等28人#。消息一出，国内社交媒体一片沸腾。中国网民之所以对这条消息“奔走相告”，是因为人们对蓬佩奥、纳瓦罗等美反华政客策划和推动实施的一系列疯狂行径早已“恨之入骨”，后者对华煽动仇恨和偏见 ​
纪春生在美国,今天01:50,32,14,0,//weibo.com/5662005485/JE7ypE8uB?refer_flag=1001030103_,拜登就职仪式演讲。 L纪春生在美国的微博视频 ​
君墨签名设计,今天02:17,15,10,0,//weibo.com/7448525517/JE7Jle7XU?refer_flag=1001030103_,🌈🌈君墨签名设计｜最是人间留不住 朱颜辞镜花辞树#设计美学##君墨签名设计# ​
参考消息,今天01:52,28,51,0,//weibo.com/2375086267/JE7zcnpKy?refer_flag=1001030103_,#参考微评#【制裁美反华政客，就是要让他们感到痛！】北京时间1月21日凌晨，#外交部宣布制裁蓬佩奥等28人#。消息一出，国内社交媒体一片沸腾。中国网民之所以对这条消息“奔走相告”，是因为人们对蓬佩奥、纳瓦罗等美反华政客策划和推动实施的一系列疯狂行径早已“恨之入骨”，后者对华煽动仇恨和偏见 ​
纪春生在美国,今天01:50,32,14,0,//weibo.com/5662005485/JE7ypE8uB?refer_flag=1001030103_,拜登就职仪式演讲。 L纪春生在美国的微博视频 ​
凤凰王又又,今天02:01,35,44,0,//weibo.com/6498373231/JE7CR11Rs?refer_flag=1001030103_,在拜登就职前，特朗普和梅拉尼亚搭乘空军一号离开华盛顿。 L凤凰王又又的微博视频 ​
ba哥专用,今天01:56,233,733,0,//weibo.com/2057769762/JE7ARxa7P?refer_flag=1001030103_,郑爽的事情要画上句号了 ​
我是落生,今天02:10,22,74,0,//weibo.com/5822334131/JE7Ghe2Hc?refer_flag=1001030103_,封杀 ​
ba哥专用,今天01:56,232,713,0,//weibo.com/2057769762/JE7ARxa7P?refer_flag=1001030103_,郑爽的事情要画上句号了 ​
棉花糖和小金猪,今天01:59,24,98,0,//weibo.com/6537214948/JE7BOjedh?refer_flag=1001030103_,王巍巍：没收老鼠，都给我睡觉！ L棉花糖和小金猪的微博视频 ​
Eternity-_,今天01:55,4,7,0,//weibo.com/3525283850/JE7AeuFwQ?refer_flag=1001030103_,【米兰记忆】🔴⚫️ 米兰传奇名宿内斯塔🇮🇹的防守艺术。#weareacmilan# LEternity-_的微博视频 ​
芯如柠檬自然酸丶渣,今天02:11,2,26,0,//weibo.com/7217394115/JE7GXcKME?refer_flag=1001030103_,这样吧，为了让沐猴而冠的小丑们开心下，军管前、卅回来前我都不发微博了。也不回复。大家都歇会儿，耐心等候。相信我！川一定会赢的！大家回见 ​
芯如柠檬自然酸丶渣,今天02:11,3,27,0,//weibo.com/7217394115/JE7GXcKME?refer_flag=1001030103_,这样吧，为了让沐猴而冠的小丑们开心下，军管前、卅回来前我都不发微博了。也不回复。大家都歇会儿，耐心等候。相信我！川一定会赢的！大家回见 ​
纪春生在美国,今天01:50,32,14,0,//weibo.com/5662005485/JE7ypE8uB?refer_flag=1001030103_,拜登就职仪式演讲。 L纪春生在美国的微博视频 ​
参考消息,今天01:52,28,51,0,//weibo.com/2375086267/JE7zcnpKy?refer_flag=1001030103_,#参考微评#【制裁美反华政客，就是要让他们感到痛！】北京时间1月21日凌晨，#外交部宣布制裁蓬佩奥等28人#。消息一出，国内社交媒体一片沸腾。中国网民之所以对这条消息“奔走相告”，是因为人们对蓬佩奥、纳瓦罗等美反华政客策划和推动实施的一系列疯狂行径早已“恨之入骨”，后者对华煽动仇恨和偏见 ​
凤凰王又又,今天02:01,35,44,0,//weibo.com/6498373231/JE7CR11Rs?refer_flag=1001030103_,在拜登就职前，特朗普和梅拉尼亚搭乘空军一号离开华盛顿。 L凤凰王又又的微博视频 ​
棉花糖和小金猪,今天01:59,24,99,0,//weibo.com/6537214948/JE7BOjedh?refer_flag=1001030103_,王巍巍：没收老鼠，都给我睡觉！ L棉花糖和小金猪的微博视频 ​
Eternity-_,今天01:55,4,7,0,//weibo.com/3525283850/JE7AeuFwQ?refer_flag=1001030103_,【米兰记忆】🔴⚫️ 米兰传奇名宿内斯塔🇮🇹的防守艺术。#weareacmilan# LEternity-_的微博视频 ​
ba哥专用,今天01:56,232,713,0,//weibo.com/2057769762/JE7ARxa7P?refer_flag=1001030103_,郑爽的事情要画上句号了 ​
凤凰王又又,今天02:01,33,42,0,//weibo.com/6498373231/JE7CR11Rs?refer_flag=1001030103_,在拜登就职前，特朗普和梅拉尼亚搭乘空军一号离开华盛顿。 L凤凰王又又的微博视频 ​
我是落生,今天02:10,22,74,0,//weibo.com/5822334131/JE7Ghe2Hc?refer_flag=1001030103_,封杀 ​
西雅图夏至,今天02:33,34,22,0,//weibo.com/1960116444/JE7PRt720?refer_flag=1001030103_,#美国生活# Sanders几十年如一日，坚持自己的理念，淡泊名利、不在乎表象、一点不装，参加总统就职典礼，穿得和平时一样，也不忙着和权贵们寒暄 - 佩服 ​
回忆专用小马甲,今天01:23,568,1529,0,//weibo.com/3217179555/JE7ndfW9F?refer_flag=1001030103_,又见面了，各位睡不着的朋友们 ​
HeyWarWars,今天00:58,318,232,0,//weibo.com/3460516424/JE7dgfBpZ?refer_flag=1001030103_,Lady Gaga在#美国总统就职典礼# 献唱国歌！！！绝佳状态，端庄大气！来看完整视频！！ LHeyWarWars的微博视频 ​
你该美丽中带着刺,今天00:59,5070,1548,0,//weibo.com/6571295178/JE7dzajNq?refer_flag=1001030103_,#肖战蒙牛乳业品牌代言人# 恭喜肖战成为蒙牛乳业品牌代言人@蒙牛乳业 @牛蒙蒙官方微博 我可以再看亿遍2021年，大家都属牛！蒙牛代言人肖战那句“干杯”，元气满满，牛年旺旺！喝了蒙牛，我相信我一定可以跟着@X玖少年团肖战DAYTOY 一起向着光的方向携手向前！L蒙牛乳业的微博视频 ​​​
央视新闻,今天01:06,2542,2843,0,//weibo.com/2656274875/JE7gsuT9R?refer_flag=1001030103_,【外交部发言人宣布：#中方对蓬佩奥等人实施制裁#】过去几年，美国一些反华政客出于一己政治私利和对华偏见仇恨，罔顾中美两国人民的利益，策划、推动实施了一系列疯狂的行径，严重干涉中国内政、损害了中国的利益、伤害了中国人民的感情，也严重破坏了中美关系。中国政府捍卫国家主权安全发展利益的决 ​
外交部发言人办公室,今天01:12,148,95,0,//weibo.com/7099422177/JE7iWt5D8?refer_flag=1001030103_,外交部发言人宣布中方对蓬佩奥等人实施制裁#跟我看外交# #与发言人相约蓝厅#  O外交部发言人宣布中方对蓬佩奥等人实施制裁 ​
芯如柠檬自然酸丶渣,今天02:11,3,27,0,//weibo.com/7217394115/JE7GXcKME?refer_flag=1001030103_,这样吧，为了让沐猴而冠的小丑们开心下，军管前、卅回来前我都不发微博了。也不回复。大家都歇会儿，耐心等候。相信我！川一定会赢的！大家回见 ​
ba哥专用,今天01:56,233,721,0,//weibo.com/2057769762/JE7ARxa7P?refer_flag=1001030103_,郑爽的事情要画上句号了 ​
参考消息,今天01:52,27,50,0,//weibo.com/2375086267/JE7zcnpKy?refer_flag=1001030103_,#参考微评#【制裁美反华政客，就是要让他们感到痛！】北京时间1月21日凌晨，#外交部宣布制裁蓬佩奥等28人#。消息一出，国内社交媒体一片沸腾。中国网民之所以对这条消息“奔走相告”，是因为人们对蓬佩奥、纳瓦罗等美反华政客策划和推动实施的一系列疯狂行径早已“恨之入骨”，后者对华煽动仇恨和偏见 ​
君墨签名设计,今天02:17,15,10,0,//weibo.com/7448525517/JE7Jle7XU?refer_flag=1001030103_,🌈🌈君墨签名设计｜最是人间留不住 朱颜辞镜花辞树#设计美学##君墨签名设计# ​
凤凰王又又,今天02:01,33,43,0,//weibo.com/6498373231/JE7CR11Rs?refer_flag=1001030103_,在拜登就职前，特朗普和梅拉尼亚搭乘空军一号离开华盛顿。 L凤凰王又又的微博视频 ​
我是落生,今天02:10,22,76,0,//weibo.com/5822334131/JE7Ghe2Hc?refer_flag=1001030103_,封杀 ​
西雅图夏至,今天02:33,34,22,0,//weibo.com/1960116444/JE7PRt720?refer_flag=1001030103_,#美国生活# Sanders几十年如一日，坚持自己的理念，淡泊名利、不在乎表象、一点不装，参加总统就职典礼，穿得和平时一样，也不忙着和权贵们寒暄 - 佩服 ​
ba哥专用,今天01:56,233,728,0,//weibo.com/2057769762/JE7ARxa7P?refer_flag=1001030103_,郑爽的事情要画上句号了 ​
棉花糖和小金猪,今天01:59,24,98,0,//weibo.com/6537214948/JE7BOjedh?refer_flag=1001030103_,王巍巍：没收老鼠，都给我睡觉！ L棉花糖和小金猪的微博视频 ​
芯如柠檬自然酸丶渣,今天02:11,3,27,0,//weibo.com/7217394115/JE7GXcKME?refer_flag=1001030103_,这样吧，为了让沐猴而冠的小丑们开心下，军管前、卅回来前我都不发微博了。也不回复。大家都歇会儿，耐心等候。相信我！川一定会赢的！大家回见 ​
棉花糖和小金猪,今天01:59,24,99,0,//weibo.com/6537214948/JE7BOjedh?refer_flag=1001030103_,王巍巍：没收老鼠，都给我睡觉！ L棉花糖和小金猪的微博视频 ​
纪春生在美国,今天01:50,32,14,0,//weibo.com/5662005485/JE7ypE8uB?refer_flag=1001030103_,拜登就职仪式演讲。 L纪春生在美国的微博视频 ​
ba哥专用,今天01:56,233,733,0,//weibo.com/2057769762/JE7ARxa7P?refer_flag=1001030103_,郑爽的事情要画上句号了 ​
参考消息,今天01:52,28,51,0,//weibo.com/2375086267/JE7zcnpKy?refer_flag=1001030103_,#参考微评#【制裁美反华政客，就是要让他们感到痛！】北京时间1月21日凌晨，#外交部宣布制裁蓬佩奥等28人#。消息一出，国内社交媒体一片沸腾。中国网民之所以对这条消息“奔走相告”，是因为人们对蓬佩奥、纳瓦罗等美反华政客策划和推动实施的一系列疯狂行径早已“恨之入骨”，后者对华煽动仇恨和偏见 ​
Eternity-_,今天01:55,4,7,0,//weibo.com/3525283850/JE7AeuFwQ?refer_flag=1001030103_,【米兰记忆】🔴⚫️ 米兰传奇名宿内斯塔🇮🇹的防守艺术。#weareacmilan# LEternity-_的微博视频 ​
