Szl_不懂,2020年01月31日,0,0,0,//weibo.com/3973376967/Is5bc6yDP?refer_flag=1001030103_,//@沈放fun:捐给湖北的物资究竟是怎么分配的？为什么仍然物资紧缺？？紧缺到向社会求助！我们老百姓就能买到这些物资吗？我连基本的口罩酒精消毒水都买不到了，怎么捐物资？捐钱该捐给谁？红十字究竟可靠吗？一线医护人员到底安不安全？这些问题请湖北省政府出来回应一下。
樱桃酥酥酱,2020年01月31日,0,0,0,//weibo.com/6668815572/Is5bc3vff?refer_flag=1001030103_,//@芸豆和雨豆:…这还不如戴个橘子皮呢//@魔术牙医徐勇刚：我说的是厂商，这是协会收到货后拍的视频要求退货，大家看清楚！
于我所欲也_,2020年01月31日,0,0,0,//weibo.com/5881118931/Is5bc3vg9?refer_flag=1001030103_,//@于朦胧:#爱心守望 众志成城# 佩戴口罩、勤洗手、少出门、避免聚会。众志成城，共渡难关，湖北加油！中国加油！//@电视剧两世欢:#电视剧两世欢# 众志成城，共度难关，武汉加油！！@于朦胧
羁林恋鸟_,2020年01月31日,0,0,0,//weibo.com/2103135424/Is5bc3y2f?refer_flag=1001030103_,//@泼墨而去:中医戴什么口罩啊，华佗扁鹊就没戴过
顾萧_phd,2020年01月31日,0,0,0,//weibo.com/7280665168/Is5bc4uKY?refer_flag=1001030103_,//@小俊的甜奶盖- ://@王俊凯的草帽海贼团 :#跟着王俊凯益起来# 王俊凯出门务必戴好口罩，保护自己，保护别人，勤洗手，少出门。#心引力##流星-TFBOYS-王俊凯#@TFBOYS-王俊凯
LAND·CRUISER,2020年01月31日,2,4,0,//weibo.com/6001215066/Is5bc5s5l?refer_flag=1001030103_,#武汉协和医院西院辟谣##湖北红十字会回应口罩捐赠质疑# 广大网友对我们大湖北的🐴 sj评价还是比较高的，意见出奇的统一。 ​
夕阳西下老馍馍,2020年01月31日,0,0,0,//weibo.com/6506826727/Is5bc5tkx?refer_flag=1001030103_,//@Odette_sun:“你们获得湖北省红十字会拨发1.6W个口罩（后改为1.8万只），定向捐赠，捐赠方北京森根比亚生物技术有限公司，和武汉仁爱医院背后就是同一个老板。” 相当于把钱和物资从左口袋挪到右口袋，自己捐给自己，同时骗到捐赠发票避税。 同时还违反了《慈善法》第四十条
谨慎女孩曲可乐,2020年01月31日,0,0,0,//weibo.com/3509269475/Is5bc5tYN?refer_flag=1001030103_,//@么要快乐:汉语真的博大精深//@Tiger公子://@二级大脑正在工作://@空调今天吃点什么呢 :好优美的中国话//@T2o_ :查了一下……这个医院全院只有125个床位、拿1.6W个口罩的布料给全院所有工作人员每人缝一套寿衣都绰绰有余诶……
tacotuesdayyy,2020年01月31日,0,0,0,//weibo.com/6333449273/Is5bc5tLM?refer_flag=1001030103_,紧缺的口罩让莆田系医院如此滥用，一线的医生却在自制口罩，都让你们给霍霍了
快乐秋天09,2020年01月31日,0,0,0,//weibo.com/1435553493/Is5bbtNaV?refer_flag=1001030103_,//@Zealley://@罗永浩:转发微博
橙色加特林,2020年01月31日,0,0,0,//weibo.com/6604793721/Is5bbrOs8?refer_flag=1001030103_,//@智取莲心 :武汉加油 记得戴口罩
小雅更新,2020年01月31日,0,0,0,//weibo.com/5821492340/Is5bbrOTA?refer_flag=1001030103_,c//@小雅更新:#抗击新型肺炎我们在行动##全民口罩行动#张艺兴为前线医护人员点赞 为各地支援队伍点赞 这个春节我们一起响应号召 勤洗手少出门 戴口罩 保护自己也对他人负责@努力努力再努力x
四个点小能,2020年01月31日,0,0,0,//weibo.com/3191862210/Is5bbrQZ9?refer_flag=1001030103_,wc了//@Odette_sun:“你们获得湖北省红十字会拨发1.6W个口罩（后改为1.8万只），定向捐赠，捐赠方北京森根比亚生物技术有限公司，和武汉仁爱医院背后就是同一个老板。” 相当于把钱和物资从左口袋挪到右口袋，自己捐给自己，同时骗到捐赠发票避税。 同时还违反了《慈善法》第四十条
任性的大脑壳,2020年01月31日,0,0,0,//weibo.com/6315157770/Is5bbsLDA?refer_flag=1001030103_,//@任性的郑三岁:郑爽zs #郑爽# 平时尽量待在家，出门一定戴口罩，保护好自己愿早日战胜疫情
達奇鴨,2020年01月31日,0,0,0,//weibo.com/3476622610/Is5bbsLXt?refer_flag=1001030103_,//@若惜蓝: //@眼儿媚滴春 :感谢！//@JoannaBlue :请浙江再次做出表率，尽快将50万只口罩发放到医院一线岗位上。等着看。//@lhm201汩汩_SnowKing : 浙江加油//@x西陆x ://@重工组长于彦舒 :浙江加油！
qabmadmagm,2020年01月31日,0,2,0,//weibo.com/1738997287/Is5bbdcoU?refer_flag=1001030103_,在家我妈问我有什么想吃的，只要我说出来她就会想尽办法给我买。今天给塞口罩时我们就像亲戚间送礼时一样推搡半天，我不要那么多，她觉得不够偏要塞给我，她和爸爸就留得很少。我说不要这么多，给妹妹也没这么多，她说妹妹有男朋友会自制口罩，我没有男朋友。初一给了我一个红包之后，觉得我给她的红包太多了，初四又给我和我妹各塞一个红包，我的厚一点，因为我是大的。明天我要坐车回公司，今天一早送走我妹后，妈妈就躺进了我被窝，要和我聊天，又叮嘱我自己一个人在外面要照顾好自己。又是催我收拾行李，又催我早点睡，又去翻箱倒柜找她的衣服。因为我穿她的某件衣服时，觉得好看，提了一下，她就想给我了。今天煮了我爱吃的木薯甜薯，又问我吃不吃樱桃(我很喜欢)，问也是白问，她已经决定要给我买樱桃了。没樱桃了，买回了两盒奶油草莓。我说好吃，她说自己买少了。晚上吃完晚饭，草莓又多了起来，原来妈妈又去买了。我妈越疼我，我就越担心自己有什么三长两短。上班后这gongsi的做法让我感到恶心、绝望，经常不开心，觉得抑郁。我妈这么爱护的儿女，在外面其实很脆弱，是gongsi无视的生命，是一个被隐瞒的数据，是庞大tizhi下的蚁民而已。我妈对我付出太多了，我甚至觉得自己不值得那么多的爱护，我怕这些爱护都被这个世道毁了，就像一个人珍藏爱惜了很久的玉石被人轻易抢过去打碎一样。 
田雄壮的话筒架,2020年01月31日,0,0,0,//weibo.com/3787856854/Is5bba9fV?refer_flag=1001030103_,//@妳今天真好看://@哈哈哈你个呵呵呵: 先不说送给超市是真是假，即使是真的，协和医院一线医护人员急需，他这拿着口罩当人情 //@发芽儿的小仙: 一线战斗人员没口罩 结果去给超市下发
深不了情,2020年01月31日,1,0,0,//weibo.com/5057191816/Is5bba9DS?refer_flag=1001030103_,按照目前的产量和供需关系，口罩最快也要2月底才能供需平衡，下周口罩概念股大概率上扬。 ​
周不熬,2020年01月31日,1,22,0,//weibo.com/3276078032/Is5bbaawJ?refer_flag=1001030103_,许魏洲 @许魏洲ZZ 又会唱歌又会拉丁还有长腿这样的许魏洲谁不爱在不能出门的这段时间，就欣赏美颜吧不过记得要勤洗手带好口罩！本视频由许魏洲的杂志拍摄截取作为安利向，也是心动向Bgm：Marian Hill——Lovit 如侵删 禁二改二传#许魏洲##许魏洲 爱我就好好走路#  ​  展开全文c
Renee_金金金,2020年01月31日,0,0,0,//weibo.com/1738450035/Is5bbb7D6?refer_flag=1001030103_,//@疯狂扑腾的小鸟:《中国人民共和国公益事业慈善法》《基金会管理条例》相关法律法规规定：使用捐赠物资时要求按民政部门规定的统计标准进行统计，并接受审查和监督。烦请武汉仁爱医院，出示受赠人的签字，发放口罩的现场照片，使用登记台账等记录。//@第一次见:红会发给你然后你发社区？？？
雨淋淋yoo,2020年01月31日,0,0,0,//weibo.com/2332697464/Is5bbb98s?refer_flag=1001030103_,原来经常戴口罩的我，口罩都带错了
钱树云,2020年01月31日,62,51,0,//weibo.com/1078448450/Is5bbc7gk?refer_flag=1001030103_,【论扫黑除恶的重要性】x会为什么会有这么大的底气？到底有什么样的背景？为何能如此嚣张？转自@北京人不知道的北京事儿 据说是武汉协和医院的医护人员因为“绕过”了X会，直接在网上求助网友捐赠，惹怒了它们，被罚在领用物资的现场像“要饭一样”站在外面，不给任何东西。协和医生：“我们都是协 ​  展开全文c
whiteforce1,2020年01月31日,0,0,0,//weibo.com/5106197609/Is5bbc7Ao?refer_flag=1001030103_,这几个憨批//@林熊猫:难过。。。//@谷大白话:哎//@同道大叔:我tm啊眼泪一下子就出来了也感谢这个小哥给了老奶奶口罩啊
正宗麒麟瓜,2020年01月31日,0,0,0,//weibo.com/5483444614/Is5bbegeQ?refer_flag=1001030103_,气死了气死了！祝这些人都得不治之症！//@我是肥志:医生们带着普通口罩！！！！他们反而带N95！！！？？？
打工的快乐无法想象,2020年01月31日,0,0,0,//weibo.com/5605346838/Is5bayrUf?refer_flag=1001030103_,现实总比小说更魔幻，更戏剧#湖北省红十字会口罩使用情况更正说明# ​
冰激淋小姐姐,2020年01月31日,0,0,0,//weibo.com/2030745817/Is5baBweH?refer_flag=1001030103_,//@五行属二:红十字，睁大你的狗眼看看//@纯良英俊的笑了笑:绝了真绝//@糊糊不是FUFU:红会带着N95，医生带着普通口罩，哈。//@然后下面就没了://@M大王叫我来巡山:这个也解释解释呢这个点让一线医生百忙中过来领就够离谱了
任性的大脑壳,2020年01月31日,0,0,0,//weibo.com/6315157770/Is5bagL9Y?refer_flag=1001030103_,8X//@任性的郑三岁:郑爽zs #郑爽# 平时尽量待在家，出门一定戴口罩，保护好自己愿早日战胜疫情
lant365冫,2020年01月31日,0,0,0,//weibo.com/2022900071/Is5bagMQk?refer_flag=1001030103_,所以口罩呢？？
机智的烤肉酱,2020年01月31日,0,0,0,//weibo.com/2015709993/Is5baiQ8b?refer_flag=1001030103_,//@追剧酱·://@平独镇露小肥皂:医生带着普通一次性口罩，红会带着N95
来两串鱿鱼lynn,2020年01月31日,0,0,0,//weibo.com/2558670945/Is5baiQAA?refer_flag=1001030103_,太魔幻了
坡坡上的小小酥,2020年01月31日,0,0,0,//weibo.com/3488877732/Is5bajN8h?refer_flag=1001030103_,卧槽！！！我怒了！！怪不得物资总是不够用！就是这么被你们浪费的吗！！不知道前线急！需！吗！你们还尚未接诊拿这么多！！是整条社区超市(大写的)都是发烧病人了？还是有你们医生有接到感染病人了？？前线医生真的是拿自己的命和病毒在肉搏啊....我打字都在颤抖！！事情都是这么办的吗？太让人绝望了
瞬间触到幸福,2020年01月31日,0,0,0,//weibo.com/1883820235/Is5ba1cxk?refer_flag=1001030103_,//@迟夙生律师://@任仁雄:“N95口罩一个6美金”！大多数地方都没货。🙏
向kyu_Lyugi,2020年01月31日,0,0,0,//weibo.com/2025522953/Is5ba1aoD?refer_flag=1001030103_,我看他们都四个一起带//@XINLION馨:@向kyu_Lyugi 跟你的有一拼
遇见谁的未来,2020年01月31日,0,0,0,//weibo.com/2166071265/Is5ba1asM?refer_flag=1001030103_,#仁爱医院院长回应口罩使用情况#捐赠的口罩是给一线医护人员的！都不收治病人的医院有什么资格获得免费的捐赠！中央是不是该给人民群众一个回答！！！ ​
孤独的优惠美食嘉,2020年01月31日,2,4,0,//weibo.com/1759362205/Is5ba1aEq?refer_flag=1001030103_,#广州预约买口罩#究竟是为什么叫人不要出门又聚众领口罩然后领五个要亏一个，万一排队超过4小时，反而被感染了怎么办？@广州市政府新闻办 @广州政府法制 @广州天河发布 @广州日报 2广州 ​
有点心动喔,2020年01月31日,1,5,0,//weibo.com/7344158475/Is5ba1aRd?refer_flag=1001030103_,我真的见不得老人因为国难或者生活受一点委屈的新闻 我觉得很难受 包括中年人为了家庭生计所奔波吃冰冷的馒头这种新闻我看了心里特别不得劲  怎么说呢 他们不给别人添麻烦 就算买不到口罩也会自己用橘子皮做 甚至还用辛苦养老钱捐给红十字会 但是生活却不停的给他们制造麻烦 他们可能攒了几年省吃俭用的钱并没有用到该用的地方 这 太让人心寒了 
拍拍土and爬起来,2020年01月31日,0,8,0,//weibo.com/1936074424/Is5ba1cA3?refer_flag=1001030103_,#兔包叽的日常# 大圣在出门前因为乱吃东西又吐了异物，气死。然后我就给他带上了口罩，一路折腾，口罩到嘴中间卡着了。大圣真是宠溺小妹，明明是最讨厌的梳毛，到小妹这就满脸享受今天武汉集体出院20个人，感觉曙光快了 ​
凯boss的秘密花园,2020年01月31日,0,0,0,//weibo.com/7341156312/Is5ba3e7h?refer_flag=1001030103_,💙💙//@森林里的蔷薇花:1.31//@王俊凯的高三美蟹:#跟着王俊凯益起来# 王俊凯  出门务必戴好口罩，保护自己，保护别人，勤洗手，少出门。#心引力# #流星-TFBOYS-王俊凯# @TFBOYS-王俊凯
朝闻道足矣,2020年01月31日,0,0,0,//weibo.com/6808995743/Is5ba3dkO?refer_flag=1001030103_,说到发国难财没有谁能比红十字会做得到位。捐款还要收取管理费，多少个点？(1亿抽走1000万，25亿抽走2.5亿自己荷包)拨款回执单错别字，能不能要点脸，不要ps。还好意思解释？口罩1.8万个给做人流的莆田，3000个给协和，领导也能签字同意？ 2黄冈 ​
做人要goodness,2020年01月31日,0,0,0,//weibo.com/6537676012/Is5ba29eM?refer_flag=1001030103_,//@夏夜最美的风景:赵丽颖 #抗击新型肺炎我们在行动##全民口罩行动# 好的听宝贝@赵丽颖 的话，我们共同努力，加油
仙人掌青橘水,2020年01月31日,0,0,0,//weibo.com/2800340563/Is5ba28QB?refer_flag=1001030103_,。。。。。//@花泽美美:官僚主义害死人//@纯良英俊的笑了笑:绝了真绝//@糊糊不是FUFU:红会带着N95，医生带着普通口罩，哈。//@然后下面就没了://@M大王叫我来巡山:这个也解释解释呢这个点让一线医生百忙中过来领就够离谱了
Ribbit233,2020年01月31日,1,0,0,//weibo.com/2794032905/Is5b9psev?refer_flag=1001030103_,//@BaRana://@豢龙有道:一线医生戴五毛钱的普通一次性医用口罩，新闻天天呼吁不接触病患的人不要用N95，普通医用口罩只要没坏就酒精擦擦继续用，然后莆田医院戴着N95去社区送中药汤。
生活就是堆破烂,2020年01月31日,0,0,0,//weibo.com/2617002183/Is5b9puqd?refer_flag=1001030103_,#仁爱医院院长回应口罩使用情况#需要口罩没有优先级？你需要全国人民谁不需要？一线的医生都用垃圾袋防护了，你们TM连发热门诊都没有，好意思说？最无耻的就是这句发给附近商超和居民，拿着大家捐出来的救灾物资，你们在这做TM好人，要点脸吧！
思春期的梦中情妹,2020年01月31日,0,0,0,//weibo.com/5172449323/Is5b9puF9?refer_flag=1001030103_,//@羅華成楽Dsarl://@鸠也子:现在送口罩的难度堪比送白粉//@白金乐一:突破黑洞！//@特别清纯的一三三://@碎碎九十三 ://@在下翩竹 :民间支援被逼得连空投都搞出来了，武汉位面黑洞真牛逼！//@一玶海岸 : 直升机直接从杭州飞武汉？这次浙江人真牛大发了，请注意安全。还有浙江现在病例也很多
龙头股票收藏家宋红濮,2020年01月31日,0,0,0,//weibo.com/1409536063/Is5b9puY5?refer_flag=1001030103_,武汉市委书记喊物救灾质缺，消耗量大，这么多天了，全世界救灾物质源源不断送到湖北，送到武汉，全国都供不起一个武汉，红十字真厉害。莆田系的仁爱医院不参加收发热病人，收了那么多口罩干嘛用？ ​
茶酒有你,2020年01月31日,0,0,0,//weibo.com/7313564915/Is5b9qqRU?refer_flag=1001030103_,//@肖思博:赞//@乳酪奶油://@DustSettles_://@大头酱i:哎//@壳内张曼玉:有点想哭...//@河广否:
忆梅下西洲,2020年01月31日,0,0,0,//weibo.com/1671524931/Is5b9qrgd?refer_flag=1001030103_,烂透了，官僚主义，横行霸道！用他们的人更坏！//@喵寨小花猫://@我是肥志: 医生们带着普通口罩！！！！他们反而带N95！！！？？？
周PP-,2020年01月31日,0,0,0,//weibo.com/1073742514/Is5b9qsio?refer_flag=1001030103_,//@沐非://@幸运的小五在上海:这个不是捐赠，武汉的顺丰在做什么?//@SHI清濑栗子:是要把口罩等物资带到棺材里嘛//@恋惨群众:？//@可尔必思喝完了:到底它红会凭什么能截快递啊？//@不倒翁聪聪:这是人能干的事情吗？//@阿青在干啥呀:呵呵有趣//@坐地废话八万句: ..... 寄给个人的截下来 这什么权力
在鸭忱忱-,2020年01月31日,0,0,0,//weibo.com/3198201817/Is5b9ruJJ?refer_flag=1001030103_,//@一颗阿仙仙仙://@沈精兮兮: 心疼，心疼之余我还是担心有很多老年人因为没戴口罩而加大感染的风险。老年人本来基础病就多，加上感染后对身体的伤害更大！我宁愿我们年轻人少用一个，都不想他们因为买不到口罩而忧心。
融秀洁85033,2020年01月31日,0,0,0,//weibo.com/7362379447/Is5b9rvmb?refer_flag=1001030103_,//@Pig_spirit://@王俊凯的凯喵战队:#跟着王俊凯益起来# 王俊凯  出门务必戴好口罩，保护自己，保护别人，勤洗手，少出门。#心引力# #流星-TFBOYS-王俊凯# @TFBOYS-王俊凯
今天也想变富婆,2020年01月31日,0,0,0,//weibo.com/2231488170/Is5b96PnQ?refer_flag=1001030103_,//@一那伽一豆丁酱://@纹银-Ming:我以前一直以为做坏事是要偷偷来的 不知道全国的眼睛盯着看也能行的通？//@汪海林:光怪陆离//@宋方金:转发微博
小雅更新,2020年01月31日,0,0,0,//weibo.com/5821492340/Is5b96Nne?refer_flag=1001030103_,d//@小雅更新:#抗击新型肺炎我们在行动##全民口罩行动#张艺兴为前线医护人员点赞 为各地支援队伍点赞 这个春节我们一起响应号召 勤洗手少出门 戴口罩 保护自己也对他人负责@努力努力再努力x
万宁交警,2020年01月31日,4,1,0,//weibo.com/3345615574/Is5b96MGl?refer_flag=1001030103_,《万宁公安交警关于疫情防控期间暂停相关交通管理业务的通告》#抗击新型肺炎我们在行动# @海南省交警总队 @万宁市广播电视台 @万宁发布 广大车主、驾驶人、考生：    根据省政府关于启突发公共卫生事件一级响应的决定、省公安厅交警总队部署以及我市《关于全面落实突发公共卫生事件一级响应的通告》，按照上级指示精神，做好新型冠状病毒的肺炎疫情防控，避免人员大量聚集导致的传染风险，确保广大车主、驾驶人和考生的生命安全，自2020年2月1日起，暂停全市车驾管及交通违法处理窗口业务办理，具体安排如下：一、暂停车管所业务大厅、登记服务站、警邮代办点等对外服务窗口。二、暂停全市机动车驾驶人考试工作（包括科目一、科目二、科目三和科目三安全文明驾驶常识考试，对学习驾驶证明临界到期的考生，将由驾校汇总后报市车管所，同时保持电话畅通，车管所将与您联系，并妥善处理因疫情造成到期问题）。三、暂停全市范围内驾驶人审验、满分学习教育以及考试业务，已成功预约的驾驶人，请保持通讯畅通，车管所将以短信告知。四、暂停全市范围内交通违法处理窗口业务。五、恢复以上业务的时间将另行通知。温馨提示：近期需要办理补换证、六年免检等车驾管业务及交通违法处理的车主和驾驶人，可登陆交管12123APP网上办理或者使用交通安全综合服务管理平台（O网页链接）。     给您带来的不便深表歉意，感谢您的理解和支持。在此，万宁交警提醒您和您的家人尽量避免去人员密集场所，正确佩戴口罩、勤洗手，做好病毒防护工作。           万宁市公安局交通管理大队                  2 020年1月30日 2万宁 2万宁 2万宁 
七绘想做自己喜欢的事,2020年01月31日,0,0,0,//weibo.com/3271288750/Is5b97QVs?refer_flag=1001030103_,啊艹这还是人吗//@老年狗粮明教:真红十字//@病入腠理:与此同时，武汉仁慈医院在社区派发n95口罩，刚收到的1.8万个n95已经用掉1.2万个了.
今日女报,2020年01月31日,0,0,0,//weibo.com/1297954675/Is5b97Qh0?refer_flag=1001030103_,#矢野浩二捐赠13万个口罩#他发微博说：小小的力量希望一线的医护人员们保护好自己，去帮助更多的患者。我和#belulu# 一起打包这13万个口罩送给中国 #武汉# 有需要的朋友。希望大家都健康平安。 ​
bypb55528,2020年01月31日,0,0,0,//weibo.com/7195479837/Is5b99SP1?refer_flag=1001030103_,#仁爱医院院长回应口罩使用情况#急需物资的协和医院才分到3000口罩，红会到底是干啥吃的？哪些物资是定点捐赠，红会是如何分配物资的，要求公开，透明，公开透明！！！！ ​
请叫俺壁纸君,2020年01月31日,0,0,0,//weibo.com/7322845299/Is5b99PIN?refer_flag=1001030103_,全时不时看看还有谁没有戴口罩的#表情包##沙雕##新型冠状病毒##怎么劝说父母戴口罩# ​​​#斗图必备表情包# ​
墙上春秋2008,2020年01月31日,0,0,0,//weibo.com/1821759002/Is5b98Nva?refer_flag=1001030103_,//@袁启聪: 排到去大南路，旺过花市，损失一个口罩买回来5个，还要和成千上万人接触，各位街坊，无数围啊//@tony6767:图片评论  评论配图
郑州赛德口腔郑运通医生,2020年01月31日,0,0,0,//weibo.com/2617288703/Is5b98NgW?refer_flag=1001030103_,一线都没有用的了，你还发放口罩合适吗！好刚用在刀刃上
挚爱李治廷,2020年01月31日,0,0,0,//weibo.com/5681670359/Is5b8v7Sh?refer_flag=1001030103_,#全民口罩行动# 这场疫情我们一定会赢你也要好好保护自己喔@李治廷 #抗击新型肺炎我们在行动# 评论配图
精分的锐锐,2020年01月31日,0,0,0,//weibo.com/1722810187/Is5b8w6F5?refer_flag=1001030103_,追剧都追到吐了//@李易峰:#防控疫情我们在一起#听话 戴口罩
pigge废物想变强,2020年01月31日,0,0,0,//weibo.com/2021099447/Is5b8w8BF?refer_flag=1001030103_,//@纯洁白果酱://@卡婶婶: 所以那种只能通过下app预约和摇号这一途径获得口罩的，有没有考虑过老人怎么办otz//@_落雨_://@安西千岁:这才是真实的
田雄壮的话筒架,2020年01月31日,0,0,0,//weibo.com/3787856854/Is5b8x44W?refer_flag=1001030103_,//@妳今天真好看://@是雪瓶子呀: 那个医院不接受发热病人 //@我在梦巴黎: 震惊吧？莆田系分到了1.6万个N95口罩，而武汉的顶级公立医院只能分到3000个普通口罩，8000个医护人员用3000个普通口罩，我觉得我心都凉透了
简单的冰,2020年01月31日,0,0,0,//weibo.com/1892252154/Is5b8x4co?refer_flag=1001030103_,听说从外地回济南的车，除了本市户口人员（看身份证）和鲁A牌照的车都不让下高速了？真的假的？那就是我不用回去上班了呗#专家呼吁把N95口罩留给医护人员##济南爆料# @济南交警 @济南高速交警 @人民日报 @澎湃新闻 ​
人间理想up,2020年01月31日,0,0,0,//weibo.com/5543087217/Is5b8y9Ub?refer_flag=1001030103_,曹茜茜茜茜姐最近一定要照顾好自己啊，特殊时期一定要天天戴口罩，少出门 ​
Zoe阿洋,2020年01月31日,0,1,0,//weibo.com/1360459551/Is5b8gs8z?refer_flag=1001030103_,//@银河铁路局地球分局:太讽刺了，这个网友竟然炸号了，湖北红会就差往老百姓脸上直接吐口水了//@浪里赤条小粗林:我真得眼泪一下子掉下来，可我们泪目有什么用啊！！！上头到底能不能把红会那帮废物给我锤下来！！！！协和都自己做口罩了！！！红会都不愿意把口罩给他们我真的气到爆炸
_楠楠自语,2020年01月31日,0,2,0,//weibo.com/2209806673/Is5b8grvr?refer_flag=1001030103_,每天出门戴口罩😷今天正式复工😴Ps：一线的医务人员要保护好自己🙏🏻 ​
橙色加特林,2020年01月31日,0,0,0,//weibo.com/6604793721/Is5b8gt6U?refer_flag=1001030103_,//@智取莲心 :武汉加油 记得戴口罩
雕塑你的人生800,2020年01月31日,1,1,0,//weibo.com/6526589274/Is5b8gtaA?refer_flag=1001030103_,公益活动有爱心的人可以进来看一下@大青海网 @搅沫沫网 2西宁 L雕塑你的人生800的微博视频 ​
美少女战士的多啦A梦,2020年01月31日,0,0,0,//weibo.com/1143676045/Is5b8gtHZ?refer_flag=1001030103_,最全口罩防护指南！必看收藏 O网页链接 ​
夕阳红老百笑,2020年01月31日,0,0,0,//weibo.com/7300143121/Is5b8fogt?refer_flag=1001030103_,不聚会，少出门，勤洗手，戴口罩！我正在使用“戴口罩”#微博头像挂件# ，共同抗疫从戴好口罩开始，你也快带上吧！ O头像挂件：戴口罩 ​
用户6272488400,2020年01月31日,0,0,0,//weibo.com/6272488400/Is5b7BHYg?refer_flag=1001030103_,转发微博
陳榆文,2020年01月31日,0,0,0,//weibo.com/1937460890/Is5b7BJr7?refer_flag=1001030103_,//@穿衣跪搓衣板:我已经骂累了//@織式_://@蹲在amz沼底的寒川://@妮子_niko:wnm有病//@鱿助:医护人员都是人，想活下去有错吗……前线医护人员连口罩防护服都没有了，争取防护物资都不行吗……//@Nakul中心动物园:.......我没有恶意，我就想给医院讨点物资。//@养猫的魔王:@Nakul中心动物园
温柔母亲搬柴人,2020年01月31日,0,6,0,//weibo.com/6263256750/Is5b7BJPy?refer_flag=1001030103_,#广州预约买口罩#请指个路，太需要了，哪里预约 ​
小雅更新,2020年01月31日,0,0,0,//weibo.com/5821492340/Is5b7CKbi?refer_flag=1001030103_,v//@小雅更新:#抗击新型肺炎我们在行动##全民口罩行动#张艺兴为前线医护人员点赞 为各地支援队伍点赞 这个春节我们一起响应号召 勤洗手少出门 戴口罩 保护自己也对他人负责@努力努力再努力x
袁小台,2020年01月31日,0,0,0,//weibo.com/1639510191/Is5b7DDzc?refer_flag=1001030103_,转发微博
任性的大脑壳,2020年01月31日,0,0,0,//weibo.com/6315157770/Is5b7lY2A?refer_flag=1001030103_,//@任性的郑三岁:郑爽zs #郑爽# 平时尽量待在家，出门一定戴口罩，保护好自己愿早日战胜疫情
Poluomila,2020年01月31日,0,0,0,//weibo.com/5556428002/Is5b7k1Ox?refer_flag=1001030103_,//@建个小号犯花痴:牛🍺 //@OneSingleQuestion:无发热门诊的莆田系5天用掉1.2w个 而协和在红十的仓库门口苦苦哀求 群众捐赠的物资就是这么分配的//@终南刺青:熊院长原话：员工发了840个，在院病人发了240，挂号查体温的150个，向社区超市发放1200个。总共有12000个？敢问熊院长小校毕业了吗？
小淼婧靖,2020年01月31日,0,0,0,//weibo.com/5059383535/Is5b7k2gk?refer_flag=1001030103_,转发微博
请叫我黄太2,2020年01月31日,0,0,0,//weibo.com/5567820478/Is5b7l4I2?refer_flag=1001030103_,#专家呼吁把N95口罩留给医护人员#好气呀，救救医生和病人吧，国难当头，不出门不添麻烦，减少浪费资源。 ​
凯boss的秘密花园,2020年01月31日,0,0,0,//weibo.com/7341156312/Is5b7m0QY?refer_flag=1001030103_,💙//@森林里的蔷薇花:1.31//@王俊凯的高三美蟹:#跟着王俊凯益起来# 王俊凯  出门务必戴好口罩，保护自己，保护别人，勤洗手，少出门。#心引力# #流星-TFBOYS-王俊凯# @TFBOYS-王俊凯
椰奶西米露ll,2020年01月31日,0,0,0,//weibo.com/3829065307/Is5b7l5u3?refer_flag=1001030103_,转发微博
敲可爱的庭_,2020年01月31日,0,6,0,//weibo.com/1815112913/Is5b73n8t?refer_flag=1001030103_,#原来是好响出去丸##仙女庭的vlog# 陈伟霆叫我出门补充物资了！！帅哥哥还戴着口罩来的 L敲可爱的庭_的微博视频 ​
静静4528,2020年01月31日,0,0,0,//weibo.com/6417805206/Is5b72ndL?refer_flag=1001030103_,#湖北省红十字会回应##湖北省红十字会口罩使用情况更正说明#在全国为你们武汉出力的时候，你们自己都干了什么，真让人心寒！！ O你相信湖北省红十字会口罩使用情况更正说明吗？ ​
相小紀,2020年01月31日,1,0,0,//weibo.com/2942945270/Is5b72oo5?refer_flag=1001030103_,//@深宫白莲_合樂暖安://@雷明:#口罩去哪了# 普通人买不到口罩，一线医务工作者没口罩，口罩去哪儿了呢？
别乱跑了啊,2020年01月31日,0,0,0,//weibo.com/5213455034/Is5b74lNN?refer_flag=1001030103_,无语//@贾星星的一周:无语=_=//@平独镇露小肥皂:医生带着普通一次性口罩，红会带着N95
民-戈,2020年01月31日,0,0,0,//weibo.com/2106757637/Is5b74m3k?refer_flag=1001030103_,1月26日武汉非公医院协会发文“拟”征第四批民营医院参加发热病人医治工作，26号红会就将18000个口罩拨付给莆田系医院，真够及时。1月31日记者以发热病人身份向武汉仁爱医院预约，院方口口声声说不接待发热病人。31号院长说截止目前已消耗12000支口罩，你一个200人的医院，还未接诊发热病人，如何巨大消耗？试问武汉红会，莆田系应给你改名叫“宋江”～及时雨@湖北日报 @武汉晚报 @凤凰网 
锺愛允祥,2020年01月31日,0,0,0,//weibo.com/1684052093/Is5b74m9m?refer_flag=1001030103_,//@五行属二:红十字，睁大你的狗眼看看//@纯良英俊的笑了笑:绝了真绝//@糊糊不是FUFU:红会带着N95，医生带着普通口罩，哈。//@然后下面就没了://@M大王叫我来巡山:这个也解释解释呢这个点让一线医生百忙中过来领就够离谱了
陈皮VC糖,2020年01月31日,0,2,0,//weibo.com/3816819891/Is5b75qkD?refer_flag=1001030103_,#岩松对话湖北省委副书记#捐给红十字会啦，但是，钱呢？物资呢？口罩呢？哦还有江西山东内蒙东北捐的菜呢 @武汉市慈善总会 @武汉市红十字会 2马鞍山 ​
暴躁多多多,2020年01月31日,0,9,0,//weibo.com/5899468066/Is5b6sB9u?refer_flag=1001030103_,蓝景仪景仪，你也要戴口罩😷 ​
四方坪杨五坨,2020年01月31日,0,0,0,//weibo.com/1763535864/Is5b6rGjQ?refer_flag=1001030103_,//@GiveUpCarryKhan:这人必有问题//@霜叶:一天一个人60个，你们缝寿衣呢？
录录羊,2020年01月31日,0,0,0,//weibo.com/3806037553/Is5b6qG4T?refer_flag=1001030103_,#湖北省红十字会回应物资使用情况质疑#年度难题  我连普通口罩都买不到了 2青州市 ​
大佬您看我这ID顺眼吗,2020年01月31日,1,0,0,//weibo.com/1819637221/Is5b6qEmP?refer_flag=1001030103_,都这种时候了无力//@夏磊Leon:红十字的戴N95，医生用普通口罩，艹//@兮媚不洗煤是溪泽海泊 :口罩对比，真心酸真心寒//@阿下 :骂累了，这些人都没有心//@死胖子睁不开眼 :看医生说话的意思，第一反应不是担心自身，是说他们都是一线的，身上很可能有病毒，这么聚集很危险，赶紧把东西给他们吧。
兴悦ss,2020年01月31日,0,0,0,//weibo.com/7316532072/Is5b6qCCV?refer_flag=1001030103_,转发微博
莫得感情的日维口嗨机器,2020年01月31日,2,0,0,//weibo.com/1688498547/Is5b6tHpv?refer_flag=1001030103_,到底懂不懂轻重缓急啊那边前线没得用，这边领了搞派发？要都阔绰到能派发了你领个🦅？//@Axel17:牛逼牛逼//@秋田六千: //@李铁根:呵呵//@东东枪://@郿坞县在马上: ？医院领来送给附近居民？我就算信了，这是什操作？//@轻声一叹-:行，你牛
有何何,2020年01月31日,1,5,0,//weibo.com/1851240503/Is5b6tI9h?refer_flag=1001030103_,太扯了，没有发热门诊的医院院内分配口罩这么奢侈连陪护都给，这条件好过我们外省的好多大医院，你缺个p物资啊？居然还借花献佛给社区。。
一帆帆帆帆帆帆帆,2020年01月31日,1,0,0,//weibo.com/1319176314/Is5b6tIJr?refer_flag=1001030103_,//@难绘人心画皮君://@欧美二线品牌 :卧槽？//@寂月皎皎 :那是N95！普通居民不需要这种级别的！一线医生需要呀，他们需要！不行了，我心疼，我肝疼，我肺疼……//@沐非 ://@被_吃饱睡好身体好 :原来如此。来看这边，仁爱医院紧急发口罩给社区了//@林竹 : 呵呵，看来压力有用呢，口罩至少发出去了，一人
愿为姐头顶天天冒绿光,2020年01月31日,0,0,0,//weibo.com/3026456783/Is5b6tIUU?refer_flag=1001030103_,//@爸爸没事的:这种医院都领到口罩了，你们协和拿不到？ 评论配图
艺兴的贝壳项链,2020年01月31日,0,0,0,//weibo.com/5699022346/Is5b6sD9c?refer_flag=1001030103_,转发微博
痴汉说变就变,2020年01月31日,0,0,0,//weibo.com/5766837489/Is5b6c1Ka?refer_flag=1001030103_,//@霜叶:卧槽这太硬核了，以后努力挣钱当一个这样的人
好多米Yummy,2020年01月31日,0,0,0,//weibo.com/3995851788/Is5b68WV4?refer_flag=1001030103_,早上小姑的家婆悄悄跟我说“待会我们跟你小姑丈的车去药店”，我问“去干嘛，不要出去了，没多余的口罩，药店可能也没卖。”她说“腿不舒服，想买药膏贴。”然后我去问小姑，小姑说她房间有，我上楼找到后给她家婆，接着小姑丈说了句“她不是想去买药膏，而是在家待太久没出过门了，想出去。”老 ​  展开全文c
小团萌要变小才萌,2020年01月31日,0,0,0,//weibo.com/1824748253/Is5b6a0ur?refer_flag=1001030103_,实名真羡慕啊！我们医院只有最前线的呼吸科大夫才有N95一天一只也只是按人头发的  别的科室的一次性口罩也只是每人一天一个 羡慕莆田系！我们三甲医院比不了
乌鲁木齐小甜豆,2020年01月31日,0,0,0,//weibo.com/6016406166/Is5b5yiCd?refer_flag=1001030103_,老百姓没口罩用，医生也没口罩用，都被红十字会扣着留上霉呢
dolcemelo,2020年01月31日,0,0,0,//weibo.com/5943724019/Is5b5xhIM?refer_flag=1001030103_,买了个b老子今天真是要气死了
小雅更新,2020年01月31日,0,0,0,//weibo.com/5821492340/Is5b5xfnZ?refer_flag=1001030103_,d//@小雅更新:#抗击新型肺炎我们在行动##全民口罩行动#张艺兴为前线医护人员点赞 为各地支援队伍点赞 这个春节我们一起响应号召 勤洗手少出门 戴口罩 保护自己也对他人负责@努力努力再努力x
哈书客,2020年01月31日,0,1,0,//weibo.com/1784683782/Is5b5xeuj?refer_flag=1001030103_,矢野浩二积极为中国朋友筹集捐赠口罩，久违了，谢谢老朋友！  L哈书客的微博视频 ​
大海苔头,2020年01月31日,0,20,0,//weibo.com/3926973371/Is5b5zgw8?refer_flag=1001030103_,今天爸爸打电话给我，他想叫我快点结束在药店的实习，他担心我，因为保山已经有6例肺炎，我第一次听见爸爸的声音很颤抖，那分钟我真的很难受，再加上当时我一个人在街上躲雨，真的快哭出来了，虽然我也是真的很想结束实习但是责任感让我坚定的和爸爸说“没事的，我这里很安全，我一直都有在戴口罩，我们药店是不能够关门的，你每天出门都要戴口罩啊……”打心底的说，每天都结束那么多来买药的人，我确实也有点害怕，但是每次我看见他们来店里面接免费的中药对我笑和我说谢谢的时候，我心里面真的很开心，好像也没有那么可怕了。大家都要保护好自己，不要让家人担心，加油保山，加油临沧，加油武汉，加油中国！🇨🇳 
盈妹Lily,2020年01月31日,0,0,0,//weibo.com/3286245175/Is5b5zgaD?refer_flag=1001030103_,//@平独镇露小肥皂:医生带着普通一次性口罩，红会带着N95#湖北省红十字会口罩使用情况更正说明# #湖北红十字会回应口罩捐赠质疑# #专家呼吁把N95口罩留给医护人员# 你那么嚣张做什么？！给你脸了！！！给你捐的吗？我们给医护人员捐的你还nb上了！做个人吧
烊烊de易_,2020年01月31日,0,0,0,//weibo.com/6334687784/Is5b5Aiqf?refer_flag=1001030103_,29//@烊烊de易_:1//@鹤语传媒:易烊千玺#易烊千玺2020前路遂心与你同行# 向白衣天使致敬，用口罩隔离病毒，用爱温暖前行。@TFBOYS-易烊千玺
阿陶marian,2020年01月31日,0,0,0,//weibo.com/1723286953/Is5b5AiH2?refer_flag=1001030103_,#湖北省红十字会回应##湖北省红十字会口罩使用情况更正说明#信个鬼 O你相信湖北省红十字会口罩使用情况更正说明吗？ ​
奇柟香,2020年01月31日,0,0,0,//weibo.com/6036260279/Is5b5AjXI?refer_flag=1001030103_,//@ZQQ虹or虹君:吐了🤮//@我是肥志: 医生们带着普通口罩！！！！他们反而带N95！！！？？？
哲宝宝的微博,2020年01月31日,0,0,0,//weibo.com/5618143376/Is5b5Alrt?refer_flag=1001030103_,//@微公益:杭州萧山一架隶属于新空通航的贝尔429直升机计划运载1吨医用物资直飞武汉协和医院，现在还未筹集够1吨，希望网友们能支援一些医用口罩，防护服，防护眼镜，装满即可起飞
一只宇宙小飞船,2020年01月31日,0,0,0,//weibo.com/1789581063/Is5b5gEsb?refer_flag=1001030103_,气哭了气死我了到底为什么啊！！！//@kimheeemi://@平独镇露小肥皂:医生带着普通一次性口罩，红会带着N95
任性的大脑壳,2020年01月31日,0,0,0,//weibo.com/6315157770/Is5b5hwNG?refer_flag=1001030103_,//@任性的郑三岁:郑爽zs #郑爽# 平时尽量待在家，出门一定戴口罩，保护好自己愿早日战胜疫情
下一站19571,2020年01月31日,0,0,0,//weibo.com/5850913467/Is5b5hycb?refer_flag=1001030103_,//@解说琪琪:今年的#王者荣耀锦鲤#活动开始啦~我来加码1个荣耀水晶！特殊时期，大家记得在家宅着少出门，出门也要记得戴口罩哦，照顾好自己和身边的人，关注我与@王者荣耀，转发这条微博，2月3日我将抽取一位粉丝，以现金红包的形式发奖！
棂源or林原,2020年01月31日,2,0,0,//weibo.com/1781451182/Is5b5hys7?refer_flag=1001030103_,//@草莓思慕雪无糖很冰:都这样了还要官僚。祝你全家生病治不好//@还是那个土特产:是那些人的报复？在这种抢救人命的时候干这种下作事？//@你是注水猪吧:这真的是事实，我空间全是转发的我们老师的那些照片，他们自己做口罩做防护服，我太无语了。（我同济医学院的，我们老师也基本都是同济协和一线去了
奥奥没有利,2020年01月31日,0,0,0,//weibo.com/5335031469/Is5b5iDPP?refer_flag=1001030103_,2020第二条微博今天头皮不痒没有头屑 被罩服帖的裹在被子上 拿到了60个普通医用口罩  小工程又上一层  打牌运气不错 寄回了我已经收到退款的口罩（因为100块给了我10个劳保9001-2口罩，批发就几毛钱一个，可恶）啊幸福的一天😊 ​
Nick_Huizhou,2020年01月31日,0,0,0,//weibo.com/5744525019/Is5b5iGqJ?refer_flag=1001030103_,转发微博
A-LIT热血莲萌,2020年01月31日,0,0,0,//weibo.com/6903807236/Is5b4FRZi?refer_flag=1001030103_,回复@慕羊XL:大家出门也要好好戴口罩。保护好自己不给祖国添麻烦！！！//@慕羊XL:#武汉加油共渡难关#请大家戴口罩，勤洗手，少去人群聚集处。祝福武汉人民，我们携手共进，共渡难关！
hibluelemon,2020年01月31日,0,0,0,//weibo.com/1821173723/Is5b4DQ7Q?refer_flag=1001030103_,戴口罩去爬山感觉要窒息了出去的感觉真好 ​
爱上汕头,2020年01月31日,18,3,0,//weibo.com/2086695261/Is5b51171?refer_flag=1001030103_,#汕头身边事#【扩散急寻汕头开往长沙的K9012次火车的乘客！】2020年1月24日汕头开往长沙的K9012次火车的某工作人员于1月28日在湖南省确诊为新型冠状病毒感染肺炎。请我省乘坐上述车次的人员返家后暂时不要外出，自乘车日自行居家隔离观察14天；如出现发热、咳嗽等症状，请立即到就近医疗机构发热门诊就诊，就诊过程须全程佩戴口罩，尽量不要乘坐公共交通工具。 
凯boss的秘密花园,2020年01月31日,0,0,0,//weibo.com/7341156312/Is5b523T4?refer_flag=1001030103_,//@森林里的蔷薇花:1.31//@王俊凯的高三美蟹:#跟着王俊凯益起来# 王俊凯  出门务必戴好口罩，保护自己，保护别人，勤洗手，少出门。#心引力# #流星-TFBOYS-王俊凯# @TFBOYS-王俊凯
橙色加特林,2020年01月31日,0,0,0,//weibo.com/6604793721/Is5b524bc?refer_flag=1001030103_,//@智取莲心 :武汉加油 记得戴口罩
命运畅响曲,2020年01月31日,0,0,0,//weibo.com/2498418750/Is5b4mbHy?refer_flag=1001030103_,转发微博
Dulles8461,2020年01月31日,0,0,0,//weibo.com/5646145132/Is5b4mcoD?refer_flag=1001030103_,挺厉害的，强烈要求中央追查物资去向，追查是否存在内外勾结，倒卖捐赠物资的行为！
多肉葡萄忠实粉,2020年01月31日,0,0,0,//weibo.com/2783989513/Is5b4mdz9?refer_flag=1001030103_,我感觉下一批抢双黄连口服液的人就是现在抢口罩的人 ​
_Nui_sanc_e,2020年01月31日,0,0,0,//weibo.com/5166524408/Is5b4nio4?refer_flag=1001030103_,#武汉共收到社会捐款25.86亿元# #湖北红十字会回应口罩捐赠质疑# 麻烦贵会解释下！
洋芋需要烤着吃,2020年01月31日,0,0,0,//weibo.com/2275189050/Is5b4pfcQ?refer_flag=1001030103_,//@魅惑蓝心:非典那年，我在上小学，带着很厚的纱布口罩，我还拿着镜子看后面的同学，还被老师批评了。说要带就好好带。同学打碎了水银体温计，拿里面的水银玩给我看。
你的衣服领子,2020年01月31日,0,0,0,//weibo.com/3212292927/Is5b44tRL?refer_flag=1001030103_,现在真的很好奇官方渠道到底筹措了多少物资//@辟谣知真相:很多人质疑“为什么协和医院只得到3000个口罩？”——其实更应该查清物资分配整体情况。协和除了红会这3000个，官方其他渠道给公立的协和医院调拨安排了没有？红会给了仁爱医院1.6万个，官方其他渠道又给这个私立医院调拨安排了多少？
烊烊de易_,2020年01月31日,0,0,0,//weibo.com/6334687784/Is5b44uzA?refer_flag=1001030103_,28//@烊烊de易_:1//@鹤语传媒:易烊千玺#易烊千玺2020前路遂心与你同行# 向白衣天使致敬，用口罩隔离病毒，用爱温暖前行。@TFBOYS-易烊千玺
渝夏暖阳,2020年01月31日,0,0,0,//weibo.com/5472713589/Is5b44uFm?refer_flag=1001030103_,//@第一次见:红会发给你然后你发社区？？？如果需要发社区，红会为什么不直接给社区
伊宁惠子,2020年01月31日,0,0,0,//weibo.com/5103804998/Is5b44wvr?refer_flag=1001030103_,转发微博
__远在远方的风比远方更远,2020年01月31日,0,1,0,//weibo.com/2689369417/Is5b44xK0?refer_flag=1001030103_,#仁爱医院院长回应口罩使用情况#  这个社会这个世道到底怎么了 好气啊 ​
poppyoo,2020年01月31日,0,0,0,//weibo.com/6464649031/Is5b45ByD?refer_flag=1001030103_,我一点都不喜欢戴口罩 但是不戴又不安全什么时候是个头啊555 ​
任性的大脑壳,2020年01月31日,0,0,0,//weibo.com/6315157770/Is5b45CRo?refer_flag=1001030103_,OS//@任性的郑三岁:郑爽zs #郑爽# 平时尽量待在家，出门一定戴口罩，保护好自己愿早日战胜疫情
系戈懒人,2020年01月31日,0,0,0,//weibo.com/5587109249/Is5b47ChJ?refer_flag=1001030103_,有点愁啊，一直在村里，乡和县里的口罩都没货啦！问题来了，到时出去没有口罩可戴感觉像在裸奔！肿么办肿么办？ ​
瀧龗霧兲芐,2020年01月31日,0,0,0,//weibo.com/6225295438/Is5b48FPF?refer_flag=1001030103_,不聚会，少出门，勤洗手，戴口罩！我正在使用“戴口罩”#微博头像挂件# ，共同抗疫从戴好口罩开始，你也快带上吧！ O头像挂件：戴口罩 ​
ohh_bunny,2020年01月31日,0,0,0,//weibo.com/6922433289/Is5b48H3g?refer_flag=1001030103_,做公益，捐善款，只是因为栎队姐姐心系国/家，与祖/国同在，与武/汉人民同在。追星女孩有比饭圈摩擦更重要的事情去关注，去行动。大到武汉红会的事情，WHO对中国疫/情的定义，小到面对疫/情如何应对，佩戴口罩尽量不出门，勤洗手。人生用多少时间去做什么事，定义了你是一个什么样的人。栎队姐姐希望 ​  展开全文c
活在当下享受生活Sandy,2020年01月31日,0,0,0,//weibo.com/3057086152/Is5b48IG9?refer_flag=1001030103_,//@陈如是说://@割肉艺术家2020: //@白灼蛋: 回复 @割肉艺术家2020:而且他们要肯定是3m之类的，其他的嫌质量没保证。。。。我年28的两盒3m被取消了，说3m工厂被征用，统一调配前线医院也就算了，岗村境外抢备物资抢不过，反过头向境内要，这个窗口越来越巨婴了。。。
小雅更新,2020年01月31日,0,0,0,//weibo.com/5821492340/Is5b3tRun?refer_flag=1001030103_,s//@小雅更新:#抗击新型肺炎我们在行动##全民口罩行动#张艺兴为前线医护人员点赞 为各地支援队伍点赞 这个春节我们一起响应号召 勤洗手少出门 戴口罩 保护自己也对他人负责@努力努力再努力x
赛吧唧,2020年01月31日,1,0,0,//weibo.com/3479383075/Is5b3sOI8?refer_flag=1001030103_,垃圾今晚biss口罩不给一线的到底什么意思//@吃瓜群众CJ:希望战斗在一线的医护人员能尽快获得物资//@阿下:骂累了，这些人都没有心//@死胖子睁不开眼:看医生说话的意思，第一反应不是担心自身，是说他们都是一线的，身上很可能有病毒，这么聚集很危险，赶紧把东西给他们吧。
延安热媒体,2020年01月31日,0,2,0,//weibo.com/1991083575/Is5b3sOCu?refer_flag=1001030103_,延安身边事延安市融媒体中心携延安莉雅商贸有限公司为延安市人民医院捐赠生物活素功能口罩1200个自新型冠状病毒肺炎疫情出现以来，延安市人民医院勇担社会责任，将疫情防控作为医院当前最紧迫和最重要的任务，由于医院每日医用防护用品消耗巨大，防护物资严重短缺，为切实保障疫情防控需要，医院开通了接受社会捐赠通道。得知这一消息后，1月29日下午，延安市融媒体中心党委联系延安莉雅商贸有限责任公司，将原本准备给新闻媒体一线采编人员捐赠的200个生物活素口罩，以及延安莉雅商贸有限责任公司捐赠的1000个生物活素口罩，一并捐给延安市人民医院，以此表示对身处一线的医务工作者极大的关爱。院党委书记张智勇代表医院接受了捐赠，并强调：医院将在此次疫情中全力以赴、众志成城，共筑抗击疫情的坚强防线，坚决打赢这场没有硝烟的战斗。 
阳多多_,2020年01月31日,0,0,0,//weibo.com/6692852240/Is5b3sO0f?refer_flag=1001030103_,//@想养一只小仙猫:协和得到物资后还被红会的人强制卸货//@菲利希娅:红十字会工作人员带N95 一线医护人员带普通口罩
Andy_年少轻狂非我本性,2020年01月31日,0,2,0,//weibo.com/2388975150/Is5b3uZxy?refer_flag=1001030103_,#厦门买口罩需预约摇号# 万万没想到，人生第一次参与摇号，不是摇房，不是摇车，而是摇口罩😷 2厦门·大金门花园广场 ​
豁达一点挺好的,2020年01月31日,0,0,0,//weibo.com/1731712272/Is5b3vRqM?refer_flag=1001030103_,操 //@五行属二:红十字，睁大你的狗眼看看//@纯良英俊的笑了笑:绝了真绝//@糊糊不是FUFU:红会带着N95，医生带着普通口罩，哈。//@然后下面就没了://@M大王叫我来巡山:这个也解释解释呢这个点让一线医生百忙中过来领就够离谱了
好想不加糖,2020年01月31日,0,0,0,//weibo.com/5194161854/Is5b3vRWH?refer_flag=1001030103_,#我国过去一周进口5622.8万个口罩#所以现在普通民众买不到口罩，协和医院也不配拥有这几年的口罩？？？？wxl ​
伪单身女人的围脖,2020年01月31日,0,0,0,//weibo.com/1836812723/Is5b3vSD7?refer_flag=1001030103_,全民族静下来，是一个国家开始进入深度思维的启示。病毒疫情在春节前的突然爆发，并不是偶然事件，这是大自然给我们每一位中国人敲了一记警钟。现在中国人的疾病，一半是污染造成的，一半是吃出来的。这个春节，我们都戴着口罩，我们都静坐在家中，每个人都请仔仔细细的看一看自己的人生，审视自己的生活方式，审视自己的饮食习惯，审视自己对万物生命的态度。病毒是一种生命的载体，它的出现是为了重新平衡集体意识创造出的物质世界。当每一位中国人开始净化自己的思想，清理我们的传统认知，审视自己的问题并改善，当我们所有人一起集体转念，意识到生命就是生命，没有贵贱之分，人类也仅仅只是生命的一种载体。我们无权宰杀别种生命体，仅仅为了满足自己的口腹之欲，我们无权破坏自己的家园生态。我们是需要自然并赖以生存的物种，我们与万物真正是连接一体的。这是大自然给予我们的警钟，也是大自然给我们上的一课。意识创造物质实相，我们每一个人只有净化自己的意识与认知，才会真正地帮助到这次的疫情发展，保护好自己的家园。当我们每个人都开始意识到这些，内在开始充满慈悲与理解时，病毒也会慢慢自动的销声匿迹。 
dear小锦锦,2020年01月31日,0,0,0,//weibo.com/1833559620/Is5b3vTSd?refer_flag=1001030103_,//@追剧酱·://@平独镇露小肥皂:医生带着普通一次性口罩，红会带着N95
张辣辣,2020年01月31日,0,9,0,//weibo.com/1714934181/Is5b3wY09?refer_flag=1001030103_,第一次买口罩花了800多还是在有途径的情况下好不容易买来的给兰朵又囤了一桶奶粉酒精依然没有家里先用84应急果然，安全感首先是从物质极大丰富开始的 2兰州·明生大厦 ​
筱筱雨落m,2020年01月31日,0,0,0,//weibo.com/6640678887/Is5b3x1sP?refer_flag=1001030103_,简直气死，这些人的良心呢？
JMSix,2020年01月31日,0,0,0,//weibo.com/5114996281/Is5b3diz5?refer_flag=1001030103_,我只是觉得很奇怪 我虽然不是当事人最近上网都会看到有关日本民间组织捐赠口罩、留学生从海外各国捐赠物资等等等的报道日本、白俄罗斯、美国、韩国、以色列等等等都是我看了之后还有影响记得到的为什么湖北各医院还在缺物资？？虽然说捐赠的一些部分物资可能不包括医院所需（如N95口罩）但是再加上国内征用 难道物资真的没有到一线？？还有生产工厂在继续生产我们这些小城市连续一周来一直也买不到口罩全国大部分人民过年在家安安心心地坐着等候消息也并没有花费多少口罩资源啊为什么湖北各医院还在缺物资？心中一堆疑问 
Cuckooo,2020年01月31日,1,0,0,//weibo.com/1890637723/Is5b3cfCM?refer_flag=1001030103_,//@吉祥信:有人分析了一下这是多赢的操作！莆田医院的大佬们通过自己控制的贸易公司A采购自己控制的医疗器械公司B的医疗器材，比如10万元的口罩，然后作价36万元捐给红十字会，通过红会指定捐给自己所有的医院。莆田系大佬名利双收，捐出去的口罩回到了自己的医院大佬洗了钱公司避了税，红会挣了管理费
金鱼草wonder,2020年01月31日,0,0,0,//weibo.com/5022576214/Is5b3cemy?refer_flag=1001030103_,转发微博
justinteresting一号,2020年01月31日,0,0,0,//weibo.com/6529635376/Is5b3cdG7?refer_flag=1001030103_,凭啥？
船sama,2020年01月31日,0,0,0,//weibo.com/1945695874/Is5b3cdoa?refer_flag=1001030103_,谁不需要？？一线抗疫的协和医院都没有n95口罩用，你们去社区免费发？
来自玻璃心南漂喵,2020年01月31日,0,0,0,//weibo.com/3589771312/Is5b3cbZi?refer_flag=1001030103_,今早妈妈给我发科室所有医生自制防护面罩消息时心里很不是滋味，不知道整天募捐资源都快汇集全国所有物资力量了，近一周时间过去还没发的出来供应到位！一线医务人员仍然属于物资极度匮乏状态，老百姓还处于买口罩难的阶段！ 查看图片
风景优美828412,2020年01月31日,0,1,0,//weibo.com/6019129076/Is5b3dkYV?refer_flag=1001030103_,今年春节和正月十五成山头和西霞口活动都取消了，为了大家健康找想。出门一点要戴口罩。这是西霞口旅游回复给我的（嗯，已取消，荣成市春节和正月十五一切活动都取消，也希望您我们尽量不要去人流密集的地方，祝愿春节快乐，健康圆满。 :) ​​​大家又想去成山头和西霞口已经出来记着要戴口罩，  ​  展开全文c
EAST_END,2020年01月31日,1,0,0,//weibo.com/1830187167/Is5b3dmpG?refer_flag=1001030103_,//@田之骏:打仗四小时投降，连戴口罩的时间都没有吧？
做人要goodness,2020年01月31日,0,0,0,//weibo.com/6537676012/Is5b3e9UC?refer_flag=1001030103_,//@夏夜最美的风景:赵丽颖 #抗击新型肺炎我们在行动##全民口罩行动# 好的听宝贝@赵丽颖 的话，我们共同努力，加油
西不歪与金不乖,2020年01月31日,0,0,0,//weibo.com/2698434387/Is5b2BAO9?refer_flag=1001030103_,韩靠山为自非鄂区返舟后自闭在家的我们送吃的，都戴着口罩呢也没有寒暄，他便摆摆手转身离去，那个背影真的太伟岸了！ ​
用户5777334591,2020年01月31日,0,0,0,//weibo.com/5777334591/Is5b2BAsS?refer_flag=1001030103_,转发微博
陪陪_陪,2020年01月31日,1,0,0,//weibo.com/1799738842/Is5b2BApL?refer_flag=1001030103_,//@李大米Lidami:省略三万字脏话//@么么是条大黄狗:真的看着难受//@伍跑跑要跑步:没有接诊就用掉了1.2w个，也是厉害，到时候接起诊来，一线的人员就没口罩用了，这么大气的！为什么没有接诊的医院还能分配到1.8w个口罩，这届红十字会真是厉害啊！
brightesteye,2020年01月31日,0,0,0,//weibo.com/5938390146/Is5b2AwLz?refer_flag=1001030103_,🙏
吕厂衣,2020年01月31日,30,37,0,//weibo.com/1301014507/Is5b2Awkm?refer_flag=1001030103_,符合我对湖北官风的认知。沿着长江个人感觉官风最差就是湖北，还不如江西。 上海，江苏，安徽江西，重庆，四川都比湖北强。//@雨后蘑菇:各大一线医院缺口罩，就这家莆田系富裕到乱用的地步。红十字会也顺利进入此次疫情的罪人名单。
超先声,2020年01月31日,3,3,0,//weibo.com/1737870711/Is5b2BCDP?refer_flag=1001030103_,这么宝贵的战时物资，就这么给了害人精莆田医院，武汉的官僚系统烂到骨子里了，没救了，可怜的武汉人民！
真实的水若寒,2020年01月31日,0,0,0,//weibo.com/1310076623/Is5b2iQIU?refer_flag=1001030103_,不是还没接诊吗？没接诊这1.2万口罩你吃了？你大爷的
叫我小郦郦,2020年01月31日,0,0,0,//weibo.com/2628592717/Is5b2jWiy?refer_flag=1001030103_,出去容易回来难了…………看到我买口罩，都让我买崩溃……一个人只能带这么多，身边朋友送送不收钱。真的想不通炒口罩的代购是怎么想的！吃屎长大的都不会赚这种钱。真的丧良心。 2泰国·清迈 ​
木头哈尼,2020年01月31日,0,0,0,//weibo.com/1403679475/Is5b2jXcd?refer_flag=1001030103_,请武汉的人民节省使用口罩，争取能匀下来捐给我们的台湾亲友同胞。你看我就从来不用口罩也不买。 ​
SNEEZE_H,2020年01月31日,0,0,0,//weibo.com/3260479795/Is5b2jY78?refer_flag=1001030103_,//@王老师好哇:一线医生带着普通一次性口罩，红会工作人员带着N95//@蒯仔很忙:协和从一开始就是最前线，我真他妈服了，不能欺负听话的人！//@我叫蜜三刀://@管鑫Sam:这个视频就是今天下午现场，我联系的那位医生就站在录视频的人附近。视频属实。 查看图片
安格拉斯长毛兔,2020年01月31日,0,0,0,//weibo.com/2374812033/Is5b2jZ0u?refer_flag=1001030103_,这样就别派医疗队去支援了 去那么多人还浪费人家口罩 太不好了 2北京·北京儿童医院 ​
o_ozZ哇,2020年01月31日,0,0,0,//weibo.com/1649320167/Is5b2kOTu?refer_flag=1001030103_,我去-_-||！！！吃口罩吗！！你的良心不会痛吗！！！//@管鑫Sam:根本还没有开始接诊，就光速用掉12000个KN95。你品，你细品。
小雅更新,2020年01月31日,0,0,0,//weibo.com/5821492340/Is5b2lUJJ?refer_flag=1001030103_,b//@小雅更新:#抗击新型肺炎我们在行动##全民口罩行动#张艺兴为前线医护人员点赞 为各地支援队伍点赞 这个春节我们一起响应号召 勤洗手少出门 戴口罩 保护自己也对他人负责@努力努力再努力x
A-LIT热血莲萌,2020年01月31日,0,0,0,//weibo.com/6903807236/Is5b2lVN1?refer_flag=1001030103_,回复@慕羊XL:武汉加油！！！一定要挺住//@慕羊XL:#武汉加油共渡难关#请大家戴口罩，勤洗手，少去人群聚集处。祝福武汉人民，我们携手共进，共渡难关！
爱吃草莓12345,2020年01月31日,0,0,0,//weibo.com/7012315160/Is5b2lWOM?refer_flag=1001030103_,#专家呼吁把N95口罩留给医护人员#医用外科口罩都买不到了 ​
臭臭的香香吖,2020年01月31日,0,0,0,//weibo.com/6291624559/Is5b24ezM?refer_flag=1001030103_,1.31   8－23℃  晴凌晨01:35入睡早上10:53起床得知有口罩买，全家出动！每个人限购5个(但是我很失望，这些是普通的防尘口罩，只有两层，根本没有用，但是我们还是买了，因为没有口罩出不了门。她也会比棉口罩好一点。然后我们就打算里面套一个棉的，外面再套一个这个。)回来就做饭吃饭啦吃完就十二点半了，斗地主啊(我亏了3.28)，斗到两点半睡了一觉，唉呀妈呀六点半了，起床吃吗😂吃完就七点啦，斗地主到十点半，我赚了1.68哈哈哈哈哈然后我去洗澡啦，我年三十到今天都没洗过头真的，八天了，主要是都不出门😂头皮不痒所以就不洗😄好了，准备继续我的小说！顺便晾干头发就睡(我有个不好的习惯，我不喜欢吹头发。搞得我熬夜才能睡觉。) 
精分的锐锐,2020年01月31日,0,0,0,//weibo.com/1722810187/Is5b24fxI?refer_flag=1001030103_,可是不能出门又什么都做不了//@李易峰:#防控疫情我们在一起#听话 戴口罩
阻力阻力,2020年01月31日,1,0,0,//weibo.com/1881159963/Is5b22jHE?refer_flag=1001030103_,//@Tiger公子:210个员工，60个住院病人的医院每天日均消耗2430个口罩，那光床位就四千多张的武汉协和医院每天需要的口罩数量应该怎么算。//@果子狸7777: 哈哈哈哈哈哈没开工的医院用掉了1.2万口罩，一问就是送了，这条线串起来太棒了。//@第一次见:红会发给你然后你发社区？
Kilig_夏日,2020年01月31日,0,0,0,//weibo.com/5190275372/Is5b1qBqu?refer_flag=1001030103_,//@夏磊Leon:红十字的戴N95，医生用普通口罩，艹//@某A不是叔:好他么生气…//@兮媚不洗煤是溪泽海泊 :口罩对比，真心酸真心寒//@阿下 :骂累了 这些人都没有心//@死胖子睁不开眼 :看医生说话的意思 第一反应不是担心自身，是说他们都是一线的 身上很可能有病毒 这么聚集很危险 赶紧把东西给他们吧
少女心思难猜测,2020年01月31日,0,0,0,//weibo.com/6447943764/Is5b1prYj?refer_flag=1001030103_,//@指法芬芳张大仙z:口罩戴起来，小奖抽起来～不出门也能玩个痛快！今年的#王者荣耀锦鲤#活动开始啦~我来加码1个荣耀水晶！关注我与@王者荣耀，转发这条微博，2月3日我将抽取一位粉丝，以现金红包的形式发奖！
妮小妮不吃饭,2020年01月31日,0,0,0,//weibo.com/1942901131/Is5b1pt2C?refer_flag=1001030103_,#全国确诊新型肺炎病例# #新型冠状病毒# #意大利宣布进入国家紧急状态# #澳大利亚首都宣布进入紧急状态# #6万余名医务工作者奋战武汉# #人类拍到迄今最清晰的太阳照片# #矢野浩二捐赠13万个口罩#
宅宅更健康是个小疯子,2020年01月31日,0,0,0,//weibo.com/6452199138/Is5b1qzgh?refer_flag=1001030103_,#湖北省红十字会回应##湖北省红十字会口罩使用情况更正说明#相信他们？不想好了？ O你相信湖北省红十字会口罩使用情况更正说明吗？ ​
楼年把小马吃了,2020年01月31日,0,0,0,//weibo.com/3037297872/Is5b1qA27?refer_flag=1001030103_,靠 不拿人命当命啊 这个时候贪污你良心过得去吗？？//@乔诗语:
遵纪守法小海螺的平稳生活,2020年01月31日,0,0,0,//weibo.com/6476354909/Is5b17NBV?refer_flag=1001030103_,你信吗？我不信。不过你们谎话说多了自己这就信了，是吧
任性的大脑壳,2020年01月31日,0,0,0,//weibo.com/6315157770/Is5b18UWb?refer_flag=1001030103_,Id//@任性的郑三岁:郑爽zs #郑爽# 平时尽量待在家，出门一定戴口罩，保护好自己愿早日战胜疫情
TitleKUN0802,2020年01月31日,0,0,0,//weibo.com/6512787327/Is5b19ICQ?refer_flag=1001030103_,//@后妈ZhAS://@一颗爱困糖://@什么莞尔:看看口罩，一线医护人员带的普通口罩，红会的工作人员带的n95//@死胖子睁不开眼:看医生说话的意思，第一反应不是担心自身，是说他们都是一线的，身上很可能有病毒，这么聚集很危险，赶紧把东西给他们吧。。。
果幺幺,2020年01月31日,0,0,0,//weibo.com/1836257102/Is5b19IXG?refer_flag=1001030103_,还有天理吗？啥烂玩意儿红十字？医生的口罩和他们的都不在一个级别，谁在第一线？MMD想打人//@雅伦Yalun:气死我了气死我了气死我了气死我了气死我了气死我了气死我了气死我了气死我了气死我了 查看图片
小雅更新,2020年01月31日,0,0,0,//weibo.com/5821492340/Is5b19MdM?refer_flag=1001030103_,fg//@小雅更新:#抗击新型肺炎我们在行动##全民口罩行动#张艺兴为前线医护人员点赞 为各地支援队伍点赞 这个春节我们一起响应号召 勤洗手少出门 戴口罩 保护自己也对他人负责@努力努力再努力x
萌哒哒小可爱123,2020年01月31日,0,0,0,//weibo.com/5907266484/Is5b19LSH?refer_flag=1001030103_,协和医院都自己缝口罩了，你还搁这扯什么口罩不符合规定难道缝的布口罩就符合了？
支持警-察,2020年01月31日,0,0,0,//weibo.com/5975408771/Is5b1aSFA?refer_flag=1001030103_,香港政府政务司长张建宗会见传媒：特区政府正在多管齐下增加口罩供应，包括与内地部门合作，近期将有超过3000万个口罩运抵香港。 O网页链接 O网页链接 ​
丶青纱,2020年01月31日,0,0,0,//weibo.com/3312219635/Is5b1aSxl?refer_flag=1001030103_,暖心一刻。希望不要再让统一调度寒了普通健康民众的心，希望能在公共场合部署口罩供应点，希望国内厂家加油生产尽快平衡供需关系
马格尼托哥尔斯克,2020年01月31日,0,0,0,//weibo.com/3841737245/Is5b1aQxx?refer_flag=1001030103_,#不建议老年人戴口罩跳广场舞#缺氧是真的 ​
耶鲁艾斯西酞普兰,2020年01月31日,0,2,0,//weibo.com/1848217152/Is5b19MHr?refer_flag=1001030103_,#我国过去一周进口5622.8万个口罩##湖北红会回应捐物资给莆田系医院# ​
7分甜狂热粉,2020年01月31日,0,0,0,//weibo.com/1599374610/Is5b1aTyC?refer_flag=1001030103_,//@加州清光的企鹅围巾:？？//@重工组长于彦舒:……//@杀生地藏:他妈凭什么？!？!//@战甲装研菌:哪来的三千万口罩？？？
由奈爱发呆,2020年01月31日,0,0,0,//weibo.com/5268111877/Is5b0w4f8?refer_flag=1001030103_,转发微博
张念荣艾德曼,2020年01月31日,0,0,0,//weibo.com/6312617024/Is5b0w51j?refer_flag=1001030103_,我参与了@罗志渊 发起的投票【小调查：到目前为止，你存了几个口罩？】，我投给了“1-30个”这个选项，你也快来表态吧~
草西xixi,2020年01月31日,0,4,0,//weibo.com/1463010900/Is5b0xbu9?refer_flag=1001030103_,买了一个星期的口罩，今天是最早完工的一天，所有的采购打包写单子都是自己亲力亲为，感觉是从干代购的这六年里最忙的一周 ​
蛋糕堆里的小饼干,2020年01月31日,0,0,0,//weibo.com/7307765960/Is5b0xdhq?refer_flag=1001030103_,现在是什么个情况呢……国内口罩库存告急，国外口罩也被抢购一空。可是依然有很多人根本买不到口罩，包括那些在一线奋斗着的医生们。好像每天都有看到很多人捐款捐物，但就是完全不够用......就想问一下这些物资到底到了哪些人的手上？？这一批物资也想烂在仓库里也不给用是吗？拜托了……救命的东西， ​  展开全文c
mono非主流,2020年01月31日,0,0,0,//weibo.com/6548981129/Is5b0xdjj?refer_flag=1001030103_,要不要碧莲啊…哪个部门干的缺德事，全内地没口罩支援武汉，武汉都不够用给香港，疯了吧…热脸贴冷屁股真特么棒棒的…💩
风寒雨耶,2020年01月31日,0,2,0,//weibo.com/5028500928/Is5b0y2dw?refer_flag=1001030103_,这是我最担心的了 乡镇上的老人家们啥时候能有口罩啊
家有暖男三枚,2020年01月31日,0,0,0,//weibo.com/1890035275/Is5b0z88L?refer_flag=1001030103_,这波操作也可以？@石家庄公安网络发言人//@庄李人:没买到口罩的可以早点去排队，就是不知道这算不算聚集性活动呢
陆柒王爷,2020年01月31日,1,2,0,//weibo.com/1558172055/Is5b0z9Bl?refer_flag=1001030103_,疯了吗！//@我是肥志:医生们带着普通口罩！！！！他们反而带N95！！！？？？
是贰一哇,2020年01月31日,0,0,0,//weibo.com/2397586493/Is5b0zay3?refer_flag=1001030103_,绝了//@五行属二:红十字，睁大你的狗眼看看//@纯良英俊的笑了笑:绝了真绝//@糊糊不是FUFU:红会带着N95，医生带着普通口罩，哈。//@然后下面就没了://@M大王叫我来巡山:这个也解释解释呢这个点让一线医生百忙中过来领就够离谱了
北京方庄纪业,2020年01月31日,1,0,0,//weibo.com/1772333150/Is5b0fxYX?refer_flag=1001030103_,老司机//@黑暗佐菲:毕竟WDBTV//@北京方庄纪业:在电视上倡导市民戴口罩，保持距离！他们呢？
西之草,2020年01月31日,0,0,0,//weibo.com/3010823091/Is5b0fztG?refer_flag=1001030103_,//@防务君:协和医院救死扶伤第一线一个没有，莆田系野鸡医院医生每人每天4个！你用的着吗？//@瓦良格号归来:
小黑裙在深睡眠,2020年01月31日,0,0,0,//weibo.com/2705088335/Is5b0gnQc?refer_flag=1001030103_,//@五行属二:红十字，睁大你的狗眼看看//@纯良英俊的笑了笑:绝了真绝//@糊糊不是FUFU:红会带着N95，医生带着普通口罩，哈。//@然后下面就没了://@M大王叫我来巡山:这个也解释解释呢这个点让一线医生百忙中过来领就够离谱了
在等小宇来,2020年01月31日,0,0,0,//weibo.com/7258004153/Is5b0hrXi?refer_flag=1001030103_,啵啵也要注意！记得带口罩！！！记得多吃点！！！记得保暖！！！@UNIQ-王一博//@UNIQ-王一博:#致敬疫情前线医护人员#你们辛苦了！愿平安！
一个内心傲娇的小女纸,2020年01月31日,1,0,0,//weibo.com/6328157866/Is5b0htGg?refer_flag=1001030103_,#转自朋友圈# 你见过最硬核口罩吗？ O网页链接 ​
小雅更新,2020年01月31日,0,0,0,//weibo.com/5821492340/Is5b0fwRw?refer_flag=1001030103_,x//@小雅更新:#抗击新型肺炎我们在行动##全民口罩行动#张艺兴为前线医护人员点赞 为各地支援队伍点赞 这个春节我们一起响应号召 勤洗手少出门 戴口罩 保护自己也对他人负责@努力努力再努力x
Lacycow,2020年01月31日,0,0,0,//weibo.com/6290297974/Is5aZDQC0?refer_flag=1001030103_,//@解说瓶子:我怎么会只送一个福利？🙅🙅现在寻找最幸运的#王者荣耀锦鲤#我来加码1个荣耀水晶！抽奖条件关注我与@王者荣耀，转发我的微博，2月3日开奖，直接发2000元现金红包另外，春节期间，大家要记得戴口罩，勤洗手，少出门，保护好自己
万中某一善,2020年01月31日,0,0,0,//weibo.com/6097924137/Is5aZEAY5?refer_flag=1001030103_,//@瓦良格号归来:令人错愕！//@防务君:协和医院救死扶伤第一线一个没有，莆田系野鸡医院医生每人每天4个！你用的着吗？//@瓦良格号归来:
霸气的农业重金属,2020年01月31日,0,0,0,//weibo.com/1949824545/Is5aZDQqF?refer_flag=1001030103_,人家金坛医院一天一个口罩，你Tm割个包皮一天4个？真的是不是自己的不心疼。真尼玛想吧武汉红十字会炸了
冉冉升起就是我,2020年01月31日,0,0,0,//weibo.com/6074417836/Is5aZEC5m?refer_flag=1001030103_,转发微博
任性的大脑壳,2020年01月31日,0,0,0,//weibo.com/6315157770/Is5aZEFem?refer_flag=1001030103_,//@任性的郑三岁:郑爽zs #郑爽# 平时尽量待在家，出门一定戴口罩，保护好自己愿早日战胜疫情
绵桃成精了,2020年01月31日,0,0,0,//weibo.com/2862875582/Is5aZFIP0?refer_flag=1001030103_,吹牛都已经脸皮都不要了！反正网民不能拿你怎么样是吧！
一颗菠萝头-,2020年01月31日,0,0,0,//weibo.com/5605451201/Is5aZkZ6I?refer_flag=1001030103_,想骂人了//@REWIND05:…//@会飞的少女X:无语了//@平独镇露小肥皂:医生带着普通一次性口罩，红会带着N95
大楠咕噜呱唧咩,2020年01月31日,0,0,0,//weibo.com/3950023550/Is5aZkXYC?refer_flag=1001030103_,//@日历橘子箱://@Odette_sun:“你们获得湖北省红十字会拨发1.6W个口罩（后改为1.8万只），定向捐赠，捐赠方北京森根比亚生物技术有限公司，和武汉仁爱医院背后就是同一个老板。” 相当于把钱和物资从左口袋挪到右口袋，自己捐给自己，同时骗到捐赠发票避税。 同时还违反了《慈善法》第四十条
拉斐尔43878,2020年01月31日,0,0,0,//weibo.com/6036722621/Is5aZl1ai?refer_flag=1001030103_,买不到口罩，不敢出门已经很多天了，在家也要穿出名堂[憨笑] ​
wangsivi,2020年01月31日,0,0,0,//weibo.com/2356245491/Is5aZo4HE?refer_flag=1001030103_,转发微博
大象狗,2020年01月31日,0,6,0,//weibo.com/2261435202/Is5aZ6kYS?refer_flag=1001030103_,重了四斤的我已经好久没自拍了 今天自拍了一下 还是别丢人现眼发出来了（还是阿缙比较好看） 这种吃吃吃睡睡睡的日子还有两天  希望两天后大家都能安心上班 有新的突破 大家都不用为了买不到口罩而烦恼 当然不用戴口罩就最好😷了 ​
虚线诺贝尔,2020年01月31日,0,0,0,//weibo.com/2925169661/Is5aZ6m9K?refer_flag=1001030103_,//@·近乎巫:我最看不得老人哭了，口罩真的很难买到啊//@果昕l有枝玫瑰:乘警也真好//@背着猫猫去打渔:看不得老人哭
任性的大脑壳,2020年01月31日,0,0,0,//weibo.com/6315157770/Is5aZ6nc8?refer_flag=1001030103_,ID//@任性的郑三岁:郑爽zs #郑爽# 平时尽量待在家，出门一定戴口罩，保护好自己愿早日战胜疫情
昊哥印象,2020年01月31日,0,0,0,//weibo.com/2616374244/Is5aZ6qEs?refer_flag=1001030103_,我参与了@时间视频 发起的投票【你支持不戴口罩罚款吗？】，我投给了“支持，增强防护意识”这个选项，你也快来表态吧~
少女心思难猜测,2020年01月31日,0,0,0,//weibo.com/6447943764/Is5aYryNS?refer_flag=1001030103_,//@剑仙:全网寻找最幸运的#王者荣耀锦鲤#！我来加码1个荣耀水晶～关注我与@王者荣耀，转发这条微博，就有机会获得哦~（水晶将以现金红包的形式发放，2月3日开奖！）另外，特殊时期，大家尽量减少聚会呀，出门要戴口罩，如果在家里无聊可以看看直播，祝大家幸福安康～
lily_k,2020年01月31日,0,2,0,//weibo.com/1737534460/Is5aYrzT0?refer_flag=1001030103_,就凭厦门摇号买口罩我当初就不应该diss流浪地球拍的不好，人摇号进地下城拍的多具有现实残酷性，艺术来源于生活没毛病 ​
Tessie_W7,2020年01月31日,0,0,0,//weibo.com/2010393737/Is5aYrACj?refer_flag=1001030103_,一场疫情，看透朋友的世间万态。拉近了我和朋友之间更近的距离，互相的鼓励和问候，寄去的口罩和温暖。祝大家一切安好，都要平安顺遂！ ​
樱之CC,2020年01月31日,0,0,0,//weibo.com/1769218181/Is5aYrAMY?refer_flag=1001030103_,//@上流汉:武汉协和医院因为网上乞讨物资，打脸了湖北大领导，也得罪了红会。结果收治病人最多的一线医院，连一个口罩都没分到。
La_Gelatina,2020年01月31日,0,0,0,//weibo.com/1353656413/Is5aYuFnv?refer_flag=1001030103_,我气死我气死//@五行属二:红十字，睁大你的狗眼看看//@纯良英俊的笑了笑:绝了真绝//@糊糊不是FUFU:红会带着N95，医生带着普通口罩，哈。//@然后下面就没了://@M大王叫我来巡山:这个也解释解释呢这个点让一线医生百忙中过来领就够离谱了
风花雪月婷婷,2020年01月31日,0,0,0,//weibo.com/6420502429/Is5aYvLCN?refer_flag=1001030103_,#湖北红十字会回应口罩捐赠质疑# #湖北省红十字会口罩使用情况更正说明# #武汉共收到社会捐款25.86亿元# #仁爱医院院长回应口罩使用情况# #湖北红十字会回应口罩捐赠质疑# #武汉市慈善总会捐赠款使用情况公告#
唐梓莘,2020年01月31日,0,4,0,//weibo.com/5515700000/Is5aYvMpX?refer_flag=1001030103_,#仁爱医院院长回应口罩使用情况#武红会！请你也公示支出明细！人手不够不是你不公平分配资源的借口！网民骂你你别说委屈！人医护人员还没委屈！人家的命拽你手上呢！@武汉市红十字会 ​
用户3723695441,2020年01月31日,0,0,0,//weibo.com/3723695441/Is5aYsLsM?refer_flag=1001030103_,#口罩去哪了#
和嘻嘻发发,2020年01月31日,0,8,0,//weibo.com/2230189387/Is5aY9UuF?refer_flag=1001030103_,我爸还要值班上班，每天出门我都担惊受怕，口罩现在都只能酒精喷洒消毒再用小太阳高温烤一烤省着用，就算真的有商家可以发货，我们的城市也不知道什么时候可以解除封锁…这场噩梦怎么才能醒啊？ ​
橙色加特林,2020年01月31日,0,0,0,//weibo.com/6604793721/Is5aY9UBw?refer_flag=1001030103_,//@智取莲心 :武汉加油 记得戴口罩
李jin钰啊,2020年01月31日,0,2,0,//weibo.com/5661612807/Is5aXyd8O?refer_flag=1001030103_,如果我有幸成为护士我也想上一线大家记得戴口罩o新年快乐～ 2晋江市 ​
什什么臭臭臭狗屁,2020年01月31日,0,0,0,//weibo.com/3932786735/Is5aXznTa?refer_flag=1001030103_,//@中岛明菜:所有病人家属看到了吗，来这抢口罩啊，抢了分医生，医生没口罩就可能接触到病人然后传染给你
凹妹卐保卫家园,2020年01月31日,0,0,0,//weibo.com/2315407764/Is5aXzofe?refer_flag=1001030103_,//@历史作家金满楼:这次疫情反映出来的科普、疏导、宣传能力几乎为零。//@青竹山俗:非常时期，应立即征用接管口罩厂家，根据各地疫情的轻重程度，统一分配到每家每户每个人。
是阿梅吖_,2020年01月31日,0,0,0,//weibo.com/3264434403/Is5aXzoiA?refer_flag=1001030103_,
任性的大脑壳,2020年01月31日,0,0,0,//weibo.com/6315157770/Is5aXzpCK?refer_flag=1001030103_,//@任性的郑三岁:郑爽zs #郑爽# 平时尽量待在家，出门一定戴口罩，保护好自己愿早日战胜疫情
小雅更新,2020年01月31日,0,0,0,//weibo.com/5821492340/Is5aXzpaz?refer_flag=1001030103_,tg//@小雅更新:#抗击新型肺炎我们在行动##全民口罩行动#张艺兴为前线医护人员点赞 为各地支援队伍点赞 这个春节我们一起响应号召 勤洗手少出门 戴口罩 保护自己也对他人负责@努力努力再努力x
狂想症侯群患者,2020年01月31日,0,0,0,//weibo.com/5907406437/Is5aXBfUt?refer_flag=1001030103_,//@SpoonKid ://@平独镇露小肥皂 :医生带着普通一次性口罩，红会带着N95
来是猫猫言,2020年01月31日,0,0,0,//weibo.com/1764875414/Is5aXBcyK?refer_flag=1001030103_,@梦幻猫猫花 //@陆浑戎:？//@出版人周筠://@霜叶:一天一个人60个，你们缝寿衣呢？
甲鱼在线给狗叠吹唢呐_暗夜项链,2020年01月31日,0,0,0,//weibo.com/5684630312/Is5aXjwaL?refer_flag=1001030103_,武汉怕不是有一只超能吃的古代神兽吧？？？这么多捐款下落不明？？？？口罩哪去了？？？#口罩哪去了#
尕虫木木,2020年01月31日,0,0,0,//weibo.com/1202083970/Is5aXjAql?refer_flag=1001030103_,强烈要求直播红会调拨物资过程，请公布调拨物资标准，为何给非定点医院调拨那么多口罩？为何不给协和医院？ 疫情早期说人家造谣，现在疫情还没完就给医院穿小鞋嘛？
爱篮球爱吃棒棒糖的Lincey,2020年01月31日,0,0,0,//weibo.com/6401397392/Is5aXjAxM?refer_flag=1001030103_,转发微博
凄美匠_,2020年01月31日,0,0,0,//weibo.com/2285743513/Is5aXjB5C?refer_flag=1001030103_,
兴旺佳发达,2020年01月31日,0,0,0,//weibo.com/1986695662/Is5aX2Yhz?refer_flag=1001030103_,#广州预约买口罩#8点就进小程序试了，番禺不在行列，再等等吧。 ​
Kid的慕米,2020年01月31日,0,0,0,//weibo.com/2386627212/Is5aWFR4b?refer_flag=1001030103_,买口罩太难了，付了钱也因为缺货被退回来，天天的新闻看的闹心又生气 ​
任性的大脑壳,2020年01月31日,0,0,0,//weibo.com/6315157770/Is5aX1R6g?refer_flag=1001030103_,7D//@任性的郑三岁:郑爽zs #郑爽# 平时尽量待在家，出门一定戴口罩，保护好自己愿早日战胜疫情
匠人水彩,2020年01月31日,0,0,0,//weibo.com/1652447307/Is5aWqah5?refer_flag=1001030103_,转发微博
嘉兴慧眼看楼,2020年01月31日,0,0,0,//weibo.com/1881518080/Is5aWre6P?refer_flag=1001030103_,#嘉兴爆料# 今天带着口罩去排队买口罩，口罩没买到，损失一个口罩😷#嘉兴##防控疫情我们在一起# @冠状病毒疫情关注 @嘉兴人论坛 @浙江发布 ​
橘子橘子我是菠萝啊,2020年01月31日,0,0,0,//weibo.com/3914744579/Is5aWreSr?refer_flag=1001030103_,我什么时候能买到口罩啊 我好慌 再过几天就要坐动车回去上班了 ​
自摸发财杠上开花,2020年01月31日,0,0,0,//weibo.com/5400738264/Is5aW7L6A?refer_flag=1001030103_,//@Tiger公子:210个员工，60个住院病人的医院每天日均消耗2430个口罩，那光床位就四千多张的武汉协和医院每天需要的口罩数量应该怎么算。//@果子狸7777: 哈哈哈哈哈哈没开工的医院用掉了1.2万口罩，一问就是送了，这条线串起来太棒了。//@第一次见:红会发给你然后你发社区？
玺玺玺玺姐姐,2020年01月31日,0,0,0,//weibo.com/2728835405/Is5aW6uh6?refer_flag=1001030103_,妈的吐了吐了//@鹿角千:是打算让一线医务人员倒了 不让人家给你们看病了是吧//@叫大爷嘿·:吐了吐了//@平独镇露小肥皂:医生带着普通一次性口罩，红会带着N95
一只小白船_,2020年01月31日,0,0,0,//weibo.com/5438607598/Is5aW6ux3?refer_flag=1001030103_,//@野鸡饲养八级学家:我杀人了//@桃沢梨沙子://@朝阳区迎财儿:操了，大家都是爹生娘养的，人家医护人员在一线拼了命的救人工作，狗东西在后面口罩都不给发放还贪钱，都赶紧去死吧
二楼不靠谱,2020年01月31日,0,0,0,//weibo.com/1426448907/Is5aW6wY5?refer_flag=1001030103_,红十脑子呢//@余婧在路上:一线人员的呐喊，看她们像是嫌弃kn95的样子吗？→//@perry爱Cherry :我们一线人员都快没口罩了，你他妈给社区？？？？？？？？？？？？
为什么想改的昵称改不了,2020年01月31日,0,0,0,//weibo.com/7270656584/Is5aW8uqz?refer_flag=1001030103_,啊啊啊，我希望是我啊//@指法芬芳张大仙z:口罩戴起来，小奖抽起来～不出门也能玩个痛快！今年的#王者荣耀锦鲤#活动开始啦~我来加码1个荣耀水晶！关注我与@王者荣耀，转发这条微博，2月3日我将抽取一位粉丝，以现金红包的形式发奖！
又要开始健身了,2020年01月31日,0,0,0,//weibo.com/1416876591/Is5aW9A4s?refer_flag=1001030103_,注册了一堆没听过的购物软件，等着上货发货认证买口罩 ​
豌荳酱,2020年01月31日,0,0,0,//weibo.com/3662741203/Is5aW9BXC?refer_flag=1001030103_,即使延期到10号上班，我也依然没有口罩没有酒精没有84消毒液 ​
参但x确话那_,2020年01月31日,0,0,0,//weibo.com/7373029444/Is5aW9C8Q?refer_flag=1001030103_,//@多爱wjk一秒的Lei:#跟着王俊凯益起来# 王俊凯  出门务必戴好口罩，保护自己，保护别人，勤洗手，少出门。#心引力# #流星-TFBOYS-王俊凯# @TFBOYS-王俊凯
余小朵同学,2020年01月31日,0,0,0,//weibo.com/1956979527/Is5aVwIF4?refer_flag=1001030103_,对于那些不戴口罩的，我也很想飙脏话！//@宋冬野:Lonely god
滴滴耷耷,2020年01月31日,0,0,0,//weibo.com/1912536462/Is5aVuM3S?refer_flag=1001030103_,有无法律依据？//@沐水游 :……//@沐非 : //@幸运的小五在上海 :这个不是捐赠，武汉的顺丰在做什么?//@SHI清濑栗子 :是要把口罩等物资带到棺材里嘛//@可尔必思喝完了 :到底它红会凭什么能截快递啊？//@不倒翁聪聪 :这是人能干的事情吗？//@坐地废话八万句 : ..... 寄给个人的截下来 这什么权力啊
小雅更新,2020年01月31日,0,0,0,//weibo.com/5821492340/Is5aVuNrQ?refer_flag=1001030103_,nv//@小雅更新:#抗击新型肺炎我们在行动##全民口罩行动#张艺兴为前线医护人员点赞 为各地支援队伍点赞 这个春节我们一起响应号召 勤洗手少出门 戴口罩 保护自己也对他人负责@努力努力再努力x
风吹过七千里,2020年01月31日,0,0,0,//weibo.com/2146357322/Is5aVd7bK?refer_flag=1001030103_,日本汉语水平考试HSK事务所捐赠给武湖北的物资，20000个口罩和一批红外体温计。 标签上写着“山川异域，风月同天”。  p.s. 据记载鉴真事迹的历史典籍《东征传》记载：日本长屋亲王在赠送大唐的千件袈裟上绣“山川异域，风月同天，寄诸佛子，共结来缘”偈。鉴真大师被此偈打动，决心东渡弘法。
锕晷哥,2020年01月31日,0,0,0,//weibo.com/5820265088/Is5aVemLo?refer_flag=1001030103_,急用的得不到，没有接收病人的到挥耗起来了，这红什么会的有什么猫腻吗
孬孬晓晓妮_ni,2020年01月31日,0,0,0,//weibo.com/2723496471/Is5aVf3aj?refer_flag=1001030103_,//@李大米Lidami:省略三万字脏话//@么么是条大黄狗:真的看着难受//@伍跑跑要跑步:没有接诊就用掉了1.2w个，也是厉害，到时候接起诊来，一线的人员就没口罩用了，这么大气的！为什么没有接诊的医院还能分配到1.8w个口罩，这届红十字会真是厉害啊！
蓝田洩湖,2020年01月31日,1,2,0,//weibo.com/5110801216/Is5aVf67p?refer_flag=1001030103_,当前，蓝田县洩湖镇防控物资紧缺!蓝田县洩湖镇政府感谢社会各界的捐赠消毒液的义举。现在急需N95口罩和84消毒液，热忱感谢社会各界捐赠，联系电话029——82842003.@西安发布 @滚滚是偶 @大耳将军 ​
whswxh,2020年01月31日,0,0,0,//weibo.com/5350560527/Is5aVgcSd?refer_flag=1001030103_,哭了//@黄乳乳:这个视频会不会删哇，搞到一线医务人员亲自下场讨要物资，看着都想哭//@平独镇露小肥皂:医生带着普通一次性口罩，红会带着N95
Bell噗_无限五月病,2020年01月31日,0,0,0,//weibo.com/1760171637/Is5aVgcWV?refer_flag=1001030103_,//@纯洁白果酱://@卡婶婶: 所以那种只能通过下app预约和摇号这一途径获得口罩的，有没有考虑过老人怎么办otz//@_落雨_://@安西千岁:这才是真实的
麻烦爬远一点,2020年01月31日,0,0,0,//weibo.com/7007596337/Is5aVgday?refer_flag=1001030103_,//@宝石亩://@小成故事多啊:就很tm离谱//@糊糊不是FUFU:红会带着N95，医生带着普通口罩，哈//@然后下面就没了://@M大王叫我来巡山:这个也解释解释呢这个点让一线医生百忙中过来领就够离谱了//@小奶球://@北国佳人李春姬:转发微博
一把不好看的红伞,2020年01月31日,0,0,0,//weibo.com/2463245762/Is5aVgeld?refer_flag=1001030103_,意大利现在的情况是这样的 出门戴口罩会被意大利人歧视和骂 出门不带口罩又怕死 那两个确诊的从米兰开始一路南下玩儿了十天
施志平2011,2020年01月31日,3,0,0,//weibo.com/2083005511/Is5aVgepQ?refer_flag=1001030103_,混乱中国！责任在当地政府没管好工作！官员下岗吧
外科鲁医生,2020年01月31日,0,1,0,//weibo.com/2007438605/Is5aUDkUe?refer_flag=1001030103_,@人民日报 “一脸嫌弃”，这是保卫你们安全的人，这是把你们保护在身后的人，就因为迫切需要口罩物资，就被“嫌弃”了？艹！//@一块红布之秋蝉1969:愤怒！//@青藤原野://@管鑫Sam:这个视频就是今天下午现场，我联系的那位医生就站在录视频的人附近。视频属实。 查看图片
祁不可,2020年01月31日,0,5,0,//weibo.com/1968946667/Is5aUDl7K?refer_flag=1001030103_,隔离日记 Day 7:今天天气超级好吃了pizza心满意足 洗了晾了床单 晒了被子蓝后出门放风（依然没有下车）下午回家老规矩吃早晚饭 抱着福福看澳网 我可能要成为蒂姆的粉丝了今天依然是谣言新闻满天飞的一天 病例到了九千多 湖北红十字会拿了五个多亿捐款不作为不说 还给莆田系整容医院发了一万多个口罩上午高院士被群嘲 然后又辟谣黄冈那个押错题 哦不对 一问三不知的唐主任被免职了求发动🙏就这样 
源源想養一隻aiba兔和倉鼠sho,2020年01月31日,0,0,0,//weibo.com/1805602655/Is5aUDlg6?refer_flag=1001030103_,我参与了@陕西旅游头条 发起的投票【仁爱医院得到口罩捐助，你怎么看？】，我投给了“武汉红十字会的做法无法令人信服”这个选项，你也快来表态吧~
--陈大仁--,2020年01月31日,0,0,0,//weibo.com/1739233580/Is5aUDlMv?refer_flag=1001030103_,//@南枫_Naphal:关门吧，太耗口罩了//@Summer_人面獸心:人命如草芥//@吐槽魔阿蛋:编个小说：碰上疫情了，莆田系医疗器械公司手里有一大批口罩，便宜卖了捐了舍不得，自己用又怕被说闲话，干脆骚操作一下。通过红会自己捐给自己，洗一趟下来，还能抵税，名声也好，东西用起来也理直气壮。就是得动用一下
悟君之灞河奇石,2020年01月31日,0,0,0,//weibo.com/2736156742/Is5aUDlRA?refer_flag=1001030103_,口罩都在红十字会的仓库里呢！
A-LIT热血莲萌,2020年01月31日,0,0,0,//weibo.com/6903807236/Is5aUDlVB?refer_flag=1001030103_,回复@慕羊XL:天佑中华 我们一定会度过难关//@慕羊XL:#武汉加油共渡难关#请大家戴口罩，勤洗手，少去人群聚集处。祝福武汉人民，我们携手共进，共渡难关！
o0薄荷小猪0o,2020年01月31日,0,0,0,//weibo.com/1785339117/Is5aUDmdu?refer_flag=1001030103_,下午一觉睡到晚上，醒来刷微博刷到无语，看老奶奶在火车上因为没有口罩难受到掉眼泪的视频，鼻子一酸，哭了。这是一个让人难过的一月，如果真有重置键，我会毫不犹豫的按下那个钮。 ​
任性的大脑壳,2020年01月31日,0,0,0,//weibo.com/6315157770/Is5aUEteO?refer_flag=1001030103_,8D//@任性的郑三岁:郑爽zs #郑爽# 平时尽量待在家，出门一定戴口罩，保护好自己愿早日战胜疫情
看风景DM,2020年01月31日,0,0,0,//weibo.com/1646532395/Is5aUEtST?refer_flag=1001030103_,Direct Relief（国际直接援助组织）是美国最大的国际非政府组织之一，成立于1945年，活跃在全美50个州以及全世界90多个国家。它曾经在2008年汶川地震对华捐助过大批救援物资。其使命是不考虑政治、宗教或经济因素，致力于为受贫困或突发灾害影响的人们提供人道主义援助，从而改善他们的健康状况与生活水平。这次物资全部由Direct Relief捐助，国际运费由美国联邦快递（Fedex）承担，国内段运输由中国邮政承担。『硅谷华人志愿者团体21小时完成跨洋医疗援助 交付20万医用口罩』O硅谷华人志愿者团体21小时完成跨洋医疗援助 交付20万医用口罩 
JChen_茴,2020年01月31日,0,0,0,//weibo.com/1411739021/Is5aUjJHN?refer_flag=1001030103_,//@魅惑蓝心:非典那年，我在上小学，带着很厚的纱布口罩，我还拿着镜子看后面的同学，还被老师批评了。说要带就好好带。同学打碎了水银体温计，拿里面的水银玩给我看。
