我的小奶坤呐,2020年01月10日,0,0,0,//weibo.com/6476946124/IoT6rgqwI?refer_flag=1001030103_,#蔡徐坤 青你2制作人代表# 喜欢看小坤摘口罩 L我的小奶坤呐的微博视频 ​
一口闷两口真,2020年01月10日,1,0,0,//weibo.com/5170331235/IoT67aYtx?refer_flag=1001030103_,不知道为什么我觉得今天的口罩特别有扁鹊的感觉
在线养儿-,2020年01月10日,0,6,0,//weibo.com/6777799504/IoT64emaa?refer_flag=1001030103_,对了 素人就不要戴口罩了 你摘了我也不认识你 你看看人家染妹 ​
小螃蟹蟹蟹蟹蟹蟹蟹,2020年01月10日,0,0,0,//weibo.com/1900214853/IoT5TBwng?refer_flag=1001030103_,//@生活在蟹醋里面://@99年9月21日://@五十分可爱-:摘口罩真的帅死了//@DarK_StaR_王俊凯个人站:登机回家 微博视频  ​​​微博视频  ​​​
毛毛北海道日本生活,2020年01月10日,0,1,0,//weibo.com/2262322301/IoT5T1JCU?refer_flag=1001030103_,pitta儿童口罩 ~材质很柔软【粉黄蓝款  蓝灰绿款  含国际合46  活动价40 都有现货哦~】不易变形，紧密贴合面部轮廓的同时透气性极佳，可以最大程度的扑捉灰尘，而且该口罩可以重复使用哦。给我们的呼吸道更多的保护哦。一包三枚入， 要的亲拍付评论链接吧~ ​​​​
追星鸭,2020年01月10日,11,0,0,//weibo.com/6573837116/IoT5S9XL4?refer_flag=1001030103_,TFBOYS#王俊凯裤子是假两件# 来看帅哥的机场show，特别是摘口罩的瞬间简直绝了 L追星鸭的微博视频 ​
口口玲慧君,2020年01月10日,0,1,0,//weibo.com/2342981674/IoT5RgvIc?refer_flag=1001030103_,小丑的面具   和黑口罩 ​
肉粽糖粽清水粽都是好粽,2020年01月10日,0,0,0,//weibo.com/6782642899/IoT5soFHD?refer_flag=1001030103_,今天带口罩了。
炸鸡加甘梅,2020年01月10日,0,0,0,//weibo.com/6879340643/IoT5p98Po?refer_flag=1001030103_,感觉口罩戴上就会把整张小脸盖住
做梦都想成为千寻,2020年01月10日,0,0,0,//weibo.com/6596807246/IoT5mv8N6?refer_flag=1001030103_,女生戴口罩😷是什么样子？笑死我了╯∀╰ ​
兔兔为何这样,2020年01月10日,0,0,0,//weibo.com/7369235140/IoT52Fuf1?refer_flag=1001030103_,我竟然开始羡慕这个口罩了//@凯爷真美颜盛世:这个手真是绝了//@怎么又醉奶:艹！//@莫挨老子ho:连骨节都是粉嫩的  虽然修长但不会觉得媚气  是人间精品了
颐和果园代理平台那边,2020年01月10日,0,0,0,//weibo.com/1297758060/IoT527hkN?refer_flag=1001030103_,2020.1.10你的健康谁来负责？🤔 朋友圈的陌生人发的（见图）老公公在超市买的橘子🍊给孩子👶🏻吃剥完手都红了😱顾客要投诉商家，看完这个你还觉得我是危言耸听吗？泡药水果离我们真的不远，可以说就在身边，你真的重视健康吗？每天吃进嘴里的都安全吗？商家承诺你不泡药吗？给你看检验报告吗？没有！但是我们辰颐有😉别再说什么少吃点没关系了，泡药水果就跟呼吸雾霾一样，暂时是没什么影响，但是长期积累呢？注重健康的人，雾霾天会戴防霾口罩，同样水果也要选择健康有保障的啊！😊 你不重视，谁来为你负责？健康水果我会一辈子分享下去添加微信咨询:WLN19801974  ​ 2宜昌 
Pluviophile03,2020年01月10日,0,4,0,//weibo.com/6028062610/IoT4v2W5t?refer_flag=1001030103_,『 10/365 』为了漂亮出门没有戴口罩结果晚上回来就成红脸蛋了吃到了心心念的麻花儿果真麻辣烫配麻花才圆满🤗🤗🤗 ​
martooner,2020年01月10日,0,0,0,//weibo.com/2772065205/IoT4twPYX?refer_flag=1001030103_,门诊的第一个星期立即感冒咳嗽口罩都防不住！ ​
还就赖着王俊凯了,2020年01月10日,0,0,0,//weibo.com/5255405320/IoT4snVDc?refer_flag=1001030103_,转发微博
PINKWIND粉风,2020年01月10日,0,0,0,//weibo.com/5124074929/IoT4hsBul?refer_flag=1001030103_,啊哈哈哈哈哈哈哈哈哈居然还戴着口罩哈哈哈哈哈哈哈哈哈哈
乔乔乔妹-,2020年01月10日,19,23,0,//weibo.com/5843559412/IoT4eskuq?refer_flag=1001030103_,"“姐姐 在吗”“我这两天学了一个新姿势”“姐姐想看吗”你点开微信置顶的会话框，仅是跳出三条消息就让你红了脸。“什么？”你克制着兴奋，抖着手在屏幕上敲下这两个字点了发送。那边很快地回了消息“很酷的动作和姿势！姐姐想要和我试试吗”还没等你想好怎么回复说""想""的同时又不失矜持，手里的手机就震动着响起铃声。“喂”刚接通，小朋友低沉又带着俏皮的嗓音从听筒那边传来“姐姐，试试嘛试试嘛”“真...真的要试吗，不太好吧，你还小诶”电话那头：……那头明显对你说的话充满疑惑“可我想和姐姐试试！怕什么，不会受伤的，而且，我不小，我成年惹！”“那...那你现在在哪”“姐姐等等！我给你发定位！”说完没等你回应就极快挂断电话，像是怕多等一秒，你就要反悔似的。叮咚一条消息过来是一家小有名气，对客户隐私保护措施做的很好的星级酒店。一路上，你叼着手指，对接下来会发生的事充满了期待和不安――虽然小朋友成年了，但对你来说始终是小朋友，小朋友骨子里的莽撞和冲动还是让你有点担忧。“姐姐 这里这里”他朝你的方向挥了挥手，早早就戴着口罩在酒店门口等着接你。“姐姐我们上去吧 快点快点”“你...急什么”“当然是想快点让姐姐见识见识 我厉不厉害啦”你：……心想真是个直球电梯里的氛围很微妙，旁边的小朋友不说话一直抬着头看电梯上升的层数，你看不太出他在想什么，或者说，现在你根本不敢抬头直视他，只能一直低着头在扣手指。“叮”终于到了，小朋友像脱了弦的箭似的从电梯里“射”了出去，小跑着去开酒店的房门，然后站在门口一脸期待的望着你“姐姐 快进来”“不要这么急吧 我...我有点害怕”“别怕！我可以教你”说罢，他转身关了房门，顺手将门反锁，你看着他这一系列动作，不自觉的咽了下口水，心跳的更快。你坐在床上，他站床边将口袋里的手机打开相机伸给你：“姐姐准备好了吗”，你疑惑的有点不太敢接，问道“这是？”“录视频呀，我先演示一遍动作给姐姐看，姐姐帮我录下来，一会看着视频学，就更容易些”“啊？玩...玩这么大吗”你能感觉到自己说话的声音已经在打斗，又咽了咽口水，毕竟这也太刺激了点。“准备好 我要开始喽”“三”“二”“一”眼前的人从两米大床的左边蹦到右边后稳稳地站起来回头看着你：“怎么样，我跳的还不错吧”你：……“我练了好久呢，之前一直找不到落地最帅的姿势”你：……“今天刚学会就迫不及待的想跳给姐姐看”“怎么样怎么样怎么样！”“我厉不厉害！厉不厉害！”你一脸不敢相信的样子僵在原地，机械般的鼓完掌，随后竖起大拇指“厉害…厉害”“那姐姐要试试吗！我可以教你哦！”……一整晚，酒店这间房里的动静就没消停过，床被撞的“咯吱咯吱”响，你在心里感慨，还好隔音比较好…… "
Yummylix·,2020年01月10日,3,2,0,//weibo.com/6627676947/IoT3PCbCa?refer_flag=1001030103_,#反转魅力felix#🐱#人间甜豆felix#春天什么时候到呢？ 就是你摘下口罩跟我打招呼的时候©️felixlooped LYummylix·的微博视频 ​
毅儿的早安NT,2020年01月10日,0,0,0,//weibo.com/5121517430/IoT3IxEM9?refer_flag=1001030103_,//@Kallake超级农农资讯站:陈立农 #陈立农幸福特写#饭拍视频 200110 宁波飞北京 点击收获无口罩帅农！@陈立农
slIslzZz,2020年01月10日,0,0,0,//weibo.com/1975163580/IoT3vy0NC?refer_flag=1001030103_,怎么会有人把开衫穿的这么好看//@白汾温酒:农农学长//@豆豉腊肉腌笃鲜:没有帽子口罩(⁎⁍̴̛ᴗ⁍̴̛⁎)//@空栀1003:啊啊啊啊好清新
85小猪猪,2020年01月10日,0,0,0,//weibo.com/6414111939/IoT2PiJFs?refer_flag=1001030103_,帽子 衣服 裤子 包包 口罩 后脑勺
Mercury452k,2020年01月10日,0,0,0,//weibo.com/5861885060/IoT2Kjvz9?refer_flag=1001030103_,人和人的关系该是怎样的呢一点一点从熟悉到陌生吗害，讨厌区别对待讨厌忽冷忽热四晚戴着口罩回家，在校门口看见Z已经走过去又转身跟我打招呼真的太亲切了小时候我们可能都是被迫在别人口中比较比如我考了100分他考了98他考了100分我考了99分，害，小学数学也太简单了现在大了倒是愈发亲切了无力感时常令我不适就像冷风从鼻子吹进喉咙卡血似的难受人和人是不一样的，我总不能要求他们对我同样的热情 
巾鱼18,2020年01月10日,5,21,0,//weibo.com/6716697888/IoT2FyDQF?refer_flag=1001030103_,蔡徐坤#陌森眼镜代言人蔡徐坤# @蔡徐坤 K重生（Original mix） ​​​宝贝感冒了，真心疼，告诉大家一个好方法 我上月流感被传染了，回家用艾灸熏大椎穴，两天就好了（我儿子九岁了，近五年只要生病基本熏艾灸就好了）。另外这几天流感流行，如果抵抗力差的注意在人多的地方带口罩，或是提前喝蒲地蓝抗病毒口服液真的很好的。看到的ikun希望顶顶我，让更多人知道 L巾鱼18的微博视频 
郭双龙,2020年01月10日,0,0,0,//weibo.com/1909673931/IoT2DvfiX?refer_flag=1001030103_,程结束，何#云淡风轻106#栖迟合上记了满满一页的笔记。 　　同学们陆陆续续出了教室，何栖迟戴着帽子和口罩走到讲 #第一次涂口红的你##赵丽颖蓝色纱裙##澳大利亚血色天空# ​
_笑嘻嘻的嘻嘻_,2020年01月10日,0,2,0,//weibo.com/7332367698/IoT2uC0oF?refer_flag=1001030103_,就不带口罩让你看 2济宁·梁山县 L_笑嘻嘻的嘻嘻_的微博视频 ​
鸭宝·,2020年01月10日,0,2,0,//weibo.com/5026566486/IoT2k0kAs?refer_flag=1001030103_,纪念刚买两天就不知道被我丢哪儿去的口罩 ​
zoey又叫周二,2020年01月10日,0,4,0,//weibo.com/5368413998/IoT2hkcGf?refer_flag=1001030103_,为什么重感冒还要来上班啊 还不戴口罩😷行吧 被传染了第一次有被传染的深刻惨痛概念和体验 f* ​
美妆抢手,2020年01月10日,0,0,0,//weibo.com/6345792215/IoT1Xyk0m?refer_flag=1001030103_,【防晒】防晒是一年四季都不可少的，过敏的时候更要认真做好。小编建议大家出门可以戴口罩，然后撑伞，这样双重保护会比较好。如果已经过敏还不注意防晒，让皮肤在阳光下暴晒的话，那么会加重过敏的状况，所以一定要注意。不想加速肌肤变老，防晒一定更要做好！ ​
再见拔丝地瓜再见舒服被窝,2020年01月10日,0,0,0,//weibo.com/6085386340/IoT1QrP98?refer_flag=1001030103_,我真的超级超级怕痒，每次理发都是折磨，而且我还不能穿高领毛衣，因为痒！我今天戴口罩，戴了一会儿也戴不下去，因为下巴下面靠近脖子的地方太痒了！我都服了
送你一盒鱼罐头,2020年01月10日,0,6,0,//weibo.com/2197165737/IoT1GESTb?refer_flag=1001030103_,口罩一戴谁也不爱 ​
鬼马mark,2020年01月10日,0,0,0,//weibo.com/1227662575/IoT1zAd2v?refer_flag=1001030103_,一个病号，在姥姥家的日常（戴口罩） 2西安 ​
流畅基本上无害么么哒,2020年01月10日,0,2,0,//weibo.com/1246661681/IoT1ui9rE?refer_flag=1001030103_,买了个600块的口罩，现在就是心疼，非常心疼 ​
AutumnCrushK,2020年01月10日,0,0,0,//weibo.com/3484428731/IoT1mhutJ?refer_flag=1001030103_,以往多少次口罩下面也是这样的倦容啊我的宝贝小坤
Devil小五郎,2020年01月10日,0,11,0,//weibo.com/3938284056/IoT1l7dVQ?refer_flag=1001030103_,口罩一带 谁都不爱 ​
小熊饼干趣多多,2020年01月10日,0,0,0,//weibo.com/3214616557/IoT19i6GM?refer_flag=1001030103_,今天收拾东西的时候找到了小雏菊的小样 没注意按了一下直接喷进了眼睛里 冲进厕所里洗了很久才不疼了 后果就是…………我今天一天都满脸是它那个甜味儿（我没有说不好闻的意思）尤其在车上一直戴口罩味道更大更明显了 我现在满脑子都是小雏菊的味道 深刻地印在了我的嗅觉记忆里 
用户5247057744,2020年01月10日,0,0,0,//weibo.com/5247057744/IoT0Wz4lt?refer_flag=1001030103_,圆圆放下那黄瓶，带上手上的口罩，开始执行命令，今晚目标是带上你身旁的女神去香港最高处（看看天空，望望月亮） ​
孤狼嗷呜,2020年01月10日,0,5,0,//weibo.com/5846422645/IoT0O0OGn?refer_flag=1001030103_,今日总结：与pljj@创不可贴wandering 和plmm@uni坦诚地讲一点废话 亲切会晤，并友好告别。猝不及防相遇阿磊，阿磊在人群中一眼认出戴口罩的我，然后开始了窒息对话，相顾无言，于是我们互相给对方拜了个早年（不是开玩笑，是真的操作） ​
悠悠瑰儿,2020年01月10日,0,1,0,//weibo.com/1658418337/IoT0zgsai?refer_flag=1001030103_,糙啦不戴口罩不抹防晒干巴老太太喽娃不让妈妈不能这样赶紧补补水来娃啊你说啥就啥吧，想曾经娘是让你听娘的话来现在娘跟着你跑听着你的话三九天果然冷娘俩手揣着暖和着夜也热闹着京城几天充实、忙、开心的几天该做的事漂亮着做了吃也吃了想吃的念着想着家人却不能全合在一起总有小遗憾总需要奋斗加油期盼今日推荐日料从碗碟到菜品精致到极点怎么吃娃教你 
全糖小神仙,2020年01月10日,0,0,0,//weibo.com/6728149379/IoT0srsye?refer_flag=1001030103_,戴口罩后好像个pljj我错了哥我有罪
我叫阿慧呐,2020年01月10日,1,9,0,//weibo.com/2487493897/IoT0mdSmQ?refer_flag=1001030103_,朱赞锦💎 #向全世界安利朱赞锦# 20年第一次见💜 20200110💜 带了口罩也依旧可爱的赞真的是瘦了好多啊…多吃点啊啊啊啊啊啊啊…！@朱赞锦 💜 💜 💜 💜 💜 ​
球球1225,2020年01月10日,0,0,0,//weibo.com/2422140332/IoT0ctfLV?refer_flag=1001030103_,给自己太多压力。” 　　何#云淡风轻106#栖迟笑了笑：“孙医生再见。” 　　到了楼下，何栖迟已经戴好口罩和墨镜。 　　“迟姐，我们去哪？”靳红羽坐在驾驶座上，回 #美对伊极限施压是伊核紧张局势根源##新年心愿# ​
农农农糖-1003,2020年01月10日,0,0,0,//weibo.com/6619375069/IoT05FmLj?refer_flag=1001030103_,//@搞搞搞搞搞搞兔://@豆豉腊肉腌笃鲜:没有帽子口罩(⁎⁍̴̛ᴗ⁍̴̛⁎)//@空栀1003:啊啊啊啊好清新
张天空天空,2020年01月10日,0,0,0,//weibo.com/2951198847/IoT00FjMQ?refer_flag=1001030103_,哈哈哈哈哈哈哈哈墨墨一人作歌一个人当好吗，摘了口罩唱着摇花手好吗
_FDeiie_Er,2020年01月10日,0,0,0,//weibo.com/5101601973/IoSZvk41o?refer_flag=1001030103_,你把口罩摘了墨墨//@Z阿货微八:哈哈哈哈哈哈哈哈哈momo:别爱我，没结果，除非手花摇过我
我现在就想核平世界了,2020年01月10日,0,0,0,//weibo.com/5692165984/IoSYRa1Z1?refer_flag=1001030103_,戴着口罩都遮不住你笑的弧度😊
我不想丸辣_,2020年01月10日,0,0,0,//weibo.com/2043322441/IoSYQgaOK?refer_flag=1001030103_,//@凯喵研究所://@wjk的肥肥:转发微博
桃汽桃,2020年01月10日,0,2,0,//weibo.com/7077411179/IoSYP59Ax?refer_flag=1001030103_,口脸咋这么小，这个口罩本人戴了也是肥猪一个，无语//@心动信号仪:怎么都这么高的人了还是会让人想揣兜里带走啊！//@口口环游世界:小朋友//@想尽办法吹彩虹屁:怎么像个高中生
超级阿珂ke,2020年01月10日,1,0,0,//weibo.com/5759957715/IoSYMruQI?refer_flag=1001030103_,没有口罩，没有帽子
julychu,2020年01月10日,0,7,0,//weibo.com/3517580483/IoSYDxLSb?refer_flag=1001030103_,本来困的不行，奈何娃精神很好不睡觉…感冒流鼻涕，晚上头更疼，白天带着口罩奶娃，不知道是混合喂养的弊端还是真的就奶水不足，娃吃奶哭闹，晚上7点喂了奶粉以为饱了没事就会睡了，一直不睡哼唧，9点半强撑着起来又奶她，吃的着急又不行，冲点奶粉也没吃多少，下床拍拍溜达溜达睡着了，刷奶瓶，蹑手蹑脚的躺下。一天天的心力交瘁，快两月了，好像还是带不好似的，在婆婆这住了一周多了，此时身边婆婆的呼噜声，楼上不知谁家的电视连续剧嘈杂声，宝宝刚刚的哭闹声仿佛还在耳边，睡不着了。好难，日复一日的坚持着… 
王巨好看kk,2020年01月10日,0,0,0,//weibo.com/6462716868/IoSYq09Xu?refer_flag=1001030103_,王俊凯 200110 曼谷-北京 饭拍视频竖屏  摘下口罩的那个瞬间！！啊啊啊你又再次击中了我的心！！！//@DarK_StaR_王俊凯个人站:登机回家 微博视频  ​​​
依然是阿泽,2020年01月10日,0,3,0,//weibo.com/1942149014/IoSYgxnil?refer_flag=1001030103_,戴上口罩18岁 ​
纯真香水鸡,2020年01月10日,0,4,0,//weibo.com/2323663947/IoSXW88hx?refer_flag=1001030103_,没有皮筋而洗澡苦手，妈妈从包里掏出一个口罩递给我。我:  不愧是你。 ​
99年9月21日,2020年01月10日,2,0,0,//weibo.com/5080517380/IoSXKzzp5?refer_flag=1001030103_,//@五十分可爱-:摘口罩真的帅死了//@DarK_StaR_王俊凯个人站:登机回家 微博视频  ​​​微博视频  ​​​
秒杀排行榜,2020年01月10日,0,2,0,//weibo.com/2077160910/IoSWJ5xEY?refer_flag=1001030103_,【9.9】创净 浴室玻璃瓷砖清洁剂500g有股刺鼻的味道，使用过程要带口罩才行，清洁效果很好，洗手池、卫生间瓷砖上的水垢都能清洁干净，也是时候给他们洗洗澡了 ​
浅蓝色胖蟹,2020年01月10日,0,0,0,//weibo.com/5864692876/IoSWEkcbb?refer_flag=1001030103_,转发微博
幸运是我__,2020年01月10日,0,0,0,//weibo.com/3171585167/IoSWrFf1Z?refer_flag=1001030103_,啊啊啊啊啊啊啊啊啊啊啊啊啊啊啊啊
姗珊的money,2020年01月10日,0,0,0,//weibo.com/5498172025/IoSWo6nZO?refer_flag=1001030103_,朱赞锦少有的带了口罩
呀明天吃什么,2020年01月10日,0,0,0,//weibo.com/3845573534/IoSWo6mYX?refer_flag=1001030103_,在整理相册 就想发个微博和杨杨一起去吃KFC 杨杨拿到九珍果汁 坐下第一件事就是帮我挑冰块 这就是一种默契吧那天考完会计从业资格证 杨杨带我去吃了烧烤 可惜没考过 还要再考 真难受妮妮和倩姐给我准备的生日礼物 妮妮为了我竟然去研究口红了 倩姐说这个精华真的很好用就给我买了 杨杨亲手为我做的蛋糕 室友给我和晗晗准备的蛋糕 那天我们一起去吃了哥老官 看了误杀 还有那天和杨杨还有他姐姐一起去吃饭 杨杨特意为我点的布丁•仿•生日蛋糕生日爸爸妈妈哥哥姐姐给我发了红包🧧 嘻嘻嘻生日第二天 杨杨给我化的妆 妤妤妹妹说这眉毛画的比我好 害 我还不舍得卸冬至晚上 戴了顶帽子 戴上口罩 很草率的去了超市买了一堆垃圾食品 姐姐送的海蓝之谜的气垫 不好意思收 姐姐一定要给我 杨杨回家前一天 我们去了欧洲城 又去吃了暗恋桃花苑 点了个烤红薯 上面粉色的竟然是跳跳糖 害 烤红薯 是你吗 吃完饭去买了布丁芋买露还有绝味鸭脖 中了两个小鸭子今天杨杨给我直播他做蟹黄牛排炒饭 看起来很好吃 我也想吃现在 我在看锦衣之下 越看越上头 害 
股市女人,2020年01月10日,9,33,0,//weibo.com/5631443851/IoSWkevyx?refer_flag=1001030103_,澳大利亚大火，这些你绝对瞎弄不到。1，大火烧了四个月，再火烧的旺的时候澳总理去夏威夷度假。2，共计抓获180名纵火犯，其中还有消防员（大火是澳洲人民娱乐项目？）3，大火同时，政府花费3100万举行跨年烟火表演。尽管国民反对，要求将钱用来灭火。4，国家驳回志愿者申请口罩的请求，认为志愿者是自愿的，应该自己购买。如果在我国，你觉得大火能活几个月？#澳大利亚# 
zclmalfc06,2020年01月10日,0,0,0,//weibo.com/2313413035/IoSWdcGy7?refer_flag=1001030103_,#宋仲基波哥大# 有小胡茬了，所以戴口罩了吧，祝一切顺利，照顾好自己🙏
普通颜狗小甜,2020年01月10日,0,8,0,//weibo.com/1781017653/IoSWbEWV3?refer_flag=1001030103_,王圆是在展示他很好虽然有点孤独但是他很好哦但是俺：寸头嗷呜呜呜去哪里都要戴口罩嗷呜呜呜 光头坐在灯边灯一下开一下关嗷呜呜呜 王圆一个人躺在草坪上嗷呜呜呜 831演唱会没抢到票嗷呜呜呜 旋木嗷呜呜呜呜后果眼睛哭肿了 ​
勺子妹妹爱米饭哥哥,2020年01月10日,0,0,0,//weibo.com/6247169367/IoSVDFQOy?refer_flag=1001030103_,转发微博
要去嫦娥住的地方,2020年01月10日,0,0,0,//weibo.com/6105469471/IoSVrjivH?refer_flag=1001030103_,扯自己的口罩好可爱啊
抱走王俊凯的丽哥,2020年01月10日,2,0,0,//weibo.com/7308984154/IoSVmAPo8?refer_flag=1001030103_,转发微博
shaddock陈宥维安利站,2020年01月10日,0,1,0,//weibo.com/7153056734/IoSUMtTmQ?refer_flag=1001030103_,陈宥维#陈宥维心动记录# 啊啊啊啊这个男人戴口罩都这么帅 ​
SweetLuckyan,2020年01月10日,0,0,0,//weibo.com/5702287390/IoSUGzqvy?refer_flag=1001030103_,我靠摘口罩这里心跳漏了一拍//@王俊曦_RUNFREELY:我靠我靠！！！！我命令所有人给我打开右边这个视频！//@DarK_StaR_王俊凯个人站:登机回家 微博视频  ​​​微博视频  ​​​
草莓味的沙冰吖,2020年01月10日,0,0,0,//weibo.com/5874288221/IoSUBhFlw?refer_flag=1001030103_,王俊凯#王俊凯# 口罩也阻挡不了宝贝眼里的星辰大海 ​
微雨如冰wxx,2020年01月10日,0,0,0,//weibo.com/3639762851/IoSUztW1R?refer_flag=1001030103_,雪纷纷扬扬的下了大半天，下午下班时候还没有停下来的意思，我看看时间：哦，没事儿，还赶得上最后一趟班车。收拾好东西，送走孩子们，便打开微信群看车到哪里了。啊？什么？由于下雪，少发一趟车，最后一趟班车已经走了半个多小时了，再看看四周，平时做班车的同事们也都因为各种原因不见了影子，偌大的学校，除了本村的老师就只剩下我自己了。看来今天又要步行到村口去等长途车了，希望还有车。雪花还在飘，我却没有带伞拉紧羽绒服，扣好帽子，戴好口罩，我走出校门，脚下的路除了多了些雪泥，和平时没有什么不同。雪泥很稀，踩上去一点儿声音也没有，只是不时的贱在我的小腿上。风不大，没有北风那个呼呼声，只是摸在我脸上冰凉冰凉的，夹着飘舞的雪花，眼镜不时有点模糊，我一下一下的擦着，鼻子不透气，一连打了好几个喷嚏“是谁这么想我呀表情”！嗓子也不争气，喉咙好痒啊，本来有些好转咳嗽又来了……雪中漫步，是你是我也是他正在这个时候，一辆车慢慢地停在了我身边：“快上来！”一扭头：“哥！”原来是本家堂哥ZG。上了车，马上就是另一个天地，从头到脚都暖呼呼的。“哥，路滑，慢点！”“没事的！”路上，有一搭没一搭的聊着，平时二十分钟的路今天走了半个多小时，平时五分钟一趟的公交车只看到了一趟，都在慢慢的慌着，估计明天很慢吧！到了楼下才下车，目送堂哥越走越远，心里暖烘烘的。万家灯火中，雪花还在飘，心里暖洋洋的表情 
薇爱凯_深,2020年01月10日,0,0,0,//weibo.com/6258436035/IoSUzfmR6?refer_flag=1001030103_,凯哥巨帅💙
末栀-M,2020年01月10日,0,1,0,//weibo.com/5520404021/IoSUl3jF8?refer_flag=1001030103_,嘤嘤嘤好帅//@呜呼拉乌 :摘下口罩那一刻 我枯了//@SUNLIGHT王俊凯日光站 :王俊凯宝贝登机了@TFBOYS-王俊凯  查看图片
蓝色方块叫阿北大美女,2020年01月10日,0,0,0,//weibo.com/5282266638/IoSUi5yNH?refer_flag=1001030103_,#王俊凯裤子是假两件# 帅哥脱口罩的瞬间心空了！@TFBOYS-王俊凯 王俊凯 wjk 三字弟弟cr:见视频 L汐梦晨晞的微博视频 ​
十二点韵,2020年01月10日,0,0,0,//weibo.com/7273490800/IoSTLzM0M?refer_flag=1001030103_,这个小孩最近迷上了米小圈，非要戴口罩给他爹洗脚，说要感受一下爸爸的臭脚 ​
大理化妆大全,2020年01月10日,0,0,0,//weibo.com/6432870815/IoSTJuiwA?refer_flag=1001030103_,【防晒】防晒是一年四季都不可少的，过敏的时候更要认真做好。小编建议大家出门可以戴口罩，然后撑伞，这样双重保护会比较好。如果已经过敏还不注意防晒，让皮肤在阳光下暴晒的话，那么会加重过敏的状况，所以一定要注意。不想加速肌肤变老，防晒一定更要做好！ ​
命由己造_lf叫,2020年01月10日,0,0,0,//weibo.com/6710442888/IoSTHrfl2?refer_flag=1001030103_,老妈一早拉我起来去相亲，我不愿意，老妈就恐吓我一周不煮饭，最后我妥协了…n戴着口罩眼镜屁颠屁颠地出门了。到现场后远远看到我妈向我招手，可能是认出衣服的关系吧。n然后我走过去摘下眼镜那一刻，周边空气寂静了…n我妈一巴大掌打过来说：把你妹妹叫来！然后跟相亲的人解释说这个是哥哥…n ​
御姐控的AMMO訾,2020年01月10日,0,0,0,//weibo.com/5256128122/IoSTAC79L?refer_flag=1001030103_,#王俊凯裤子是假两件# 帅哥脱口罩的瞬间心空了！@TFBOYS-王俊凯 王俊凯 wjk 三字弟弟cr:见视频 L汐梦晨晞的微博视频 ​
唯一的karry王921,2020年01月10日,0,0,0,//weibo.com/5922836766/IoSTp7epy?refer_flag=1001030103_,#王俊凯裤子是假两件# 帅哥脱口罩的瞬间心空了！@TFBOYS-王俊凯 王俊凯 wjk 三字弟弟cr:见视频 L汐梦晨晞的微博视频 ​
呜呼拉乌,2020年01月10日,1,0,0,//weibo.com/6167800145/IoSTlyMG2?refer_flag=1001030103_,摘下口罩那一刻 我枯了//@SUNLIGHT王俊凯日光站 :王俊凯宝贝登机了@TFBOYS-王俊凯  查看图片
崔帕布呀,2020年01月10日,0,0,0,//weibo.com/5836296666/IoST5lWqR?refer_flag=1001030103_,别的不说 我带这口罩咋像个傻的[大毛略略]//@一个帅桃:这太拽了😥
风景好_北京供暖没,2020年01月10日,0,0,0,//weibo.com/6759170523/IoST3xB93?refer_flag=1001030103_,老妈一早拉我起来去相亲，我不愿意，老妈就恐吓我一周不煮饭，最后我妥协了…n戴着口罩眼镜屁颠屁颠地出门了。到现场后远远看到我妈向我招手，可能是认出衣服的关系吧。n然后我走过去摘下眼镜那一刻，周边空气寂静了…n我妈一巴大掌打过来说：把你妹妹叫来！然后跟相亲的人解释说这个是哥哥…n ​
跟着农农笑一个,2020年01月10日,0,0,0,//weibo.com/6547181322/IoST0jwQl?refer_flag=1001030103_,//@搞搞搞搞搞搞兔://@豆豉腊肉腌笃鲜:没有帽子口罩(⁎⁍̴̛ᴗ⁍̴̛⁎)//@空栀1003:啊啊啊啊好清新
BK-边啵甜的虎子,2020年01月10日,0,0,0,//weibo.com/6881458089/IoSSYuvxO?refer_flag=1001030103_,//@吴世勋吧_Ohsehunbar:吴世勋K#吴世勋0110亮相八周年##吴世勋Taokaenoi代言人#@wu世勋-EXO 表白戴着口罩也帅气满分的世勋，期待小王子明天的精彩表现[米奇比心][米奇比心][米奇比心]
我抱住想象力,2020年01月10日,0,0,0,//weibo.com/2101463357/IoSSXD2Us?refer_flag=1001030103_,#王源纪录短片《没有哪个夏天像今年一样》正式上线# @腾讯视频  有30分钟空闲时间的人都应该观看的学生偶像纪实 哭死我啦cnm 戴着口罩坐在波士顿草地的小孩 真希望不再有让你皱眉头的事啦 L王源纪录短片《没有哪个夏天像今年一样》正式上线 ​
皇家相信会有人爱_907,2020年01月10日,0,0,0,//weibo.com/2441651172/IoSSTvGg2?refer_flag=1001030103_,我的态度由你怎么对我而决定。 #爱情公寓不会再有续集##女生眼里只有四类男生##周冬雨戴口罩领奖# ​
猥琐欲为_Jes硕,2020年01月10日,0,0,0,//weibo.com/6709732465/IoSSpDPbP?refer_flag=1001030103_,老妈一早拉我起来去相亲，我不愿意，老妈就恐吓我一周不煮饭，最后我妥协了…n戴着口罩眼镜屁颠屁颠地出门了。到现场后远远看到我妈向我招手，可能是认出衣服的关系吧。n然后我走过去摘下眼镜那一刻，周边空气寂静了…n我妈一巴大掌打过来说：把你妹妹叫来！然后跟相亲的人解释说这个是哥哥…n ​
普通可爱和普通好看,2020年01月10日,0,0,0,//weibo.com/5762930280/IoSS7BcEo?refer_flag=1001030103_,分享一件现在回忆起来都起鸡皮疙瘩的事情，刚毕业在麻醉科当医助，下班交班的时候，大家都在聊一些交接的问题，突然一个刚做完手术的小朋友血氧饱和度下降，大家不约而同的戴口罩第一时间冲到小朋友床前。没有人比你们更懂生命的伟大和奉献的意义。致敬老师们，致敬医护人员。#支持立法保护医护人员安全##护理# 
海超杜语鹏m,2020年01月10日,0,0,0,//weibo.com/6669157964/IoSS5f9uy?refer_flag=1001030103_,在学校门口装死——这是我们第三次见面吧？你带着一群三年前的你跑来围堵学校大门——当然，你现在有知识有文化了，而且学的还是法#运升初夏#律——一些法律条文甚至比我了解的还要清楚。在这个 #周冬雨戴口罩领奖# ​
喂_这里有个小柿子呀,2020年01月10日,0,0,0,//weibo.com/3879757467/IoSS3e3td?refer_flag=1001030103_,作为呼吸道敏感的人来讲真的是很需要了
Sue蘇_容89,2020年01月10日,0,0,0,//weibo.com/1801726933/IoSREpi7U?refer_flag=1001030103_,郑容和最後還摘下口罩說話[米奇比心][米奇比心][米奇比心][米奇比心]
EastLaundry,2020年01月10日,0,2,0,//weibo.com/5536377788/IoSRu2uPr?refer_flag=1001030103_,熬夜和怕死第一梯队终于戴着口罩返湘补觉 ​
Sy_ffy,2020年01月10日,0,0,0,//weibo.com/5379300646/IoSRboC0Y?refer_flag=1001030103_,漂亮漂亮真漂亮 怎么戴口罩也这么漂亮
苏苏千辞的秋天,2020年01月10日,0,0,0,//weibo.com/6279642707/IoSR3pF7V?refer_flag=1001030103_,//@Kallake超级农农资讯站:陈立农 #陈立农幸福特写#饭拍视频 200110 宁波飞北京 点击收获无口罩帅农！@陈立农
_SATORIII,2020年01月10日,0,0,0,//weibo.com/6499830018/IoSQUhfkf?refer_flag=1001030103_,//@豆豉腊肉腌笃鲜:没有帽子口罩(⁎⁍̴̛ᴗ⁍̴̛⁎)//@空栀1003:啊啊啊啊好清新
猎杀玫瑰,2020年01月10日,0,0,0,//weibo.com/5365966112/IoSQR1gvg?refer_flag=1001030103_,//@搞搞搞搞搞搞兔://@豆豉腊肉腌笃鲜:没有帽子口罩(⁎⁍̴̛ᴗ⁍̴̛⁎)//@空栀1003:啊啊啊啊好清新
馥馥小喵,2020年01月10日,0,0,0,//weibo.com/1821964970/IoSQNtgYh?refer_flag=1001030103_,摘口罩了//@SUNLIGHT王俊凯日光站:王俊凯 宝贝登机了@TFBOYS-王俊凯  查看图片
EVOLVE-IN-HJLGS,2020年01月10日,0,0,0,//weibo.com/6078397762/IoSQL6FY5?refer_flag=1001030103_,DAY:2我曾天真地以为海口的电动车队已经突破天际直到来到Hanoi才发现这里的摩托大军才是王中之王我曾认为会讲普通话、河南话、英语和日语出门再怎么也能交流直到来到Hanoi才发现这里最基本的single word都行不通讲真这里太海口了就连我买东西跟人家各种比划都像极了在海口小巷子里买爷爷奶奶摊位东西时的场景这语音语调虽然我都听不懂但是还能再像一点嘛原来我内心对海南话＝外语的定义是如此地准确呀不得不说虽然贵为首府但是物价还是感人的anyway明天准备一个口罩吧入乡随俗continue… 2越南·河内 
乜环囊扌4,2020年01月10日,0,0,0,//weibo.com/6691341478/IoSQypEDI?refer_flag=1001030103_,老妈一早拉我起来去相亲，我不愿意，老妈就恐吓我一周不煮饭，最后我妥协了…n戴着口罩眼镜屁颠屁颠地出门了。到现场后远远看到我妈向我招手，可能是认出衣服的关系吧。n然后我走过去摘下眼镜那一刻，周边空气寂静了…n我妈一巴大掌打过来说：把你妹妹叫来！然后跟相亲的人解释说这个是哥哥…n ​
虛無招來,2020年01月10日,0,0,0,//weibo.com/2410803491/IoSQt5nvE?refer_flag=1001030103_,还要先抹油润润手哈哈哈哈//@酸奶怀孕了:nmd我真的心动了我也要录视频！！！//@快乐王子的红宝石:?rzm//@你是人间四个圈 :有本事把口罩脱了！//@沉迷美色的蛋宝 :墨墨的眼神很到位【有本事你别带口罩！//@水查是个坏几把 :哈哈哈哈哈哈哈哈哈哈哈哈rzm哈哈哈哈啊哈哈哈哈哈
是九九不是九,2020年01月10日,0,0,0,//weibo.com/5289838593/IoSQsdl7u?refer_flag=1001030103_,好爱今天的造型！//@Kallake超级农农资讯站:陈立农#陈立农幸福特写# 饭拍   200110 宁波飞北京 今天是没有口罩的立农！@陈立农
DDDDaydreaming,2020年01月10日,0,0,0,//weibo.com/2900877850/IoSP7rxTG?refer_flag=1001030103_,今天化完妆戴着口罩觉得今天状态特别好相机都拍不出我的好看 ​
大侽亼,2020年01月10日,0,0,0,//weibo.com/17090636/IoSOXpdGG?refer_flag=1001030103_,#新浪看点# “初恋女神”白鹿，湖蓝棉服加铅笔裤现身，口罩遮面也难掩美颜O“初恋女神”白鹿，湖蓝棉服加铅笔裤现身，口罩遮面也难掩美颜 ​
追客_缘,2020年01月10日,0,0,0,//weibo.com/3284772457/IoSON6NZQ?refer_flag=1001030103_,咩咩夜里好今天的小故事来啦，亲爱的请看顾维钧好吃臭菜　　顾维钧是中国现代最著名的职业外交家，虽然游遍五大洲，但他最喜欢吃的还是臭豆腐、臭冬瓜等中国味道。在顾维钧任驻法公使时，他深怕到了巴黎没有臭豆腐吃，因此带了一箱子臭菜。到了码头，这批臭菜不幸被海关发现，人们顿时以为是某种“生化武器”，纷纷戴上了口罩。顾维钧却从容上前，说臭菜实有保健之功，面对着“保健品”而戴上口罩，诚属少见多怪。一番话说得法国人张口结舌，无可置辩。于是这批“生化武器”被堂而皇之地搬上了巴黎中国大使馆的餐桌。完啦 
阿斯伯格男孩Alex的妈妈,2020年01月10日,0,5,0,//weibo.com/7298861214/IoSOMaRQY?refer_flag=1001030103_,#一月十日#整整一年过去了去年的今天你戴着一只蓝色一次性口罩飞往南京，一路流着眼泪在南京，你买了很多黑色口罩在异乡，肆意哭泣这世间，有很多不美好的人，理直气壮做着丑陋的事伤害着你这个时代，堕落是一件多么容易的事轻松又快乐为什么还要    挣扎着坚守古老的原则和底线呢？是为了Alex吗？你希望他未来生活于怎样的世界，你就要为这样的世界去努力；你希望他将来遇到怎样的人，你就要努力去做这样的人。你知道，世间还有美好的人存在，你怕让他们心碎绝望，就好像    你怕让自己心碎绝望 
养只折耳,2020年01月10日,0,0,0,//weibo.com/6048874488/IoSOEd6nF?refer_flag=1001030103_,哈哈哈哈哈哈哈小老弟挺灵活呀//@一只阿玖呐:哈哈哈哈哈哈哈哈哈哈哈你有本事摇花手你有本事摘口罩啊！
璀璨流星划过,2020年01月10日,0,0,0,//weibo.com/6435888989/IoSOD3q2f?refer_flag=1001030103_,《我和我的机器人女友》                      第一章  初识  叮咚……，“谁啊？大早起的，好不容易周末睡个懒觉”（隆重介绍，主人公，也就是我，鑫奇，年龄20岁，身高175，额……我知道我很矮，体重125）“快递，请签收”“哦，来了”我起了床，揉了揉眼，一开门，一个戴着口罩的快递小哥，身后有个大箱子，我签下了我的名字，快递小哥离开了，我有些不耐烦的嘟囔：“什么东西啊，这么大还这么沉，我也没买东西啊，阿西吧，太沉啦”我搬了进来，拿刀子划开了箱子，“什么东西，呸…什么人”这一下可把我吓坏了，里面是一个活生生的人，女人，穿着女仆装，有着一头稍微打卷的头发，“你是谁？怎么在箱子里，动一下，别装死啊”我随手抄起扫帚，戳了一下她，没反应，我壮着胆子，挪动了过去，里面有一个书，“说明书？这是机器人，启动方法：使用手指触摸机器人的鼻子，即可启动，注意：本款产品自带指纹识别，一旦启动此机器人只属于你个人。会不会有危险啊，还是小心为妙啊，切，胆小鬼。反正也不亏，试一下吧。”说着，我便按了一下机器人的鼻子，蹭，她站了起来。“阿西吧，吓死我了。哎哎哎，你别过来，别过来，啊……，额”她不仅没有伤害我，还把我从地上拉了起来，此时的我腿都吓软了，她抬起了手，我以为她要打我。我下意识的抱住了头，她给了我一个脑瓜崩，然后笑嘻嘻的跑去了沙发上，打开了电视，看起了电视剧，还吃起了零食，此时的我惊呆了，我没理她，径直去找那个箱子。上面有个电话，我打了过去，对面却关机了，我回头看了看她，心里想：这货是个机器人？不像啊，她是个正常人吧。“哎”“啊，怎么了”“你是个机器人？”“是啊，不像吗？”“不像”“不像就对了，我是由一个高科技公司花了十年心血，用最接近人类身体的材质制造而成，其中涉及了生物学，物理学，心理学等各种学，对了，我叫小梨，主人”“什么乱七八糟的，我现在只想送你走，告诉我怎么退货”“退不了，一旦指纹确定，无法更改，无法退货，除非紧急情况自爆销毁，但是，我不想自爆，嘻嘻嘻”“嘿，你这……”叮咚，“谁啊”“鑫奇，是我”“妈，你怎么来了”“我来看看你，看看你个臭小子，我不在你有没有干坏事”“啊……”不知怎么的，她竟然哭了起来“阿姨，你可来了，鑫奇要和我分手，我们俩认识有一段时间了，一直是我照顾他，我正想说，准备和他一起见你的，可谁知道他外面有人了，他现在有了新欢就不准备要我了，我怎么办啊”“鑫奇，臭小子，过来”我看我妈抄了扫帚要打我，我就跑“你给我站住”“妈，你听我解释，不是你想的那样的，妈，啊……”          未完待续…… 2唐山 
折扣券系列,2020年01月10日,0,2,0,//weibo.com/2458897801/IoSOyBJmV?refer_flag=1001030103_,【8.8】【保赐利】车家两用除胶神剂450ml 【收藏加购赠除胶铲+口罩】汽车养护上市品牌，实体店销量过百亿，安全绿色配方，不伤原件，一喷一擦，轻松去胶！新年贴对联必备神器！【赠运费险】 ​
两个脸,2020年01月10日,0,47,0,//weibo.com/2704062347/IoSOtzlO8?refer_flag=1001030103_,梁博当梁博的粉儿太苦了：1、几年出两张专辑，三专在路上（也不晓得到哪儿了）；2、娱乐节目（说怕给节目组添麻烦）一概不上，不唱原创的节目不去；3、微博常年停更，自拍还各种手段看不清人（口罩遮，滤镜遮，口罩滤镜还同时遮）。4、好不容易得来的巡演信息，还不晓得哪一天我好苦，军嫂吗  ​​​ 2重庆 
用户5985786024王俊凯,2020年01月10日,0,0,0,//weibo.com/5985786024/IoSOqAn4c?refer_flag=1001030103_,转发微博
火了媒,2020年01月10日,0,0,0,//weibo.com/6434914808/IoSOqjQWf?refer_flag=1001030103_,惠友防尘口罩一次性透气防工业粉尘活性炭打磨灰粉尘甲醛雾霾男女¥24.9#全民带货# #花式种草##好物推荐##vlog##超赞年货节# 【5元券】微博专享限时领券 ​
苏尕尕Sugar0522,2020年01月10日,0,0,0,//weibo.com/6499242860/IoSNIzm9V?refer_flag=1001030103_,//@豆豉腊肉腌笃鲜:没有帽子口罩(⁎⁍̴̛ᴗ⁍̴̛⁎)//@空栀1003:啊啊啊啊好清新
种草小仙女youyou,2020年01月10日,9,1,0,//weibo.com/6490869641/IoSNC8lpu?refer_flag=1001030103_,LiLiA v脸紧致提拉面膜5片装    【29.9】这款在小红shu上是99块3片的啊！粉红色的挂耳式面膜看起来就很少女，戴起来就像戴了个口罩，里面是很有粘性的凝胶精华，不会滴水✨主要是针对双下巴和面部浮肿，像牌牌老是低头玩手机敲键盘的双下巴就很容易跑出来✨淡化细纹的效果也很明显👉 ​
程子君,2020年01月10日,0,0,0,//weibo.com/1649104525/IoSNwt696?refer_flag=1001030103_,#写首诗再睡觉##中国作家##写作##诗歌##祝你晚安#雾霾来的时候我很想你我想大概因为呼吸——你知道的，想念谁的时候总容易有些呼吸困难也可能因为雾霾刺激了我的肌体让我太敏感，于是听见你的名字就让我心动不已可是梦见你却让我泪流满面还可能因为孤独——雾霾里，哪怕隔着面对面的距离我也看不到任何人整个世界只剩下我和一片灰茫茫雾霾来的时候我很想你我假装每颗浮尘都是我在想，你放久了我的想念变得很浑浊雾霾来的时候我很想你我戴上口罩呼吸我裹严全身躯体雾霾的空气紧紧陪伴我，十分密集我也并不孤独——这一次我比我的孤独更加爱你。程双红 
嘹亮的蝈蝈,2020年01月10日,0,0,0,//weibo.com/7205185882/IoSN46Hoq?refer_flag=1001030103_,以前的车祸让我的鼻子严重受损 我特别的自卑 每次出去都戴着口罩 害怕被别人的另眼所见 那场车祸毁了我一生 还好在一次巧合去南京整形医生cici做了鼻综合 现在让我特别的自信 没有困扰了@芭比童颜混血设计专家Lee@芭比童颜混血设计专家Lee@Drcici安全吸脂中心。 ​
伊藤傑朋,2020年01月10日,0,0,0,//weibo.com/7238543190/IoSMUl1n5?refer_flag=1001030103_,類似文代表公司破產以後唯一還剩下的騎士要保護他離開，，，也像要一同蓋在自己頭上在衣服裡心照不宣，，下一秒隔著衣服和口罩接吻，，明明只是在鬧哥哥玩啊 ​
筱桐哥儿,2020年01月10日,0,2,0,//weibo.com/5828307028/IoSMJpnh5?refer_flag=1001030103_,胜利#30天安利李胜利# D-7 今天本来有点丧，但在整理空港Fashion的#胜利 图片# 的时候嘿我又好啦  口罩趴趴眼和黑墨镜都是你的魅力point ​
午夜暗鲨_,2020年01月10日,0,0,0,//weibo.com/6614271870/IoSMHl0nB?refer_flag=1001030103_,哥哥没带口罩！！！
KAI_冰美式,2020年01月10日,0,0,0,//weibo.com/3815125953/IoSMzp4yE?refer_flag=1001030103_,//@折纸飞机寄成信k:我靠口罩口罩//@SUNLIGHT王俊凯日光站:王俊凯 宝贝登机了@TFBOYS-王俊凯  查看图片
qualitative性感5229,2020年01月10日,0,0,0,//weibo.com/6770886546/IoSMycaJu?refer_flag=1001030103_,老妈一早拉我起来去相亲，我不愿意，老妈就恐吓我一周不煮饭，最后我妥协了…n戴着口罩眼镜屁颠屁颠地出门了。到现场后远远看到我妈向我招手，可能是认出衣服的关系吧。n然后我走过去摘下眼镜那一刻，周边空气寂静了…n我妈一巴大掌打过来说：把你妹妹叫来！然后跟相亲的人解释说这个是哥哥…n ​
HeoCon2109,2020年01月10日,0,0,0,//weibo.com/6258833490/IoSMw7KJI?refer_flag=1001030103_,Repost
锋芒又善良,2020年01月10日,1,6,0,//weibo.com/2905348101/IoSMmnMkC?refer_flag=1001030103_,我要记得那个在路灯下冲我笑的人，给我指明方向的人，在黑暗中给我力量的人，逗我笑的人，和我彻夜聊天的人，陪我在马路上到处游荡的人，嘴上说着不想我却偷偷给我缝口罩的人哈哈哈哈哈。@老年收音机 ​
leepanda1212,2020年01月10日,0,0,0,//weibo.com/5841982126/IoSMlsFDn?refer_flag=1001030103_,胜利day 7 印象最深的机场照造型，很多都很好看，选了这两个，又帅又萌穿着外套带口罩，当时还有很多粉丝围着你跑，太可爱了，好像小孩子一样@SEUNGRI胜利-YG #30天安利李胜利# ​
夕颜如糌诤__yw,2020年01月10日,0,0,0,//weibo.com/6710138963/IoSMh3hc7?refer_flag=1001030103_,老妈一早拉我起来去相亲，我不愿意，老妈就恐吓我一周不煮饭，最后我妥协了…n戴着口罩眼镜屁颠屁颠地出门了。到现场后远远看到我妈向我招手，可能是认出衣服的关系吧。n然后我走过去摘下眼镜那一刻，周边空气寂静了…n我妈一巴大掌打过来说：把你妹妹叫来！然后跟相亲的人解释说这个是哥哥…n ​
美哒哒白菜,2020年01月10日,0,1,0,//weibo.com/2650036800/IoSM4D7Fr?refer_flag=1001030103_,【5.1】买二送一.口罩50只拍O网页链接年货节：O网页链接 ​
种草小公举安妮,2020年01月10日,0,1,0,//weibo.com/1856045105/IoSM2BPO7?refer_flag=1001030103_,【5.1】买二送一.口罩50只拍O网页链接年货节：O网页链接 ​
白菜有点萌,2020年01月10日,0,1,0,//weibo.com/6333911057/IoSM2BOl0?refer_flag=1001030103_,【5.1】买二送一.口罩50只拍O网页链接年货节：O网页链接 ​
萌宝挖白菜,2020年01月10日,0,1,0,//weibo.com/6348992553/IoSM2zLe0?refer_flag=1001030103_,【5.1】买二送一.口罩50只拍O网页链接年货节：O网页链接 ​
萌妹挖白菜,2020年01月10日,0,1,0,//weibo.com/6343987384/IoSM2i625?refer_flag=1001030103_,【5.1】买二送一.口罩50只拍O网页链接年货节：O网页链接 ​
白菜遇见喵,2020年01月10日,0,1,0,//weibo.com/6327331343/IoSM2gvWU?refer_flag=1001030103_,【5.1】买二送一.口罩50只拍O网页链接年货节：O网页链接 ​
挖白菜的小萌妹,2020年01月10日,0,1,0,//weibo.com/6343986679/IoSM0dbdM?refer_flag=1001030103_,【5.1】买二送一.口罩50只拍O网页链接年货节：O网页链接 ​
淘淘小淘淘乐,2020年01月10日,0,1,0,//weibo.com/6050264095/IoSM0dcTe?refer_flag=1001030103_,【5.1】买二送一.口罩50只拍O网页链接年货节：O网页链接 ​
白菜小乱炖,2020年01月10日,0,1,0,//weibo.com/6333916057/IoSLZE89E?refer_flag=1001030103_,【5.1】买二送一.口罩50只拍O网页链接年货节：O网页链接 ​
白菜券朵朵,2020年01月10日,0,1,0,//weibo.com/6327329774/IoSLZC05m?refer_flag=1001030103_,【5.1】买二送一.口罩50只拍O网页链接年货节：O网页链接 ​
种草省钱喵,2020年01月10日,0,1,0,//weibo.com/3272995373/IoSLZlTRB?refer_flag=1001030103_,【5.1】买二送一.口罩50只拍O网页链接年货节：O网页链接 ​
鲁班七号挖白菜,2020年01月10日,0,1,0,//weibo.com/5435809896/IoSLZklb0?refer_flag=1001030103_,【5.1】买二送一.口罩50只拍O网页链接年货节：O网页链接 ​
咔咔白菜,2020年01月10日,0,1,0,//weibo.com/3880058188/IoSLZjPuj?refer_flag=1001030103_,【5.1】买二送一.口罩50只拍O网页链接年货节：O网页链接 ​
FrAgMenTstOrY,2020年01月10日,2,0,0,//weibo.com/2096166992/IoSLW5VXg?refer_flag=1001030103_,吴世勋 /191010 仁川✈️福冈  出发\到达▶︎  「即使是口罩帽子都裹起来也遮挡不住帅气的俊脸发光营业」©️®️//  「Logos」 ​
种草达人yoyo,2020年01月10日,9,1,0,//weibo.com/6502136235/IoSLSyKYj?refer_flag=1001030103_,LiLiA v脸紧致提拉面膜5片装    【29.9】这款在小红shu上是99块3片的啊！粉红色的挂耳式面膜看起来就很少女，戴起来就像戴了个口罩，里面是很有粘性的凝胶精华，不会滴水✨主要是针对双下巴和面部浮肿，像牌牌老是低头玩手机敲键盘的双下巴就很容易跑出来✨淡化细纹的效果也很明显👉 ​
凤舞黄沙,2020年01月10日,0,0,0,//weibo.com/1796211735/IoSLsgj19?refer_flag=1001030103_,转发微博
-搞个炸鸡778-,2020年01月10日,0,0,0,//weibo.com/7017514758/IoSLo5z62?refer_flag=1001030103_,哈哈哈哈哈哈哈哈哈哈哈哈哈哈哈哈哈哈哈哈哈哈哈哈哈哈哈哈哈哈哈哈哈哈哈哈哈哈哈哈哈哈哈哈哈哈哈哈哈哈哈哈哈哈哈哈哈哈哈哈哈哈哈哈哈哈哈哈哈哈哈哈哈哈哈哈哈哈哈哈哈哈哈哈哈自带口罩可还行
市井Shun,2020年01月10日,0,0,0,//weibo.com/2585244942/IoSLib91H?refer_flag=1001030103_,Mr. 口罩  O网页链接 ​
阿浮仙子,2020年01月10日,0,7,0,//weibo.com/6299212199/IoSL9iWer?refer_flag=1001030103_,原来这口罩黑金批发的 ​
TKffhya,2020年01月10日,0,0,0,//weibo.com/6079819003/IoSKO2gNa?refer_flag=1001030103_,摘口罩那瞬间我是真的没了！//@DarK_StaR_王俊凯个人站:登机回家 微博视频  ​​​微博视频  ​​​
June_WAK,2020年01月10日,0,0,0,//weibo.com/2717239911/IoSK3nEyd?refer_flag=1001030103_,王俊凯 #王俊凯裤子是假两件# //@狂野男孩的酷girl:卧槽！！！！单手侧头脱口罩的一瞬间，谁都不可以错过！给我点开！！！太帅了！
春芽儿胜利呐,2020年01月10日,0,0,0,//weibo.com/6038071008/IoSJQ6O4L?refer_flag=1001030103_,//@O_o小浅:嘴角疯狂上扬//@搞搞搞搞搞搞兔://@豆豉腊肉腌笃鲜:没有帽子口罩(⁎⁍̴̛ᴗ⁍̴̛⁎)//@空栀1003:啊啊啊啊好清新
容甜豆,2020年01月10日,0,0,0,//weibo.com/6500947718/IoSJLF6Od?refer_flag=1001030103_,这哥笑到捂口罩我忍着面膜不能掉？？？
夏野山河,2020年01月10日,0,0,0,//weibo.com/6905521738/IoSJGAxIn?refer_flag=1001030103_,中华好男儿！口罩摘了！
人气健身达人,2020年01月10日,9,1,0,//weibo.com/6452257542/IoSJB0518?refer_flag=1001030103_,LiLiA v脸紧致提拉面膜5片装    【29.9】这款在小红shu上是99块3片的啊！粉红色的挂耳式面膜看起来就很少女，戴起来就像戴了个口罩，里面是很有粘性的凝胶精华，不会滴水✨主要是针对双下巴和面部浮肿，像牌牌老是低头玩手机敲键盘的双下巴就很容易跑出来✨淡化细纹的效果也很明显👉 ​
运乾伏滢qfej,2020年01月10日,0,0,0,//weibo.com/6701237259/IoSJyBHu2?refer_flag=1001030103_,里的长棍朝着千叶兵部捅了过去。 　　那木棍连尖锐的枪头都没有。 　　他#涵亮听南#们的身体擦身而过。或者说是两道看不清楚的影子擦身而过。 　　只不过是更换了一下位置，只不过是改 #周冬雨戴口罩领奖# ​
王俊凯要平安喜乐·,2020年01月10日,0,0,0,//weibo.com/6662925214/IoSJy2kki?refer_flag=1001030103_,摘下口罩那里好苏！//@DarK_StaR_王俊凯个人站:登机回家 微博视频  ​​​微博视频  ​​​
9岁蔡徐坤粉,2020年01月10日,0,0,0,//weibo.com/5452496579/IoSJghPxr?refer_flag=1001030103_,没戴口罩呦@蔡徐坤
一颗辣糖的自白,2020年01月10日,0,0,0,//weibo.com/6471124144/IoSJfpwhw?refer_flag=1001030103_,我的天啊啊啊啊啊啊啊啊火车上工作人员好帅好好看啊啊啊啊啊感觉突然多了好多好看的年轻小哥哥小姐姐啊 我下车的时候一个工作人员帮我把箱子拿下来我带着口罩声音又特别小说了句谢谢 然后那个小哥哥用我能听清的声音说了句没事哈哈哈哈啊啊啊 ​
杨旻旻旻旻旻,2020年01月10日,0,0,0,//weibo.com/5115094263/IoSJ9u11u?refer_flag=1001030103_,“现在不是说#浩初晴钰#这个时候，小胖子，你是怎么搞到这些房子的？”刑男已经泄完了，现在没那么大 #周冬雨戴口罩领奖# ​
甜心公主_keilan735,2020年01月10日,0,0,0,//weibo.com/6707053585/IoSIowDF3?refer_flag=1001030103_,老妈一早拉我起来去相亲，我不愿意，老妈就恐吓我一周不煮饭，最后我妥协了…n戴着口罩眼镜屁颠屁颠地出门了。到现场后远远看到我妈向我招手，可能是认出衣服的关系吧。n然后我走过去摘下眼镜那一刻，周边空气寂静了…n我妈一巴大掌打过来说：把你妹妹叫来！然后跟相亲的人解释说这个是哥哥…n ​
清盏孤茶_yanyan方,2020年01月10日,0,0,0,//weibo.com/6704944599/IoSI9bCGM?refer_flag=1001030103_,老妈一早拉我起来去相亲，我不愿意，老妈就恐吓我一周不煮饭，最后我妥协了…n戴着口罩眼镜屁颠屁颠地出门了。到现场后远远看到我妈向我招手，可能是认出衣服的关系吧。n然后我走过去摘下眼镜那一刻，周边空气寂静了…n我妈一巴大掌打过来说：把你妹妹叫来！然后跟相亲的人解释说这个是哥哥…n ​
徐国忠,2020年01月10日,0,0,0,//weibo.com/6532636582/IoSHNCbfG?refer_flag=1001030103_,鼻炎是件很痛苦的事情，今天特意分享一招对抗，慢性鼻炎，咽喉炎，感冒，雾霾天，公共场所呼吸道感染的小方法：１️医用一次性口罩，美乐家茶树精油或尤加利精油，２️在口罩内面滴上两滴精油，３带上口罩，清新通透凉爽，安全经济有效环保大人小孩都可以用，对孩子气管也特别好！ ​
TOsometimes,2020年01月10日,0,0,0,//weibo.com/5253040218/IoSHLyU7Z?refer_flag=1001030103_,转发微博
包---_____---子,2020年01月10日,0,0,0,//weibo.com/1965239265/IoSHE7MWz?refer_flag=1001030103_,怎么做到戴口罩吃饭的233333
人气健身酱,2020年01月10日,9,1,0,//weibo.com/6462780433/IoSHx3LJF?refer_flag=1001030103_,LiLiA v脸紧致提拉面膜5片装    【29.9】这款在小红shu上是99块3片的啊！粉红色的挂耳式面膜看起来就很少女，戴起来就像戴了个口罩，里面是很有粘性的凝胶精华，不会滴水✨主要是针对双下巴和面部浮肿，像牌牌老是低头玩手机敲键盘的双下巴就很容易跑出来✨淡化细纹的效果也很明显👉 ​
Candy兔兔日本代购,2020年01月10日,0,0,0,//weibo.com/3265243570/IoSHorKgt?refer_flag=1001030103_,今年pitta口罩新出的宝宝款。男孩👦🏻适合7岁内学龄前宝宝，大孩子就带大人款哈，一包3枚，独立包装，一包三个颜色，可以反复使用☘️ 防花粉、防紫外线、可水洗反复使用，外观超可爱～ 大人儿童一起搭配亲子。#日本代购##国内现货# ​
欣萌萌日本小代购,2020年01月10日,0,0,0,//weibo.com/3982393110/IoSHfl7g4?refer_flag=1001030103_,今年pitta口罩新出的宝宝款。男孩👦🏻适合7岁内学龄前宝宝，大孩子就带大人款哈，一包3枚，独立包装，一包三个颜色，可以反复使用☘️ 防花粉、防紫外线、可水洗反复使用，外观超可爱～ 大人儿童一起搭配亲子。#日本代购##国内现货# ​
只有悲欢,2020年01月10日,0,8,0,//weibo.com/5996328706/IoSH7kAt7?refer_flag=1001030103_,9日，有网友晒出偶遇霍建华的照片，并称：“今天两次偶遇。”照片中，霍建华反戴棒球帽口罩遮面，仅仅露出侧脸。霍建华一边走路一边和朋友聊天，似乎没有察觉到网友正在拍摄他。#霍建华# #霍建华林心如结婚# ​
署名小李,2020年01月10日,0,0,0,//weibo.com/6329095105/IoSH17Zd3?refer_flag=1001030103_,//@Kallake超级农农资讯站:陈立农 #陈立农幸福特写#饭拍视频 200110 宁波飞北京 点击收获无口罩帅农！@陈立农
谁-懂疯子的坚持,2020年01月10日,0,0,0,//weibo.com/6407599970/IoSH17YCO?refer_flag=1001030103_,居然没有戴口罩，辛苦啦，忙完好好休息吧，辛苦啦，帅的
生洳_Minute由,2020年01月10日,0,0,0,//weibo.com/6706032100/IoSGH3YIp?refer_flag=1001030103_,老妈一早拉我起来去相亲，我不愿意，老妈就恐吓我一周不煮饭，最后我妥协了…n戴着口罩眼镜屁颠屁颠地出门了。到现场后远远看到我妈向我招手，可能是认出衣服的关系吧。n然后我走过去摘下眼镜那一刻，周边空气寂静了…n我妈一巴大掌打过来说：把你妹妹叫来！然后跟相亲的人解释说这个是哥哥…n ​
泡泡葡萄冰,2020年01月10日,0,2,0,//weibo.com/6716987604/IoSGz4fdj?refer_flag=1001030103_,建议都不要摘下口罩，这样就挺好 ​
Mreeere,2020年01月10日,1,0,0,//weibo.com/1884420250/IoSGyrSEp?refer_flag=1001030103_,不见太久帽子口罩我都看出了盛世美颜
草莓牛奶盒y,2020年01月10日,0,2,0,//weibo.com/5568983414/IoSGhlV2s?refer_flag=1001030103_,24小时口罩+流食+打针吃药，一点声音发不出来，有点难熬，为了健康着想，等好了，先增重到80斤吧，吃药成人量但是体重不达标还得减些，真的很麻烦。2020对我好点吧 ​
最拽刀妹,2020年01月10日,0,0,0,//weibo.com/3757801290/IoSGga1aP?refer_flag=1001030103_,//@楼阁楼阁LoKu:摘口罩我被狠狠日到......//@凯爷真美颜盛世:这一刻我承认我是批皮妈粉………//@王俊曦_RUNFREELY:我靠我靠！！！！我命令所有人给我打开右边这个视频！//@DarK_StaR_王俊凯个人站:登机回家 微博视频  ​​​微博视频  ​​​
·猫爪桃花·,2020年01月10日,0,0,0,//weibo.com/7008273478/IoSGaxhjj?refer_flag=1001030103_,摘口罩！我没了//@SUNLIGHT王俊凯日光站:王俊凯 宝贝登机了@TFBOYS-王俊凯  查看图片
妈粉又回来了,2020年01月10日,0,0,0,//weibo.com/6476109816/IoSG7hRHN?refer_flag=1001030103_,艹！哥哥！不！弟弟！！！！！//@阿喵虎虎:视频里摘口罩.....//@凯爷真美颜盛世:这一刻我承认我是批皮妈粉………//@王俊曦_RUNFREELY:我靠我靠！！！！我命令所有人给我打开右边这个视频！//@DarK_StaR_王俊凯个人站:登机回家 微博视频  ​​​微博视频  ​​​
竹杳_98010,2020年01月10日,0,0,0,//weibo.com/5327913649/IoSG716em?refer_flag=1001030103_,一个摘口罩，一个走路…… 你为啥只是看动漫长大的男孩～要武侠剧啦//@DarK_StaR_王俊凯个人站:登机回家 微博视频  ​​​微博视频  ​​​
skw小可喜立农,2020年01月10日,0,0,0,//weibo.com/5218196006/IoSFVt6fh?refer_flag=1001030103_,//@O_o小浅:嘴角疯狂上扬//@搞搞搞搞搞搞兔://@豆豉腊肉腌笃鲜:没有帽子口罩(⁎⁍̴̛ᴗ⁍̴̛⁎)//@空栀1003:啊啊啊啊好清新
YoYo麻麻团,2020年01月10日,0,3,0,//weibo.com/5388584202/IoSFScDA1?refer_flag=1001030103_,🌸 儿童钻石画diy，11.5 ​知味观 年货杭州特产礼盒，64.9～凑津贴后55左右松研儿童口罩，27.3 ​​​
巴裘拉的阳光,2020年01月10日,0,0,0,//weibo.com/3525917354/IoSEOD2mg?refer_flag=1001030103_,生活不易，但好心人也很多，感谢今天各位同事让我避免熬通宵的加班/避免多出差一趟/避免白忙一场，感谢陌生人回家路上送的口罩 ​
落单星辰hl,2020年01月10日,0,0,0,//weibo.com/5762779968/IoSEftUY8?refer_flag=1001030103_,好酷！！！！摘口罩！！！//@DarK_StaR_王俊凯个人站:登机回家 微博视频  ​​​微博视频  ​​​
岩盐芝士绿茶加芋圆,2020年01月10日,0,3,0,//weibo.com/6071952398/IoSEaqUdo?refer_flag=1001030103_,谢谢我聪陪我看病 小苏喜提过敏性鼻炎口罩安排了 ​
阿达子Adazi,2020年01月10日,0,4,0,//weibo.com/5846160758/IoSDVmKAk?refer_flag=1001030103_,特意买了下午的航班，结果还是得超早出发:(为了多睡一会儿，我决定明天的机场时尚是黑外套➕黑口罩 ​
似年丽丽,2020年01月10日,0,0,0,//weibo.com/1261939530/IoSDGj7ac?refer_flag=1001030103_,转发微博
-小耳朵图图,2020年01月10日,0,2,0,//weibo.com/6192115171/IoSDBx9T2?refer_flag=1001030103_,本都市丽人的防非典口罩 ​
_武慧义雅日达叶n9n5qMQ3,2020年01月10日,0,0,0,//weibo.com/5283350596/IoSDy27nq?refer_flag=1001030103_,#张靓颖#【张靓颖携绯闻男友与张杰看电影】12月10日，一组张杰 与张靓颖 、以及张靓颖绯闻男友一起看电影的照片曝出。照片中，张杰穿黑色大衣戴口罩掩面走在前面，张靓颖绯闻男友走在他身后，而张靓颖则跟在最后，一路上并没有和男友进行互动。张杰还不时回头看看身后二人。...全文： O网页链接 ???? 
种草仙女买买酱,2020年01月10日,9,1,0,//weibo.com/6541131703/IoSDvDDO9?refer_flag=1001030103_,LiLiA v脸紧致提拉面膜5片装    【29.9】这款在小红shu上是99块3片的啊！粉红色的挂耳式面膜看起来就很少女，戴起来就像戴了个口罩，里面是很有粘性的凝胶精华，不会滴水✨主要是针对双下巴和面部浮肿，像牌牌老是低头玩手机敲键盘的双下巴就很容易跑出来✨淡化细纹的效果也很明显👉 ​
瑶瑶头发乱,2020年01月10日,0,3,0,//weibo.com/2112681997/IoSDucEtc?refer_flag=1001030103_,又买了一件羽绒服 一件毛衣 一条裤子 一双雪地靴 一个包包 四双袜子 两个口罩 … ​​​呵 女人 ​
虎牙着凉__文青,2020年01月10日,0,0,0,//weibo.com/5817185519/IoSDmc5yi?refer_flag=1001030103_,转发微博
七号有暴雨,2020年01月10日,0,0,0,//weibo.com/6272663291/IoSDghGdw?refer_flag=1001030103_,哈哈哈哈哈//@风月又有时:把口罩摘了！大家都看看！这是任子墨！中华好男儿！
ggggooou,2020年01月10日,0,0,0,//weibo.com/1752795670/IoSD4bh4w?refer_flag=1001030103_,好露头进来。#云淡风轻106# 　　“啊——我的小迟迟！！” 　　晏扬穿着一身潮牌，刚把口罩摘了，看到何栖迟之后朝她扑过来拥抱了一下。 　　“你是不是都没有想我！群里都不回复消息了！！ #山西晋中3.7级地震##清华美院男生堆思想者雪人##娜扎看完我的年度账单# ​
无情的红绕肉,2020年01月10日,0,0,0,//weibo.com/6170935790/IoSCGeFOq?refer_flag=1001030103_,哈哈啊哈哈哈哈哈哈哈子墨你把口罩摘下来呢哈哈哈哈
EHHDUEBDKDNDUWODNCUSK,2020年01月10日,0,0,0,//weibo.com/1167205122/IoSCp6YOM?refer_flag=1001030103_,最近几个月，广州街头时不时能看到一两个穿黑体恤，戴黑口罩的小年轻，以男性为主。我不信他们是为了防紫外线的。逛个室内商城你戴毛线黑口罩！ ​
宁缺毋滥xuliliu,2020年01月10日,0,0,0,//weibo.com/3207676784/IoSCkE4MR?refer_flag=1001030103_,#肖战 高马尾#戴口罩扎头发的哥哥有点想易烊千玺诶，果然长得好看的人都是相似的L娱乐日爆社的微博视频 ​
顶天立地小格子,2020年01月10日,0,0,0,//weibo.com/5514229487/IoSCf3Cvr?refer_flag=1001030103_,哈哈哈哈哈哈 中华好男儿出现！//@Poker万能欢:哈哈哈哈哈哈哈哈哈哈哈哈哈哈哈哈//@岩浆摇滚:哈哈哈中华好男儿带了口罩我们也认得
大白兔奶糖葫芦,2020年01月10日,0,0,0,//weibo.com/7346307705/IoSC5BU5X?refer_flag=1001030103_,我个人一直喜欢大的包包，Gaston Luga背包就是我的心头爱，军绿色很百搭，尤其适合秋冬深色系，配上黑色口罩，帅炸了。 Gaston Luga背包的容量很大，单反相机、镜头、平板电脑、耳机、手机统统可以放进去，仿佛可以装下全世界。外层是帆布面料，触感坚韧厚实；内层是100%纯棉布料，光滑细腻柔软，数码产品再也不怕刮花了。还有贴心小隔层，放零碎小物再也不怕找不着了。值得一提的是，男女同款，一个包两个人都能背，这也太实惠了吧。 
寻风kwkw,2020年01月10日,0,0,0,//weibo.com/7309624575/IoSBZF97H?refer_flag=1001030103_,转发微博
漫游小俊的星球,2020年01月10日,0,0,0,//weibo.com/6504680254/IoSBUml7k?refer_flag=1001030103_,帅俊@TFBOYS-王俊凯
i_am_fannnn_y,2020年01月10日,0,0,0,//weibo.com/1809158962/IoSBJ95vf?refer_flag=1001030103_,下次再喝完酒我要带上口罩在出去，牛逼的胃口不容解释，nnd！ ​
爱淘白菜酱,2020年01月10日,25,1,0,//weibo.com/3043138483/IoSBs1f5B?refer_flag=1001030103_,LiLiA v脸紧致提拉面膜5片装    【29.9】这款在小红shu上是99块3片的啊！粉红色的挂耳式面膜看起来就很少女，戴起来就像戴了个口罩，里面是很有粘性的凝胶精华，不会滴水✨主要是针对双下巴和面部浮肿，像牌牌老是低头玩手机敲键盘的双下巴就很容易跑出来✨淡化细纹的效果也很明显👉 ​
渝城小三爷,2020年01月10日,0,0,0,//weibo.com/6429521501/IoSB5fKrY?refer_flag=1001030103_,啊啊啊摘口罩了//@SUNLIGHT王俊凯日光站 :王俊凯宝贝登机了@TFBOYS-王俊凯  查看图片
萱昊的妈妈呀,2020年01月10日,0,0,0,//weibo.com/1809490757/IoSB4kGNk?refer_flag=1001030103_,由于感冒怕传染给孩子，本人已经连续戴了五天的双层口罩了😷 ​
红尘希月,2020年01月10日,0,0,0,//weibo.com/2018416211/IoSAMBZTb?refer_flag=1001030103_,转发微博
卡替生物,2020年01月10日,0,0,0,//weibo.com/5818069471/IoSADteKm?refer_flag=1001030103_,#卡替科普# 预防流感戴口罩很重要，重视细节，拒绝病毒最近武汉爆发的病发性肺炎，让大家着实恐慌了一把。幸好，卫健委及当地相关政府处理得当，及时公布了疫情，这才让大家安定下来。O预防流感戴口罩很重要，重视细节，拒绝病毒 ​
蓝蔚蔚蓝,2020年01月10日,0,2,0,//weibo.com/2515393654/IoSAAuDhn?refer_flag=1001030103_,喝完咖啡戴口罩口罩都是咖啡的香味  爱了 ​
云掉入碗里,2020年01月10日,0,0,0,//weibo.com/6605959355/IoSAu0RON?refer_flag=1001030103_,哈哈哈哈哈哈哈哈哈哈哈哈哈哈哈哈有本事别戴口罩啊！
我是一只包果,2020年01月10日,0,0,0,//weibo.com/6036933679/IoSAkxUDh?refer_flag=1001030103_,#王俊凯裤子是假两件# 帅哥脱口罩的瞬间心空了！@TFBOYS-王俊凯 王俊凯 wjk 三字弟弟cr:见视频 L汐梦晨晞的微博视频 ​
萌上天的杨大志,2020年01月10日,0,0,0,//weibo.com/5689297040/IoSAjmTno?refer_flag=1001030103_,这就很像你跟男朋友撒娇让他在雪地里拍一张照 他无奈又温柔地盯着镜头 眼睛弯弯的 乘着冬日的暖阳  “咔嚓”一声后 你扑向他 他张开自己的羽绒服把你揽在怀里 毛衣毛茸茸的 怀抱暖乎乎的 你隔着口罩亲了他一口 冬天的雪呀特别白 你和他 也很美好 ​
莫佫我遮爱汝汝无爱我,2020年01月10日,0,1,0,//weibo.com/5996977507/IoSAhldab?refer_flag=1001030103_,我宣布我和口罩锁了 以后出门标配 比打十斤修容有用多了 ​​​（你就不能少吃点吗🐷诶） ​
闹钟响了该睡觉了0921,2020年01月10日,0,0,0,//weibo.com/5228888659/IoSA93edA?refer_flag=1001030103_,//@楼阁楼阁LoKu:摘口罩我被狠狠日到......//@凯爷真美颜盛世:这一刻我承认我是批皮妈粉………//@王俊曦_RUNFREELY:我靠我靠！！！！我命令所有人给我打开右边这个视频！//@DarK_StaR_王俊凯个人站:登机回家 微博视频  ​​​微博视频  ​​​
巴雷特的爱人,2020年01月10日,0,0,0,//weibo.com/6423963629/IoSA8rydV?refer_flag=1001030103_,口罩soso那是相当的酷
是肉了,2020年01月10日,0,0,0,//weibo.com/7074993404/IoSzRhNOm?refer_flag=1001030103_,卧槽脱口罩//@王俊曦_RUNFREELY:我靠我靠！！！！我命令所有人给我打开右边这个视频！//@DarK_StaR_王俊凯个人站:登机回家 微博视频  ​​​微博视频  ​​​
第一页第六页第七页序v-,2020年01月10日,0,0,0,//weibo.com/6460289994/IoSzQotZx?refer_flag=1001030103_,实不相瞒我最近才学会如何正确佩戴口罩 ​
奶绿和芋泥,2020年01月10日,0,0,0,//weibo.com/6864595326/IoSzIqMyH?refer_flag=1001030103_,有本事把口罩摘了！//@煩心Neta_Nashi:哈哈哈哈哈是他//@KDiii_: ？？？是他！中华好男儿//@喬伊斯·喬爺:哈哈哈哈哈哈哈哈哈哈哈哈//@微微甜羽毛:哈哈哈哈哈哈哈哈哈哈哈哈哈哈哈哈哈哈哈哈哈哈哈哈哈哈哈哈哈哈哈哈哈哈哈哈哈//@笑着笑着断气了:？我笑出银河系
一颗仙仙仙桃,2020年01月10日,0,0,0,//weibo.com/6052671840/IoSz1B0lV?refer_flag=1001030103_,应援色的口罩
大棉袄的羊毛,2020年01月10日,0,4,0,//weibo.com/6615960181/IoSyRwIxR?refer_flag=1001030103_,谁跟我说团今天出了帅哥 帅哥在哪 说的是少年之名的口罩少年们吗 我建议口罩半永久 ​
小十1988,2020年01月10日,0,0,0,//weibo.com/2296457942/IoSyQnRdT?refer_flag=1001030103_,感冒了几天没有陪伴儿子，这几天下班回来第一句话就是问我好点没，心里超暖。刚刚带着口罩给儿子洗漱，给他穿睡衣的时候儿子深情的望着我说了句“妈妈，你给我穿衣服我好幸福啊！”我的妈呀，两岁的宝宝说出这样的话，让你的老母亲潸然泪下…… ​
立夏浓汤,2020年01月10日,0,0,0,//weibo.com/6584224197/IoSyMwJ7R?refer_flag=1001030103_,无语//@搞搞搞搞搞搞兔://@豆豉腊肉腌笃鲜:没有帽子口罩(⁎⁍̴̛ᴗ⁍̴̛⁎)//@空栀1003:啊啊啊啊好清新
今天kk醉奶了吗,2020年01月10日,0,0,0,//weibo.com/6264897842/IoSyL3xJ5?refer_flag=1001030103_,快给我看！摘口罩！！正面在哪里//@SUNLIGHT王俊凯日光站:王俊凯 宝贝登机了@TFBOYS-王俊凯  查看图片
贩售俊味软糖,2020年01月10日,0,0,0,//weibo.com/7138979399/IoSyAnYwZ?refer_flag=1001030103_,"妈的绝了,摘口罩绝了,我要看上921遍气场也太飒太足了吧 微博视频 ​​​"
趁醉装疯ii,2020年01月10日,0,0,0,//weibo.com/7323390039/IoSypaLvV?refer_flag=1001030103_,20.01.10终于放假回家了，不过感觉有点闲着了hhh实在是前一段事太多了，真的是...唉，想起来就无语。本来脸上的痘痘都好了，又连着几天一直熬，又长出来。能写作业从早坐到晚再画图到第二天上午，真的不知道是从哪里来的力气和坚持，放在以前早就拍拍屁股走人了。要是高中能这样，那，，。没什么如果哈哈。但确实很气人好吧，每次通宵改，饭都顾不上吃的做，很不容易的好嘛？课程设计被老师打回来四次也是很绝望了。也忘不了做了将近二十六个小时，写出来一个本子那么厚的说明和两张加起来比我高的图纸！！考试这一段是真的好累，9号的最后一科甚至是只睡了两个小时代，到家之后才发现自己的黑眼圈超明显啊，怪不到火车上的小姐姐总看我眼睛（虽然戴口罩只露了眼睛..）。和室友们的“散伙饭”也是很无敌了，刚坐下就停电，举着手机一起闪光灯晚餐。emmm  不想说了，不想了，嗯就这样！ 
给你一个猪猪玩呀,2020年01月10日,0,0,0,//weibo.com/6455900319/IoSylCjZ8?refer_flag=1001030103_,脱口罩瞬间击中心脏//@DarK_StaR_王俊凯个人站:登机回家 微博视频  ​​​微博视频  ​​​
床波志音水泳部,2020年01月10日,10,11,0,//weibo.com/7327202893/IoSygDk9C?refer_flag=1001030103_,床波志音1.10ins  story更新好冷好冷！（°▽°）大家戴好口罩不要感冒，多多洗手哦！小心不要感冒啦！这周大家都辛苦啦(≧∀≦)大家晚安翻译:may酱 ​
TKffhya,2020年01月10日,0,0,0,//weibo.com/6079819003/IoSy9uEHM?refer_flag=1001030103_,摘口罩我是真的没了！//@SUNLIGHT王俊凯日光站:王俊凯 宝贝登机了@TFBOYS-王俊凯  查看图片
明年不要再塌房了,2020年01月10日,0,0,0,//weibo.com/6670787567/IoSxsoTUW?refer_flag=1001030103_,没想到我看中的p6长这样//@大棉袄的羊毛:我真的建议口罩半永久 我刚被欺骗无语 果然还是苏勋伦得我心//@杪春三拾:酷 选手可以带着口罩比赛吗..//@间断消失:从评论里一个个点进去看全脸  我缓缓离开了
大灰兔奶糖9,2020年01月10日,0,7,0,//weibo.com/1603295964/IoSxs7fVR?refer_flag=1001030103_,现在都卑微得没人敢嫌弃他带口罩帽子了 ​
大桃子V1,2020年01月10日,0,0,0,//weibo.com/3768939001/IoSxk9aeM?refer_flag=1001030103_,吓的手就没离开过口罩
芋圆可颂,2020年01月10日,0,0,0,//weibo.com/6030642372/IoSxjf1tR?refer_flag=1001030103_,晕晕咯 摘口罩摘一半//@DarK_StaR_王俊凯个人站 :登机回家 微博视频 微博视频
思密达SZD完美,2020年01月10日,0,14,0,//weibo.com/3884269467/IoSx4r5Iy?refer_flag=1001030103_,孙子团btszd孙子团思密达 ❗️❗️❗️‼️说说我的入坑瞬间吧怎么开始呢，真庆幸某次随唱中弹幕的安利，庆幸那天我恰巧看了，更庆幸刚下完雨的成都，所以让我很轻易的一眼就在人群中发现了你。开场秀是我第一次观看孙子团跳舞，那时每个人我都不认识，依照着弹幕和评论一遍一遍的回看到区分每个人。说来也奇怪，明明你在那场中极少出来，明明那场不是你跳舞的最好状态，明明你带着口罩和帽子让我看不到脸，但就是目光没法从你身上移开。那天的你穿着简单的白T恤、浅蓝牛仔裤，用口罩和帽子严严实实的把自己藏了起来，金发随你一起舞动，在特别轻松享受的状态下依然每个节奏都踩得超准。一开始以为你是高冷的，没想到后来越考古越发现你的本性，心里想着“啊，原来是这种性格的女孩子呢，真的好可爱”。这场随唱中你的每次舞蹈都恰好跳进我的心里，喜欢你不争不抢的性格，喜欢你被推后拒绝的双脚，更喜欢你solo时的毫不扭捏，终于切身实际的知道了什么是不露圭角。最让我动容的是你的大智若愚和孙子团所经历的一切。谢谢你们的坚持，谢谢你们每次的舞蹈翻跳，更谢谢你那几年一直苦心经营的幕后及各种安利。从大学舞社到防弹孙子团，再到如今的520工作室，少不了你的劳心劳力。照料着每一位成员，担当着大姐姐和妈妈的角色，可谁有曾知道，你也是内心柔软的女孩子啊，你也不是事事都坚强的。每一次的恶意嘲讽和肆意谩骂，你又何尝不是自己默默的哭。你难过的不是批评，而是大家努力建起的希望又破碎了，你难过的是梦想再次被现实打击，但是你始终没有放弃过，一直努力在向顶峰攀登。宝贝，你要相信，时间终究不会辜负梦想。喜欢你的我会一直在。不要害怕迷路，也不用畏惧沼泽，相信无论你们去到哪一个城市，都会有你们的粉丝，哪怕只有一个。接下来，未来的路，我们也一起肩并肩手牵手的走吧！@拔根草思密达@孙子团BTSZD 
王俊凯我为你写诗,2020年01月10日,0,0,0,//weibo.com/5984496104/IoSwV11tz?refer_flag=1001030103_,王俊凯我可以！！！！！//@狂野男孩的酷girl:卧槽！！！！单手侧头脱口罩的一瞬间，谁都不可以错过！给我点开！！！太帅了！
早日见小勋啊,2020年01月10日,0,0,0,//weibo.com/6936161305/IoSwFkxXZ?refer_flag=1001030103_,//@吴世勋吧_Ohsehunbar:吴世勋K#吴世勋0110亮相八周年##吴世勋Taokaenoi代言人#@wu世勋-EXO 表白戴着口罩也帅气满分的世勋，期待小王子明天的精彩表现[米奇比心][米奇比心][米奇比心]
孤独亮子88_383,2020年01月10日,0,0,0,//weibo.com/2441562960/IoSwzrJs4?refer_flag=1001030103_,人生无需惊天动地，只要快乐就好；友谊无需甜言蜜语，只要想着就好；金钱无需车载斗量，只要够用就好；朋友无需遍及天下，只要有你就好，祝端午节快乐！ #周冬雨戴口罩领奖##男明星制服大赛# ​
Max_waytoobad,2020年01月10日,0,2,0,//weibo.com/2734369273/IoSwz8pSy?refer_flag=1001030103_,3M的这个医用口罩也太机车了吧？？口罩不都是左右拉上耳朵的吗，为什么这个是要整个头套进去的？？我现在呼吸眼镜都会起雾！戴上这个口罩不是我防病毒而是别人防我吧？？请问经纪人我今天有什么反派戏份吗？？因为我现在feel like黑暗骑士崛起里面的贝恩惹 ​
尼基塔_Nikita_尼基塔,2020年01月10日,0,0,0,//weibo.com/1866013634/IoSwx41RI?refer_flag=1001030103_,转发微博
