铜仁日报,2020年01月28日,0,0,0,//weibo.com/6346468473/IrCTHwuKe?refer_flag=1001030103_,【#病例还会不会大规模增加# ？#听钟南山怎么说# 】#如何严防新型冠状病毒# ​ ​​​
-君十三-,2020年01月28日,0,0,0,//weibo.com/5278392640/IrCTHxmT8?refer_flag=1001030103_,转发微博
喵晓柒Lynn,2020年01月28日,0,0,0,//weibo.com/2149240675/IrCTHusYR?refer_flag=1001030103_,转发微博
anzj风,2020年01月28日,0,0,0,//weibo.com/5949183812/IrCTHuuEI?refer_flag=1001030103_,
初九兮,2020年01月28日,0,0,0,//weibo.com/5672138171/IrCTHvwJP?refer_flag=1001030103_,转发微博
米米小番茄,2020年01月28日,0,0,0,//weibo.com/2360780630/IrCTHvvZe?refer_flag=1001030103_,
室内消毒,2020年01月28日,0,0,0,//weibo.com/6572288609/IrCTHwtVe?refer_flag=1001030103_,转发微博
汤圆好妈咪,2020年01月28日,0,0,0,//weibo.com/2363485844/IrCTHgN0w?refer_flag=1001030103_,转发微博
海峡卫视,2020年01月28日,0,0,0,//weibo.com/1911630795/IrCTHgLme?refer_flag=1001030103_,【#姚明等体育界明星为防治新型冠状病毒感染的肺炎向社会发出倡议#】姚明、孙悦、李铁、斯蒂芬·马布里等体育界明星，为防治新型冠状病毒感染的肺炎向社会发出倡议！#钟南山强调目前不要出行#  L福建广播电视新闻中心的微博视频 ​​​
一平马,2020年01月28日,2,0,0,//weibo.com/1376402030/IrCTHeS1q?refer_flag=1001030103_,向天再借500年的//@马喆Ma_zhe:中国需要钟南山
好一只傻汪,2020年01月28日,0,0,0,//weibo.com/5673891135/IrCTG2Q3W?refer_flag=1001030103_,是的，我明白了，我会坚守我的信念，我将对抗那个强大的敌人，战斗至最后一息，即使孤身一人。 万众一心，众志成城。相信你们，也相信你们相信我们。
天女来过,2020年01月28日,0,0,0,//weibo.com/2569512214/IrCTFu1Ly?refer_flag=1001030103_,转发微博
围城未见,2020年01月28日,0,0,0,//weibo.com/5345876874/IrCTFu08F?refer_flag=1001030103_,转发微博
青虫2002,2020年01月28日,0,0,0,//weibo.com/7010688807/IrCTFtcen?refer_flag=1001030103_,转发微博
暑期三下乡之走进宿州传承民艺,2020年01月28日,0,0,0,//weibo.com/5736791323/IrCTFr988?refer_flag=1001030103_,转发微博
深海蓝baby,2020年01月28日,0,0,0,//weibo.com/3488917852/IrCTFq3EA?refer_flag=1001030103_,转发微博
传闻中的小小雨,2020年01月28日,0,0,0,//weibo.com/2091584562/IrCTF8nyt?refer_flag=1001030103_,//@桑格格桑格格:“武汉是个很英雄的城市”
龙晟传媒,2020年01月28日,0,0,0,//weibo.com/3028383415/IrCTF8oIG?refer_flag=1001030103_,【#全国新型肺炎疑似病例新增数首降# 钟南山：疫情一周或十天左右到顶】1月28日 ，钟南山在访谈中表示：疫情什么时候达到高峰，很难绝对地估计，#疫情1周或10天左右达到高峰#，不会大规模地增加了，#不会因春运返程出现大传染#。数据显示26日0—24时至27日0–24时，新增疑似病例首次出现下降。但钟南山 ​  展开全文c
Plus06,2020年01月28日,0,0,0,//weibo.com/1681135813/IrCTF9seZ?refer_flag=1001030103_,转发微博
坏坏耿耿,2020年01月28日,0,1,0,//weibo.com/5790819167/IrCTEiaAl?refer_flag=1001030103_,感动，加油
人活着就是为了壹祈日和,2020年01月28日,0,0,0,//weibo.com/7199976435/IrCTEhbUj?refer_flag=1001030103_,转发微博
一小口就好,2020年01月28日,0,0,0,//weibo.com/1893705415/IrCTEg7AW?refer_flag=1001030103_,转发微博
Rio红菠萝,2020年01月28日,0,0,0,//weibo.com/3713292450/IrCTDFwNh?refer_flag=1001030103_,转发微博
毛毛毛毛汗,2020年01月28日,0,0,0,//weibo.com/1413210064/IrCTDEnX8?refer_flag=1001030103_,转发微博
阿杰712,2020年01月28日,0,0,0,//weibo.com/2707534833/IrCTDnOYw?refer_flag=1001030103_,我在看：【钟南山：新型冠状病毒肺炎很可能来自野味】#跟新浪看热点#  O钟南山：新型冠状病毒肺炎很可能来自野味 ​
穆依依_,2020年01月28日,0,0,0,//weibo.com/2906746381/IrCTDmJLE?refer_flag=1001030103_,
傅科摆UmbertoEco,2020年01月28日,0,0,0,//weibo.com/1762560045/IrCTDmLkp?refer_flag=1001030103_,转发微博
内彭斯塔,2020年01月28日,1,0,0,//weibo.com/2189839112/IrCTDoQ9p?refer_flag=1001030103_,钟老都哽咽了
Lois静静,2020年01月28日,0,0,0,//weibo.com/2495989500/IrCTDpzdV?refer_flag=1001030103_,转发微博
安承歡與玉,2020年01月28日,0,0,0,//weibo.com/1806667734/IrCTCeviU?refer_flag=1001030103_,//@小宇宙灿:雷神在天，火神在地，钟老在华夏，天地人合一，必将无所不利//@营口新闻哥:火神山 雷神山 钟南山 三山齐聚克难关
菲飞非123,2020年01月28日,0,0,0,//weibo.com/6345874692/IrCTCbJ45?refer_flag=1001030103_,转发微博
杂食物語,2020年01月28日,0,0,0,//weibo.com/6373925792/IrCTCbGJq?refer_flag=1001030103_,“武汉是一个很英雄的城市。”其实我们国家也是，众志成城，定能不负所望。
q1n_Even,2020年01月28日,0,0,0,//weibo.com/2810691884/IrCTBA1uH?refer_flag=1001030103_,转发微博
自言自语的茉莉_,2020年01月28日,0,0,0,//weibo.com/6994441786/IrCTBC75T?refer_flag=1001030103_,谢谢您为国家为人民所做的一切！🙏
丛夫人-,2020年01月28日,0,0,0,//weibo.com/5470279380/IrCTBks8h?refer_flag=1001030103_,🙏
普罗旺斯汐颜,2020年01月28日,0,0,0,//weibo.com/5573742581/IrCTBjsI1?refer_flag=1001030103_,转发微博
lampardrogballackalou,2020年01月28日,1,0,0,//weibo.com/2770030171/IrCTBjsyn?refer_flag=1001030103_,武汉是个英雄的城市
江南奇葩style,2020年01月28日,2,3,0,//weibo.com/6090644785/IrCTBjrI1?refer_flag=1001030103_,#全国确诊新型肺炎病例##钟南山强调目前不要出行# 虽然被隔离了，但是面对医务人员无微不至的照顾，真的很暖心～感谢所有的白衣天使 L江南奇葩style的微博视频 ​
超睿duo,2020年01月28日,0,0,0,//weibo.com/5910116418/IrCTAsQnX?refer_flag=1001030103_,转发微博
静界-,2020年01月28日,0,0,0,//weibo.com/3598402503/IrCTAb9V6?refer_flag=1001030103_,//@桑格格桑格格:“武汉是个很英雄的城市”
云在茶香的围脖,2020年01月28日,0,0,0,//weibo.com/1878154547/IrCTA8o2w?refer_flag=1001030103_,转发微博
12唐唐25,2020年01月28日,0,0,0,//weibo.com/5471174511/IrCTA7i3r?refer_flag=1001030103_,转发微博
宇宙洪荒之力熄灭了,2020年01月28日,0,0,0,//weibo.com/7131401216/IrCTA7gLK?refer_flag=1001030103_,转发微博
星星和哨兵,2020年01月28日,0,0,0,//weibo.com/1959166944/IrCTzwFur?refer_flag=1001030103_,84岁比60岁省长王晓东58岁市长周先旺思路清晰说话利索多了
吃番茄的小老虎,2020年01月28日,0,1,0,//weibo.com/5418593916/IrCTzzsUc?refer_flag=1001030103_,2020.1.28。  过年，就是一家人24，36，48，72……小时的宅在家里，不给国家添麻烦#钟南山强调目前不要出行# ​
爱玺烊烊,2020年01月28日,0,0,0,//weibo.com/5368805146/IrCTzhOiF?refer_flag=1001030103_,转发微博
是澄还是澄_VV,2020年01月28日,0,0,0,//weibo.com/2139800802/IrCTyEjNh?refer_flag=1001030103_,Repost
zzz了了了了,2020年01月28日,0,0,0,//weibo.com/2652317081/IrCTyor7E?refer_flag=1001030103_,转发微博
都是我的小可爱,2020年01月28日,0,0,0,//weibo.com/5828996810/IrCTynKOy?refer_flag=1001030103_,转发微博
马在旅途--,2020年01月28日,0,0,0,//weibo.com/2248904750/IrCTymHFH?refer_flag=1001030103_,老先生太不容易了！大家还是不要掉以轻心作好防护吧！
余利波999,2020年01月28日,0,0,0,//weibo.com/2630230850/IrCTylFZb?refer_flag=1001030103_,转发微博
圆圆-0930,2020年01月28日,0,0,0,//weibo.com/2879948033/IrCTy6Jx6?refer_flag=1001030103_,听权威
子悽,2020年01月28日,0,0,0,//weibo.com/6027848724/IrCTy3Y5n?refer_flag=1001030103_,转发微博
爱做梦的家伙266,2020年01月28日,0,0,0,//weibo.com/2877541621/IrCTy3UUz?refer_flag=1001030103_,//@嗦一口小甜茶_:钟南山院士 最后一刻 不禁让人泪目！希望疫情早日结束！
舒莫,2020年01月28日,0,0,0,//weibo.com/1024665461/IrCTxseWO?refer_flag=1001030103_,转发微博
淮橘为枳,2020年01月28日,0,0,0,//weibo.com/1642194612/IrCTxtmqk?refer_flag=1001030103_,我算了下，重症率差不多30%，由于没有特效药，重症要消耗很大的财力维持生命，如果有重症专家当然好；一人传多人，多人再去感染其他人的情况是没有的，就是说不存在二代感染了？
阿bin是湖水儿,2020年01月28日,0,0,0,//weibo.com/1656764094/IrCTwzZCX?refer_flag=1001030103_,转发微博
Snowflake23012701643,2020年01月28日,0,0,0,//weibo.com/3012701643/IrCTwyO7p?refer_flag=1001030103_,
坏坏耿耿,2020年01月28日,0,0,0,//weibo.com/5790819167/IrCTwk0yo?refer_flag=1001030103_,转发微博
不以居安,2020年01月28日,0,0,0,//weibo.com/2369512901/IrCTwjZTb?refer_flag=1001030103_,团结一致，众志成城，万众一心……
生态农场管理2013,2020年01月28日,0,0,0,//weibo.com/3286503397/IrCTwimco?refer_flag=1001030103_,钟老介绍得非常清楚，内在感情也不是一般人所能理解的！我对战胜此次瘟疫有非常大的信心。大不了多隔离一段时间，只要老百姓支持，什么都好办。相信钟院士！
汉德医疗,2020年01月28日,0,1,0,//weibo.com/7217534183/IrCTw0Gma?refer_flag=1001030103_,钟南山：世上所有疾病都是假象，读完醍醐灌顶！O钟南山：世上所有疾病都是假象，读完醍醐灌顶！ ​
Jssodagreen,2020年01月28日,0,0,0,//weibo.com/1710109482/IrCTw2lgI?refer_flag=1001030103_,只相信钟南山
s果滚去看书,2020年01月28日,0,0,0,//weibo.com/1722757752/IrCTw0GVN?refer_flag=1001030103_,//@BOOMA_明年再用尽一切奔向畅姐:转发微博
919九思,2020年01月28日,0,0,0,//weibo.com/3556313194/IrCTw2llt?refer_flag=1001030103_,转发微博
豆腐农夫,2020年01月28日,0,0,0,//weibo.com/2006339301/IrCTvqDQZ?refer_flag=1001030103_,转发微博
郑氏心动,2020年01月28日,0,0,0,//weibo.com/3732579074/IrCTugGW3?refer_flag=1001030103_,转发微博
我是会飞的大鱼,2020年01月28日,0,0,0,//weibo.com/6631231496/IrCTucJsV?refer_flag=1001030103_,转发微博
手机用户3146784204,2020年01月28日,0,0,0,//weibo.com/3146784204/IrCTuf0cx?refer_flag=1001030103_,转发微博
长坡仔的,2020年01月28日,0,0,0,//weibo.com/1728216200/IrCTugDRS?refer_flag=1001030103_,致敬
属于我的时尚圈,2020年01月28日,0,0,0,//weibo.com/5038322920/IrCTugFDX?refer_flag=1001030103_,转发微博
ranma520blog,2020年01月28日,0,0,0,//weibo.com/2824417205/IrCTugH7G?refer_flag=1001030103_,#腾讯新闻# 钟南山发话前，武汉这位医生向附近学校发出疫情警报O钟南山发话前，武汉这位医生向附近学校发出疫情警报 来自@腾讯新闻 ​
时光半暖jmy,2020年01月28日,0,0,0,//weibo.com/6147348558/IrCTugHjU?refer_flag=1001030103_,转发微博
清咖lucky,2020年01月28日,0,0,0,//weibo.com/1673160444/IrCTtEYkk?refer_flag=1001030103_,
yyj含羞草,2020年01月28日,0,0,0,//weibo.com/5526483656/IrCTtEUIj?refer_flag=1001030103_,【疫情会不会大暴发 听听钟南山怎么说】1月28日，钟南山院士就新型冠状病毒感染的肺炎疫情接受了新华社记者的专访。疫情会不会大暴发，让我们一起听听钟南山怎么说。#黑龙江冠状病毒疫情# L新华网的秒拍视频 ​​​
vicki悄,2020年01月28日,0,0,0,//weibo.com/2549021550/IrCTtDgeJ?refer_flag=1001030103_,转发微博
火球-孟,2020年01月28日,0,0,0,//weibo.com/7368471394/IrCTtCeyV?refer_flag=1001030103_,转发微博
果果Song,2020年01月28日,0,0,0,//weibo.com/2618102547/IrCTt2S12?refer_flag=1001030103_,
斤斤不吃糖,2020年01月28日,0,0,0,//weibo.com/5481741801/IrCTt1Gy1?refer_flag=1001030103_,看到钟老说到国歌哽咽时 心里突然就酸楚了
十年磨一剑w88,2020年01月28日,0,0,0,//weibo.com/7204637973/IrCTstUP9?refer_flag=1001030103_,转发微博
Hang_On_LittleTomato,2020年01月28日,0,0,0,//weibo.com/2661217335/IrCTssh8x?refer_flag=1001030103_,在信息爆炸的今天，请理性思考，坚定内心。 我们一定可以的！
风吃掉月亮ouo,2020年01月28日,0,0,0,//weibo.com/5471735217/IrCTsrbVt?refer_flag=1001030103_,转发微博
硬糖06,2020年01月28日,0,0,0,//weibo.com/1949238081/IrCTsr9Ga?refer_flag=1001030103_,转发微博
Miroslav全,2020年01月28日,0,0,0,//weibo.com/2029037443/IrCTspYkx?refer_flag=1001030103_,我们的江城@竹风清心
又又又又CSY,2020年01月28日,0,0,0,//weibo.com/6704256123/IrCTspWgF?refer_flag=1001030103_,加油！
YJ叶子,2020年01月28日,0,3,0,//weibo.com/6755860848/IrCTs8iJp?refer_flag=1001030103_,被这位84岁的老人圈粉
vickyc10,2020年01月28日,0,0,0,//weibo.com/1722060275/IrCTrhdSV?refer_flag=1001030103_,轉發微博
whyme一点一点,2020年01月28日,0,0,0,//weibo.com/1732719860/IrCTqFzyN?refer_flag=1001030103_,我们等你们胜利回家
Tobypap,2020年01月28日,0,0,0,//weibo.com/6150356445/IrCTqoYdZ?refer_flag=1001030103_,转发微博
LA咆哮超人,2020年01月28日,0,0,0,//weibo.com/5581860101/IrCTq4WdA?refer_flag=1001030103_,#不会因春运返程出现大传染##钟南山强调目前不要出行# 马上返程回北京，到底要不要动。 2孝义市 ​
芝麻小包子,2020年01月28日,0,0,0,//weibo.com/5201623646/IrCTq4Va8?refer_flag=1001030103_,//@桑格格桑格格:“武汉是个很英雄的城市”
o0小鱼得水0o,2020年01月28日,0,0,0,//weibo.com/1994491553/IrCTq7lTX?refer_flag=1001030103_,//@道意绵绵:一定能！感恩！祝福！
半粒糖也甜入心哈哈哈,2020年01月28日,0,0,0,//weibo.com/5110453072/IrCTq7P62?refer_flag=1001030103_,//@陶宝0926:#钟南山最新采访# 最后钟南山院士说到动情之处哽咽了，我也跟着想哭。感谢您为湖北和武汉做的一切
江岸晓舟,2020年01月28日,0,0,0,//weibo.com/2653463471/IrCTpvCMz?refer_flag=1001030103_,国士无双，真英雄，真“靠山”！武汉加油！中国加油！
tydedy,2020年01月28日,0,0,0,//weibo.com/3612398227/IrCTpvBWX?refer_flag=1001030103_,转发微博
Long_China_,2020年01月28日,0,0,0,//weibo.com/2161924045/IrCTptghK?refer_flag=1001030103_,转发微博
wx雯2015,2020年01月28日,0,0,0,//weibo.com/2297897047/IrCToChK6?refer_flag=1001030103_,
用户5856239120,2020年01月28日,0,0,0,//weibo.com/5856239120/IrCToCL3P?refer_flag=1001030103_,转发微博
爱吃麻辣烤鱼的兔子,2020年01月28日,0,0,0,//weibo.com/1807453325/IrCTol5ym?refer_flag=1001030103_,转发微博
尤娜juna,2020年01月28日,0,0,0,//weibo.com/6262122901/IrCTol3su?refer_flag=1001030103_,转发微博
幽之谷语,2020年01月28日,0,0,0,//weibo.com/2100379235/IrCTojt8C?refer_flag=1001030103_,转发微博
englishlyp,2020年01月28日,0,0,0,//weibo.com/2192903242/IrCTojsb4?refer_flag=1001030103_,转发微博
生命的旅途ABC,2020年01月28日,0,0,0,//weibo.com/5132513141/IrCToiaqL?refer_flag=1001030103_,转发微博
欧气满满的锦鲤猪,2020年01月28日,0,0,0,//weibo.com/3826751352/IrCTnsMdV?refer_flag=1001030103_,#钟南山强调目前不要出行#千万不出门，我已经自我隔离。 ​
阿森纳0815,2020年01月28日,0,0,0,//weibo.com/6527070706/IrCTnrel0?refer_flag=1001030103_,看到最后真的忍不住眼睛红了，多好的老人啊。向钟南山院士表示敬意和感谢
仲艳松,2020年01月28日,0,0,0,//weibo.com/1938306475/IrCTnoPLn?refer_flag=1001030103_,转发微博
谁还Bu熙小仙女了,2020年01月28日,0,0,0,//weibo.com/2412570854/IrCTnoOcI?refer_flag=1001030103_,#钟南山强调目前不要出行##不会因春运返程出现大传染##疫情死亡率会再降低#刚刚翻朋友圈 看到我盆友发的一条，特别的感动🇨🇳原来，这个世界上有许许多多的人，在关注着我们，在默默的爱着我们的国家🇨🇳🇨🇳历史的长河中，中国是坚韧的阿中，是那个开天辟地，补天治水，填海射日的民族。无数次次的挺过千难万险。🇨🇳 这次，平凡的我们，包括爱着中国的歪果仁，依然默默的，做着每件力所能及的小事，相信万万人，每一点一滴的努力，终会会汇成奔腾不息的长江与黄河，拨云见日，直冲霄汉。#疫情结束后最想做的事# 
五蔚子卍,2020年01月28日,0,0,0,//weibo.com/2704878774/IrCTnoN5N?refer_flag=1001030103_,转发微博
潇潇离晨,2020年01月28日,0,0,0,//weibo.com/3318917607/IrCTn9B1S?refer_flag=1001030103_,希望疫情早点过去，也希望钟院士以及所有一线的医护人员保护好自己，武汉加油！中国加油！
Z-方圆几里,2020年01月28日,0,2,0,//weibo.com/5339659740/IrCTn8rDl?refer_flag=1001030103_,#钟南山强调目前不要出行# 楼上最近叮叮当当，看来是在家待着憋坏了，还不能出门，只能在家撒欢了。每天刚吃完饭，一会儿又吃饭了，不是躺着就是躺着，放假回来我还没有骑过电动车 兜风…每天的活动范围就是奶奶家到俺家再到奶奶家…这几天晚上小区外面就只有过年的树上的彩灯在亮着，在提示着过年了，路上没有人散步了，没有人逛街了，超市关门了，饭店关门了……今天小区门口都开始进入登记了…这个年为什么过成这样，这个事情过去之后，我相信会给公众一个解释，有关人员和部门会受到惩罚。那些为了打赢这场战斗，还在最危险的环境中救助病人的医务人员，还在为了保障疫区生活的各方人士，还在为了防止有人继续受到感染而值班排查的工作人员，等等…谢谢！现在我在想预防医学专业的我在这种大传染病出现的时候，能做些什么，会些什么，没有专业性技能，去做个志愿者也是添乱，真是惭愧…#万众一心打赢疫情防控阻击战# 
驭风行行,2020年01月28日,0,0,0,//weibo.com/2590756353/IrCTnb7Hg?refer_flag=1001030103_,//@荐见://@小王王正义:为什么我的眼睛常含泪水
孤独者的游戏-投资的喃喃自语,2020年01月28日,0,0,0,//weibo.com/5051304376/IrCTm06jv?refer_flag=1001030103_,//@风中散发的微博:转发微博
痴琴一菊,2020年01月28日,0,0,0,//weibo.com/3597046515/IrCTlEzqR?refer_flag=1001030103_,？？？这该怎么判断自己是否是病毒携带者了//@夏目家的小诗哥: 这种好怕..自己也觉得自己没事得去接触多少人//@回忆专用小马甲:她自己无症状。//@选我鸭我超甜的:放到末世文里她就是病毒研究院的香饽饽//@第五银月: 之前钟南山有提过担心这种自身无症状也不发病的传染源
猛子LYI,2020年01月28日,0,0,0,//weibo.com/1174610801/IrCTlDkY1?refer_flag=1001030103_,不信这老头儿还能信谁，您保重，注意身体健康，您健康，全国人民都健康
HJ_LB,2020年01月28日,0,0,0,//weibo.com/2323140184/IrCTlC2FF?refer_flag=1001030103_,转发微博
静雕岁月,2020年01月28日,0,0,0,//weibo.com/1202317465/IrCTlC1Nk?refer_flag=1001030103_,为钟老点赞
淡粉色系__音域若菲,2020年01月28日,0,0,0,//weibo.com/1074772335/IrCTllH6Y?refer_flag=1001030103_,转发微博
卓_243,2020年01月28日,0,0,0,//weibo.com/2443862955/IrCTllsEw?refer_flag=1001030103_,『视频来了！钟南山接受新华社专访』 O网页链接 分享自新华社客户端，更多内容请下载  O网页链接 ​
丶丶pG,2020年01月28日,0,0,0,//weibo.com/2096250730/IrCTlmRb4?refer_flag=1001030103_,//@新潮电子徐林:转发微博
茹月_小宝,2020年01月28日,0,0,0,//weibo.com/1788354133/IrCTlmSgP?refer_flag=1001030103_,快点好起来吧
随它吧51712,2020年01月28日,0,0,0,//weibo.com/5393110244/IrCTlon2T?refer_flag=1001030103_,转发微博
为你守候foryou,2020年01月28日,0,0,0,//weibo.com/1212159684/IrCTkaDve?refer_flag=1001030103_,//@苏州都市音乐广播:坚定信念 相信国家。
案例知识分享,2020年01月28日,0,0,0,//weibo.com/1357202220/IrCTkbPZk?refer_flag=1001030103_,视频来了！新华社记者专访钟南山，疫情会不会大暴发？ O视频来了！新华社记者专访钟南山，疫情会不会大暴发？ ​
Orient3ly,2020年01月28日,0,0,0,//weibo.com/1899654783/IrCTkbTsx?refer_flag=1001030103_,转发微博
向日葵的微笑5888,2020年01月28日,0,0,0,//weibo.com/6899782824/IrCTkdo8C?refer_flag=1001030103_,#腾讯新闻# 钟南山发话前，武汉这位医生向附近学校发出疫情警报O钟南山发话前，武汉这位医生向附近学校发出疫情警报 来自@腾讯新闻 ​
-漓葭旎-,2020年01月28日,0,0,0,//weibo.com/2447546680/IrCTjBDlg?refer_flag=1001030103_,我滴妈耶。。。//@M大王叫我来巡山:这有点难防…//@Tiger公子://@回忆专用小马甲:她自己无症状。。。//@选我鸭我超甜的:放到末世文里她就是病毒研究院的香饽饽//@第五银月: 这就是最担心的那种了。之前钟南山有提过担心这种自身无症状也不发病的传染源
随风看阳光,2020年01月28日,0,0,0,//weibo.com/1323930364/IrCTjjXNL?refer_flag=1001030103_,转发微博
strangepear,2020年01月28日,0,0,0,//weibo.com/3125607571/IrCTjjX8R?refer_flag=1001030103_,转发微博
_柠檬先生的河豚小姐,2020年01月28日,0,0,0,//weibo.com/5714244101/IrCTjiniq?refer_flag=1001030103_,转发微博
新京报政事儿,2020年01月28日,2,0,0,//weibo.com/5633055981/IrCTj2j6i?refer_flag=1001030103_,【钟南山再权威回应】1月28日，钟南山接受新华社专访。他表示，疫情什么时候达到高峰，很难绝对地估计。不过我想应该在一周或十天左右达到高峰，不会大规模增加了。 疫情不会因为春运返程出现大传染，但排查的措施不能停。 O钟南山再权威回应 ​
imekly,2020年01月28日,0,0,0,//weibo.com/1805024153/IrCTj0HQp?refer_flag=1001030103_,转发微博
山丘锁了,2020年01月28日,0,0,0,//weibo.com/6198391969/IrCThxdDW?refer_flag=1001030103_,#不会因春运返程出现大传染#钟南山：疫情什么时候达到高峰，很难绝对地估计，不过我想应该在一周或者十天左右达到高峰，不会大规模地增加了。（新华社） ​
风漫舞0556,2020年01月28日,0,0,0,//weibo.com/3437158530/IrCThfzgo?refer_flag=1001030103_,#钟南山强调目前不要出行#是的，在家过几天更安全，彻底把病毒消灭干净。 ​
mini虾,2020年01月28日,0,0,0,//weibo.com/2025204741/IrCThffln?refer_flag=1001030103_,转发微博
微途友我,2020年01月28日,0,0,0,//weibo.com/2237422883/IrCThdVyV?refer_flag=1001030103_,#腾讯新闻# 钟南山发话前，武汉这位医生向附近学校发出疫情警报O钟南山发话前，武汉这位医生向附近学校发出疫情警报 来自@腾讯新闻 ​
时光wy漫步,2020年01月28日,0,0,0,//weibo.com/2265807955/IrCTgDvNl?refer_flag=1001030103_,转发微博
陈凯杰-ZJ,2020年01月28日,0,0,0,//weibo.com/1150187055/IrCTgCfKW?refer_flag=1001030103_,#钟南山给一线医护人员加油#“向你们致敬！”钟南山院士发声，为支援湖北医疗队的战友们加油！
晓天寺安,2020年01月28日,0,0,0,//weibo.com/1989688671/IrCTgCfiy?refer_flag=1001030103_,钟老眼睛熬的好红，辛苦您了
大菠萝逆袭,2020年01月28日,0,0,0,//weibo.com/2521728244/IrCTgCdzS?refer_flag=1001030103_,转发微博
张三疯的小爱妃,2020年01月28日,0,0,0,//weibo.com/5238114312/IrCTgAU3j?refer_flag=1001030103_,转发微博
老妈快乐521,2020年01月28日,0,0,0,//weibo.com/2287545021/IrCTgASFi?refer_flag=1001030103_,转发微博
用户7377025342,2020年01月28日,0,0,0,//weibo.com/7377025342/IrCTgASiW?refer_flag=1001030103_,//@股票基金私募投资互粉:【#钟南山最新采访#：有信心防止疫情大爆发】80多岁老人披挂上阵，我们怕啥？ 坚决打赢爱国卫生这场战役！
lx9766,2020年01月28日,0,0,0,//weibo.com/6646310600/IrCTftTHr?refer_flag=1001030103_,转发微博
芷竹晓畅,2020年01月28日,0,0,0,//weibo.com/6090339963/IrCTfsxsM?refer_flag=1001030103_,转发微博
zryhwwb,2020年01月28日,0,0,0,//weibo.com/2143019165/IrCTfrdGQ?refer_flag=1001030103_,转发微博
马拉松主持人吴鹏,2020年01月28日,0,0,0,//weibo.com/1834675811/IrCTfpSbj?refer_flag=1001030103_,加油#钟南山谈疫情# #新冠肺炎进入第二波流行上升期#
不正经的圣人,2020年01月28日,0,0,0,//weibo.com/7218174017/IrCTf8c2l?refer_flag=1001030103_,微博故事 今天实在太晚了但还是想保持写点什么这就是一种执念吧想把所有的东西都写在这百十字里然后让你看到我想表达的这很难可以说是不可能但还是想写点精彩毕竟这是我保持微笑拒绝负面情绪的一种方式我在这里写着故事你在那里看着世界#钟南山强调目前不要出行# ​
两颗西柚swag,2020年01月28日,0,0,0,//weibo.com/5640184839/IrCTf9wZU?refer_flag=1001030103_,钟院士值得致敬
消失那一段,2020年01月28日,0,0,0,//weibo.com/2566779704/IrCTfaQFG?refer_flag=1001030103_,武汉加油⛽️⛽️
Helen爱学习,2020年01月28日,0,0,0,//weibo.com/6489077663/IrCTf9ywG?refer_flag=1001030103_,我们国家有像钟院士这样优秀的研究者们和那么多优秀的医护人员，这场战争必会胜利！向钟院士致敬，这是我们的国宝
可乐无糖可乐,2020年01月28日,0,0,0,//weibo.com/5947626441/IrCTehuKs?refer_flag=1001030103_,转发微博
幸福滴现实,2020年01月28日,0,0,0,//weibo.com/1808604135/IrCTehu4n?refer_flag=1001030103_,钟南山做出重要判断！@QQ浏览器 O钟南山做出重要判断！为钟老点赞，谢谢钟老🙏🙏🙏 2普洱 ​
琥珀川宋宋,2020年01月28日,0,0,0,//weibo.com/2556839471/IrCTegbid?refer_flag=1001030103_,院士辛苦了，这关一定能过！
社会呐喊员,2020年01月28日,0,0,0,//weibo.com/2122689282/IrCTdEuhd?refer_flag=1001030103_,看了这个视频，求心理阴影面积#不会因春运返程出现大传染##钟南山强调目前不要出行##武汉87岁婆婆治愈出院# L平安蓼城一小警的微博视频 ​
夏妮12,2020年01月28日,0,0,0,//weibo.com/2901726371/IrCTdEbuL?refer_flag=1001030103_,非常敬佩！
C-Man,2020年01月28日,0,0,0,//weibo.com/1773645072/IrCTdEv2I?refer_flag=1001030103_,转发微博
晓p悠悠,2020年01月28日,0,0,0,//weibo.com/1999730103/IrCTdEwwo?refer_flag=1001030103_,转发微博
善于冶风,2020年01月28日,0,0,0,//weibo.com/1338981661/IrCTdFNvx?refer_flag=1001030103_,转发微博
徐大大的名字,2020年01月28日,0,0,0,//weibo.com/6063472402/IrCTe1fUC?refer_flag=1001030103_,转发微博
推石上山198505,2020年01月28日,0,0,0,//weibo.com/6671050981/IrCTdoajV?refer_flag=1001030103_,转发微博
尛是尛宇的宇__AS,2020年01月28日,0,0,0,//weibo.com/1590419253/IrCTdo8zR?refer_flag=1001030103_,转发微博
古岩_,2020年01月28日,0,0,0,//weibo.com/2024295045/IrCTd4RaG?refer_flag=1001030103_,
Nil_李苑君,2020年01月28日,0,1,0,//weibo.com/3944119266/IrCTctaU2?refer_flag=1001030103_,武汉本来就是一个很英雄的城市
Sherry--Yuki,2020年01月28日,0,0,0,//weibo.com/1949280211/IrCTcw9bs?refer_flag=1001030103_,转发微博
西域秀树,2020年01月28日,0,0,0,//weibo.com/1514050117/IrCTcuwSR?refer_flag=1001030103_,转发微博
王雅wy,2020年01月28日,0,0,0,//weibo.com/1657514392/IrCTctcrH?refer_flag=1001030103_,转发微博
冲锋我最大,2020年01月28日,0,0,0,//weibo.com/6219691957/IrCTceuDM?refer_flag=1001030103_,转发微博
优优慢点长大,2020年01月28日,0,0,0,//weibo.com/2450993384/IrCTccV2m?refer_flag=1001030103_,转发微博
勇哥在奋斗,2020年01月28日,0,0,0,//weibo.com/2061066294/IrCTccUuf?refer_flag=1001030103_,转发微博
星月云影80,2020年01月28日,0,0,0,//weibo.com/1736462833/IrCTccRYs?refer_flag=1001030103_,//@鍋盖頭司令:铁肩道义，一身是胆#钟南山强调目前不要出行#
Dear浩然_,2020年01月28日,0,0,0,//weibo.com/1076900742/IrCTb39Mj?refer_flag=1001030103_,武汉 祖国 加油吧..
上海麒麟,2020年01月28日,0,0,0,//weibo.com/2093018700/IrCTarsUA?refer_flag=1001030103_,//@Ssswww123:转发微博
无目的地来去,2020年01月28日,0,0,0,//weibo.com/1349091445/IrCTarsPe?refer_flag=1001030103_,"你为什么眼含热泪？分享网易新闻《全程视频来了！钟南山：不认为现在有""超级传播者""》O全程视频!钟南山:新冠病毒最早发现在一种蝙蝠身上 来自@网易新闻客户端 #网易新闻# ​"
麦克明亮,2020年01月28日,0,0,0,//weibo.com/5491347626/IrCTab948?refer_flag=1001030103_,转发微博
简单也淡然,2020年01月28日,0,0,0,//weibo.com/5554274769/IrCTab8Oo?refer_flag=1001030103_,请一定保护好自己！
BiggyFun,2020年01月28日,0,0,0,//weibo.com/2472617592/IrCTa9MNa?refer_flag=1001030103_,加油
折翼的飞天老鹰,2020年01月28日,0,0,0,//weibo.com/5676432087/IrCTa8smE?refer_flag=1001030103_,转发微博
岷山雪里科夫你雪姐,2020年01月28日,0,0,0,//weibo.com/1745738325/IrCT9wM6M?refer_flag=1001030103_,当这件事情像零三年的非典一样成为历史的时候，我们能够自豪地说，中国又成长了。感恩所有为了胜利鏖战的全体中国人❤️
网易财经,2020年01月28日,73,29,0,//weibo.com/1974561081/IrCT9wMhD?refer_flag=1001030103_,【钟南山发话前，武汉这位医生向附近学校发出疫情警报】这是一位坚守在抗击新型肺炎一线医生的自述。她经历了疫情初期所在医院的慌忙无措，和自己从医31年来最不平凡的除夕夜。在她的讲述中，我们能看到那段特殊时期的严酷真相，更能看到一线医护人员对职业责任的坚守。这些都是值得铭记的。征得她的同意，我们公开她的实名：武汉市第五医院消化内科吕小红主任。祝她和同事健康平安，祝医院的秩序和保障尽快走上正轨。O钟南山发话前，武汉这位医生向附近学校发出疫情警报 
颖琬成,2020年01月28日,0,0,0,//weibo.com/5749809792/IrCT8khT3?refer_flag=1001030103_,//@羽生与乔:横批，万众一心！！！！//@他的猫语:火神山，雷神山，钟南山，三山齐聚克难关 。国内捐，海外捐，李兰娟，众捐纷来达通途。（粘贴复制来自网络）
诺拉张,2020年01月28日,1,0,0,//weibo.com/1699877945/IrCT8kku5?refer_flag=1001030103_,//@李永乐老师:武汉加油！中国加油！
深白浅灰黑白格,2020年01月28日,0,0,0,//weibo.com/5520130516/IrCT8n69M?refer_flag=1001030103_,//@桑格格桑格格:“武汉是个很英雄的城市”
玩什么呢万,2020年01月28日,0,0,0,//weibo.com/1685328971/IrCT8n6us?refer_flag=1001030103_,
最爱是白,2020年01月28日,0,0,0,//weibo.com/5458817938/IrCT8kkju?refer_flag=1001030103_,//@宣和一人:故园东望路漫漫，双袖龙钟泪不干。马上相逢无纸笔，凭君传语报平安。
tony-M-U,2020年01月28日,0,0,0,//weibo.com/2942407805/IrCT83IlL?refer_flag=1001030103_,转发微博
使君子july,2020年01月28日,0,0,0,//weibo.com/6408826443/IrCT83InS?refer_flag=1001030103_,转发微博
LY705519313,2020年01月28日,0,0,0,//weibo.com/3226862947/IrCT846vv?refer_flag=1001030103_,转发微博
瘦不下来的xiao女士,2020年01月28日,0,0,0,//weibo.com/1270771682/IrCT85q8i?refer_flag=1001030103_,太难了//@M大王叫我来巡山:这有点难防…//@Tiger公子://@回忆专用小马甲:她自己无症状。。。//@选我鸭我超甜的:放到末世文里她就是病毒研究院的香饽饽//@第五银月: 这就是最担心的那种了。之前钟南山有提过担心这种自身无症状也不发病的传染源
麦柠,2020年01月28日,0,0,0,//weibo.com/6010671455/IrCT7aH0C?refer_flag=1001030103_,在家也要多锻炼身体吖，不然怎么抵抗冠状病毒！#钟南山强调目前不要出行##这个假期大家的不同状态# L麦柠的微博视频 ​
紫语6688,2020年01月28日,0,0,0,//weibo.com/3730233093/IrCT7c5dK?refer_flag=1001030103_,转发微博
丞己丞人,2020年01月28日,0,0,0,//weibo.com/2709354003/IrCT7dlCw?refer_flag=1001030103_,转发微博
witch-lw,2020年01月28日,0,0,0,//weibo.com/2607898115/IrCT7c5TZ?refer_flag=1001030103_,希望武汉赶紧度过难关，春天赶紧来
最漂亮可爱啦,2020年01月28日,0,0,0,//weibo.com/6690795588/IrCT6AoEx?refer_flag=1001030103_,转发微博
江湖人称冬爷,2020年01月28日,0,0,0,//weibo.com/5070623509/IrCT6Amza?refer_flag=1001030103_,致敬钟老，武汉加油
Ueradrugtome,2020年01月28日,0,0,0,//weibo.com/3778895644/IrCT6z2f3?refer_flag=1001030103_,任何困难都难不倒英雄的中国人民！
我想离开一段时间,2020年01月28日,0,0,0,//weibo.com/3698403341/IrCT6iHxP?refer_flag=1001030103_,建议大家看视频，媒体今天的几个片段解读都上热搜了，但自我感觉文字的描述不能完全体现他的意思，还是看视频更加好一些
百忍成圣,2020年01月28日,0,0,0,//weibo.com/3912551830/IrCT6hnRl?refer_flag=1001030103_,转发微博
酉水人家123,2020年01月28日,0,0,0,//weibo.com/5593577845/IrCT5Fi00?refer_flag=1001030103_,我在看：【病例还会不会大规模增加?听钟南山怎么说】#跟新浪看热点#  O病例还会不会大规模增加?听钟南山怎么说 ​
超有趣的小郑z,2020年01月28日,0,0,0,//weibo.com/1293560613/IrCT57rDF?refer_flag=1001030103_,转发微博
helen24639,2020年01月28日,0,0,0,//weibo.com/7231991574/IrCT57GrD?refer_flag=1001030103_,转发微博
Miss_Maltesers,2020年01月28日,0,0,0,//weibo.com/1923479530/IrCT57HAu?refer_flag=1001030103_,转发微博
Asuka千帆,2020年01月28日,24,0,0,//weibo.com/1664981451/IrCT4vXql?refer_flag=1001030103_,他说话真的是铿锵有力，人如其名
angelwei214,2020年01月28日,0,0,0,//weibo.com/1308448907/IrCT4vJee?refer_flag=1001030103_,//@GorGor得意 ://@路易13偶然 :深圳的十岁男孩也是无症状，袁国勇医生发给《柳叶刀》的文章有写 O10岁男孩感染新型冠状病毒，到底有无症状？ //@回忆专用小马甲 :她自己无症状。。。/@第五银月 : 这就是最担心的那种了。之前钟南山有提过担心这种自身无症状也不发病的传染源
红棉命理,2020年01月28日,3,7,0,//weibo.com/2009680531/IrCT4uhO7?refer_flag=1001030103_,钟老视频点的很清楚，sars那时候是关于蝙蝠，这次和sars很接近，但是吃蝙蝠的太少，冠状病毒和sars还是有区别的，应该是中间宿主，所以华南市场那里售卖的活禽和死的禽类肉体才是源头。即便是吃的人，都是高温过食用，也不会怎么样，传染出来的源头基本上是售卖的人，接触活死禽类所致。逮的野生动物又 ​  展开全文c
淑女打劫,2020年01月28日,0,0,0,//weibo.com/1806891785/IrCT4fwji?refer_flag=1001030103_,转发微博
阜阳攻略,2020年01月28日,0,2,0,//weibo.com/6942833705/IrCT4fv86?refer_flag=1001030103_,火神山，雷神山，钟南山，三山齐聚克难关 。 国内捐，海外捐，李兰娟，众捐纷来达通途。
小静的幸福小花园,2020年01月28日,0,0,0,//weibo.com/2880942712/IrCT4foBc?refer_flag=1001030103_,转发微博
又一扇门,2020年01月28日,0,0,0,//weibo.com/5499041650/IrCT4e3WQ?refer_flag=1001030103_,//@Hongqunmeng:钟南山院士的勇气、智慧是非常出色的，他在400米跑上的成就令我十分钦佩！夺得过全国冠军吧！？太了不起了！我们需要用智慧来解决问题，科学部署、管理，不必付出不必要的牺牲、损失。祝好！真想向钟院士请教持久健康、年轻、强壮的经验。
小花6351890307,2020年01月28日,0,0,0,//weibo.com/6351890307/IrCT35y0g?refer_flag=1001030103_,新男神产生了。钟南山院士。 ​
eszxc123,2020年01月28日,0,0,0,//weibo.com/6238366913/IrCT31wn5?refer_flag=1001030103_,#钟南山强调目前不要出行# #余甜#
江上一颗糖,2020年01月28日,0,0,0,//weibo.com/6300278171/IrCT33148?refer_flag=1001030103_,转发微博
峰哥的腿毛_,2020年01月28日,0,0,0,//weibo.com/6601754898/IrCT34n2t?refer_flag=1001030103_,加油加油//@李易峰全球后援:没有人生来就是英雄，总有人用平凡成就伟大，致敬迎难而上的白衣天使，我们一起加油！//@影视剧隐秘而伟大:向隐秘而伟大的白衣天使致敬！武汉加油！
金阿琼,2020年01月28日,0,0,0,//weibo.com/1294344882/IrCT34onX?refer_flag=1001030103_,转发微博
芜湖团长,2020年01月28日,0,0,0,//weibo.com/3113538355/IrCT34plG?refer_flag=1001030103_,【#钟南山强调目前不要出行#，这是网友的响应】#武汉加油#！ ​​​（@人民日报 ） 2芜湖·芜湖县 ​
-油条超好吃-,2020年01月28日,0,0,0,//weibo.com/2544242125/IrCT35zgB?refer_flag=1001030103_,转发微博
陈熙Vikey-,2020年01月28日,0,0,0,//weibo.com/5236341845/IrCT35Ae0?refer_flag=1001030103_,宅家四天了，认真执行禁足，武汉加油！中国加油！#武汉87岁婆婆治愈出院# #钟南山强调目前不要出行#
在百花深处爱你,2020年01月28日,0,0,0,//weibo.com/1647476420/IrCT2sHoI?refer_flag=1001030103_,转发微博
用户6298698559,2020年01月28日,0,0,0,//weibo.com/6298698559/IrCT2sFZD?refer_flag=1001030103_,转发微博
陕西政协,2020年01月28日,0,0,0,//weibo.com/6109428342/IrCT2sGSU?refer_flag=1001030103_,#钟南山最新访谈：疫情一周或十天左右达到高峰，不会大规模增加了# ​
Vivian_ttang,2020年01月28日,0,0,0,//weibo.com/1935864277/IrCT2tPRO?refer_flag=1001030103_,转发微博
小小FYY,2020年01月28日,0,0,0,//weibo.com/2327098183/IrCT1Ast0?refer_flag=1001030103_,转发微博
自由的水边沙外,2020年01月28日,0,0,0,//weibo.com/1668573077/IrCT1wsVM?refer_flag=1001030103_,转发微博
如是令长山,2020年01月28日,0,0,0,//weibo.com/3200531034/IrCT1fRVx?refer_flag=1001030103_,看到最后泪目，我们一定可以的！相信国家！
丹尼LZ,2020年01月28日,0,0,0,//weibo.com/3162434541/IrCT1fSzB?refer_flag=1001030103_,转发微博
沈良-价值投资,2020年01月28日,5,0,0,//weibo.com/1994638267/IrCT1gjmg?refer_flag=1001030103_,钟南山是英雄，侠之大者，为国为民。 ​
弘历宸心,2020年01月28日,0,0,0,//weibo.com/2655778332/IrCT1gjpi?refer_flag=1001030103_,#钟南山强调目前不要出行# 怎么就在家待不住？缺衣少食了还是断电断网了？看看那些日夜照顾病患的医护人员吧！哪有什么岁月静好?是有人替我们负重前行罢了～不要觉得在家待着很怂，少出门不串门是对自己和他人的生命健康负责～牙齿坚硬掉得快，舌头柔软伴一生。怂就怂点吧！别添乱～#河源爆料#
江海陈礼华,2020年01月28日,4,0,0,//weibo.com/1036120605/IrCT1fTcJ?refer_flag=1001030103_,//@赵瑞山://@向班长:采访全文，推荐收看。科学、客观、低调、赤诚，人格之完美，高山仰止!
Ginny燕,2020年01月28日,0,0,0,//weibo.com/6748818152/IrCT118nb?refer_flag=1001030103_,众志成城，我们一起努力，中国有信心打赢这场没有硝烟的战斗！有钟南山院士，我们心里踏实很多……相信春天会很快到来，我们对祖国，对自己有信心！加油祖国，加油武汉！！！ ​
SissiBird,2020年01月28日,0,0,0,//weibo.com/2669587343/IrCT0FWAo?refer_flag=1001030103_,武汉挺住！！！我们14亿人口众志成城，一定可以扛过去！！！！钟南山爷爷在前线好好照顾身体
vv陈百万vv,2020年01月28日,0,0,0,//weibo.com/1797641271/IrCSZw2Ax?refer_flag=1001030103_,转发微博
善良的绝对零度2009,2020年01月28日,0,0,0,//weibo.com/5663252354/IrCSZdh9X?refer_flag=1001030103_,转发微博
本然77,2020年01月28日,0,0,0,//weibo.com/1219977162/IrCSZdgKe?refer_flag=1001030103_,转发微博
优质美人serendipity1,2020年01月28日,0,0,0,//weibo.com/5502663648/IrCSYBzBl?refer_flag=1001030103_,真帅的马克
沂蒙魂,2020年01月28日,0,0,0,//weibo.com/1633404181/IrCSYzKjD?refer_flag=1001030103_,转发微博
不是私生饭,2020年01月28日,0,0,0,//weibo.com/6152242400/IrCSYjDr8?refer_flag=1001030103_,转发微博
叫我周有钱,2020年01月28日,0,0,0,//weibo.com/3758974423/IrCSYjAFJ?refer_flag=1001030103_,钟爷爷一定要平安健康🙏
王大果,2020年01月28日,0,0,0,//weibo.com/1784241315/IrCSY1YNR?refer_flag=1001030103_,让更多的人看到！
夜晚12点,2020年01月28日,0,0,0,//weibo.com/1781702645/IrCSY1WcQ?refer_flag=1001030103_,
长颈鹿不吃茄子,2020年01月28日,0,0,0,//weibo.com/1442776190/IrCSWwRDP?refer_flag=1001030103_,//@花样作死:这也行？//@RDJ私人衣橱管家-啊啾:？这血清？？？//@甜桃記錄員-:？这他妈咋防啊//@桃桃乌龙全糖带走:这个人是有超级血清吗//@Carpe_diem-m:？//@回忆专用小马甲:她自己无症状。。。//@第五银月: 这就是最担心的那种了。之前钟南山有提过担心这种自身无症状也不发病的传染源
荷荷哈哈,2020年01月28日,0,0,0,//weibo.com/1270569015/IrCSWwRdP?refer_flag=1001030103_,转发微博
张梧桐兮,2020年01月28日,0,0,0,//weibo.com/5072589564/IrCSWwS6G?refer_flag=1001030103_,转发微博
王海涛不重名,2020年01月28日,0,0,0,//weibo.com/2618891792/IrCSWzk6T?refer_flag=1001030103_,转发微博
Diviner萱黄黄,2020年01月28日,0,0,0,//weibo.com/5675887747/IrCSWzlYW?refer_flag=1001030103_,#钟南山说动才动# 感谢您，向您致敬愿平安归来，中国加油！！
皱鼻橘子,2020年01月28日,0,0,0,//weibo.com/6120433584/IrCSWzmep?refer_flag=1001030103_,转发微博
卧龙晓先生,2020年01月28日,0,0,0,//weibo.com/6426447085/IrCSWhEx2?refer_flag=1001030103_,#卧龙晓先生# 【#武汉志愿者自驾接送医护人员#：他们在前面最危险，总得有人帮】2020年1月23日10时起，武汉进入“封城”状态，一群武汉的私家车车主自发成为志愿者，义务接送医护人员上下班。当谈到一位护工为了按时到岗骑3个小时自行车去上班时，接受采访的志愿者哽咽道：“想到在这种时候他们要负重 ​  展开全文c
初学者的阳光,2020年01月28日,0,0,0,//weibo.com/3981779431/IrCSWgCos?refer_flag=1001030103_,转发微博
freemaple,2020年01月28日,0,0,0,//weibo.com/1979975715/IrCSWgCf2?refer_flag=1001030103_,致敬鐘老
时刻吃鱼的萝卜,2020年01月28日,0,0,0,//weibo.com/5463116395/IrCSV6EFf?refer_flag=1001030103_,//@shelly珊珊:
狮跑s,2020年01月28日,0,0,0,//weibo.com/2474394914/IrCSV6E8D?refer_flag=1001030103_,转发微博
Yuki油淋鸡林油鸡,2020年01月28日,0,0,0,//weibo.com/1788109505/IrCSV6CfH?refer_flag=1001030103_,转发微博
影像因感性而感动,2020年01月28日,0,0,0,//weibo.com/5092748110/IrCSV5DfH?refer_flag=1001030103_,转发微博
孤星眺,2020年01月28日,0,0,0,//weibo.com/6203597680/IrCSV5CiK?refer_flag=1001030103_,致敬钟南山！
鲜城昆明,2020年01月28日,0,0,0,//weibo.com/5698990071/IrCSV2Evb?refer_flag=1001030103_,#钟南山说武汉肯定能过关#
不正经的圣人,2020年01月28日,0,0,0,//weibo.com/7218174017/IrCSUtUqp?refer_flag=1001030103_,今天实在太晚了但还是想保持写点什么这就是一种执念吧想把所有的东西都写在这百十字里然后让你看到我想表达的这很难可以说是不可能但还是想写点精彩毕竟这是我保持微笑拒绝负面情绪的一种方式我在这里写着故事你在那里看着世界#钟南山强调目前不要出行# ​
大小姐会变瘦变瘦变瘦,2020年01月28日,0,0,0,//weibo.com/6916320259/IrCSUqWwz?refer_flag=1001030103_,辛苦了钟老！您一定要好好的哦
沈兆彬,2020年01月28日,0,0,0,//weibo.com/5859946565/IrCSUs0QL?refer_flag=1001030103_,转发微博
我的主子是一一,2020年01月28日,0,0,0,//weibo.com/3187793204/IrCSUsths?refer_flag=1001030103_,#钟南山强调目前不要出行#钟南山以后是我的第一男神！贺银成只能在我心里排在第二了！我要当南山超话的粉头！站姐！！ ​
我想早点见到你了,2020年01月28日,0,0,0,//weibo.com/5543738657/IrCSUsrMe?refer_flag=1001030103_,#钟南山强调目前不要出行# 听专家的 ​
大山_55758,2020年01月28日,0,0,0,//weibo.com/3243256400/IrCSTz8tA?refer_flag=1001030103_,//@侯宁://@诸子百家之一: 优秀的人无论做什么，都会做成优秀！//@县令语录://@英国军情六处:令人敬重的钟南山院士//@米瑞蓉:
大好青年王奋斗,2020年01月28日,0,0,0,//weibo.com/2959219464/IrCSTAxeu?refer_flag=1001030103_,转发微博
elegant-eagle,2020年01月28日,0,0,0,//weibo.com/2950648151/IrCSTBAbS?refer_flag=1001030103_,转发微博
Myra2000,2020年01月28日,0,0,0,//weibo.com/1556458861/IrCSTjSsQ?refer_flag=1001030103_,转发微博
小Z-学长,2020年01月28日,0,0,0,//weibo.com/2050330941/IrCSTgX3c?refer_flag=1001030103_,转发微博
可可_王,2020年01月28日,0,0,0,//weibo.com/5459017429/IrCSTgXwU?refer_flag=1001030103_,分享网易视频《病例还会不会大规模增加？听钟南山怎么说》O网页链接 来自@网易新闻客户端 #网易新闻# ​
JUST晓小熊,2020年01月28日,0,0,0,//weibo.com/2814409807/IrCSTgXRf?refer_flag=1001030103_,//@呆繆:愛豆太感性了太帥了一定可以過關
本地有土番茄,2020年01月28日,0,0,0,//weibo.com/3828651460/IrCSTgXTU?refer_flag=1001030103_,转发微博
皱鼻橘子,2020年01月28日,0,0,0,//weibo.com/6120433584/IrCSTgYpa?refer_flag=1001030103_,转发微博
小狸山君,2020年01月28日,0,0,0,//weibo.com/6902260012/IrCST1ctR?refer_flag=1001030103_,#善举的力量# #NEO侯明昊公益站# #侯明昊正能量传播官#新华网客户端：【#正能量传播官#侯明昊推荐您浏览】 疫情会不会大暴发 听听钟南山怎么说O网页链接 @侯明昊Neo @NEO侯-爱公益 ​
JessieJo,2020年01月28日,0,0,0,//weibo.com/1771881581/IrCSSpup9?refer_flag=1001030103_,转发微博
予婷儿,2020年01月28日,0,0,0,//weibo.com/1190298913/IrCSSo4UC?refer_flag=1001030103_,加油💪
嘯熬漿糊,2020年01月28日,0,0,0,//weibo.com/1644334623/IrCSSo4BP?refer_flag=1001030103_,转发微博
我就是yqrdsg,2020年01月28日,0,0,0,//weibo.com/6099985036/IrCSSo3hk?refer_flag=1001030103_,转发微博
讨厌酸味的苹果,2020年01月28日,0,0,0,//weibo.com/1154131857/IrCSSnAXs?refer_flag=1001030103_,转发微博
from2046,2020年01月28日,0,0,0,//weibo.com/1775098004/IrCSS6oyI?refer_flag=1001030103_,转发微博
李淑贤宝宝,2020年01月28日,0,0,0,//weibo.com/6273554874/IrCSS5Ygr?refer_flag=1001030103_,
小酒窝爱吃小馄饨,2020年01月28日,0,0,0,//weibo.com/5649349295/IrCSRevRs?refer_flag=1001030103_,#钟南山强调目前不要出行#钟院长说什么时候出门再出门 ​
坏女孩萌萌呵呵,2020年01月28日,0,0,0,//weibo.com/6073741225/IrCSRe9uO?refer_flag=1001030103_,转发微博
谢毛雨涵,2020年01月28日,0,0,0,//weibo.com/7254815517/IrCSQl9n6?refer_flag=1001030103_,//@无奈的涅槃://@东方一画堂:家国情怀！钟老辛苦！
干干星人,2020年01月28日,0,0,0,//weibo.com/2422923272/IrCSQ3rlY?refer_flag=1001030103_,真的辛苦了！谢谢您
wxhbz,2020年01月28日,0,0,0,//weibo.com/7283404602/IrCSQ365O?refer_flag=1001030103_,转发微博
骑着狮子的居居先生,2020年01月28日,0,0,0,//weibo.com/5557807930/IrCSQ1wNv?refer_flag=1001030103_,转发微博
英子的幸福天空,2020年01月28日,0,0,0,//weibo.com/7184114424/IrCSQ1w1w?refer_flag=1001030103_,转发微博
皮皮虾皮儿,2020年01月28日,0,0,0,//weibo.com/2659939011/IrCSPtNcR?refer_flag=1001030103_,转发微博
合肥经开公安,2020年01月28日,2,0,0,//weibo.com/6624113670/IrCSPpN2g?refer_flag=1001030103_,【疫情会不会大暴发 听听钟南山怎么说】1月28日，钟南山院士就新型冠状病毒感染的肺炎疫情接受了新华社记者的专访。关于疫情会不会大暴发，让我们一起听听钟南山怎么说。#钟南山强调目前不要出行##疫情1周或10天左右达到高峰# L视频-疫情会不会大暴发 听听钟南山怎么说 ​​​ 2合肥 ​
实验小学第一ADC,2020年01月28日,0,1,0,//weibo.com/1620980637/IrCSPpN3U?refer_flag=1001030103_,真的求求那些为了博眼球啥都敢写的司马编辑 做个人吧。我奶今天问我「你知道钟南山开的那个预防肺炎中药方子吗」「网上说有，我咋没查到」我天天在网上冲浪 我咋不知道钟南山还开什么中药方子呢。人家又不是中医 ​
以西向南,2020年01月28日,0,0,0,//weibo.com/2471642377/IrCSPrnCe?refer_flag=1001030103_,等天气暖和了去武汉看看//@营口新闻哥:火神山 雷神山 钟南山 三山齐聚克难关
叶馨2006,2020年01月28日,0,0,0,//weibo.com/1220882104/IrCSOztya?refer_flag=1001030103_,加油
用户6906635366,2020年01月28日,0,0,0,//weibo.com/6906635366/IrCSOwseK?refer_flag=1001030103_,视频来了！钟南山接受新华社专访O网页链接 ​
仁泰山石,2020年01月28日,0,0,0,//weibo.com/5037376824/IrCSOzvSA?refer_flag=1001030103_,老爷子不容易，定海神针呢。
想瘦到98的陀陀,2020年01月28日,0,0,0,//weibo.com/1737080667/IrCSOzweO?refer_flag=1001030103_,我相信你！！！
Laurel-今天也要开心啊,2020年01月28日,0,0,0,//weibo.com/6880321826/IrCSOzwAT?refer_flag=1001030103_,最近我也变得感性起来，一不小心眼眶就湿润起来。我们一定会好起来的，希望你们前线的所有奋斗着的都能好好保护自己。
要笑啊我的胡歌,2020年01月28日,0,0,0,//weibo.com/5436677090/IrCSOgmrg?refer_flag=1001030103_,转发微博
氧气大脸喵喵喵,2020年01月28日,0,0,0,//weibo.com/1738676837/IrCSOeOg3?refer_flag=1001030103_,转发微博
随风飘摇一枝花c,2020年01月28日,0,0,0,//weibo.com/1846562382/IrCSNEa22?refer_flag=1001030103_,77t#孕期日记#   无聊在家的寒假...看了热门好想要延迟开学  这可能是我有史以来最长的一次寒假了#钟南山强调目前不要出行##这个假期大家的不同状态# 2临清市 ​
小大长腿O,2020年01月28日,0,0,0,//weibo.com/3307433463/IrCSND64C?refer_flag=1001030103_,//@SDUIVF许超医生:没症状却有传染性的人出现了……//@回忆专用小马甲:她自己无症状。。。//@选我鸭我超甜的:放到末世文里她就是病毒研究院的香饽饽//@第五银月: 这就是最担心的那种了。之前钟南山有提过担心这种自身无症状也不发病的传染源
miss-王_99,2020年01月28日,0,0,0,//weibo.com/3914008586/IrCSNprc8?refer_flag=1001030103_,#钟南山强调目前不要出行#  ​  展开全文c
王诗箬,2020年01月28日,0,0,0,//weibo.com/6035723305/IrCSNpp3f?refer_flag=1001030103_,#钟南山强调目前不要出行#自行隔离 你好我好大家好钟南山不说动 我绝对不动 ​
97年12月,2020年01月28日,0,1,0,//weibo.com/5172616875/IrCSMvZRf?refer_flag=1001030103_,#钟南山强调目前不要出行# 很听话的，宅都在家武汉加油🇨🇳 ​
有事找大哥V,2020年01月28日,0,0,0,//weibo.com/1802693477/IrCSMv8Kh?refer_flag=1001030103_,转发微博
老来莫闲,2020年01月28日,2,0,0,//weibo.com/5208289986/IrCSMt9On?refer_flag=1001030103_,当医务人员冲在第一线时！千万富翁，亿万富翁们，你们留存那么多钱占用那么多财富干什么？？？//@真正的蒙山汶水:转发微博
慕桦H,2020年01月28日,0,0,0,//weibo.com/6225486533/IrCSMemrg?refer_flag=1001030103_,转发微博
张sally2012,2020年01月28日,0,0,0,//weibo.com/2699654990/IrCSMbrR0?refer_flag=1001030103_,转发微博
白德德玛,2020年01月28日,1,0,0,//weibo.com/2166842957/IrCSLBJFp?refer_flag=1001030103_,转发微博
云往这边飘_711,2020年01月28日,0,0,0,//weibo.com/3862651186/IrCSLzKRc?refer_flag=1001030103_,转发微博
mm88mmm,2020年01月28日,0,0,0,//weibo.com/1115991304/IrCSLzKpb?refer_flag=1001030103_,我都看哭了  何其幸运中国有钟南山爷爷
hailey_Robin,2020年01月28日,0,0,0,//weibo.com/7190010413/IrCSLizpI?refer_flag=1001030103_,"《疫情会不会大暴发 听听钟南山怎么说_好看视频》疫情会不会大暴发 听听钟南山怎么说,本视频由新华社提供,517611次播放,有20574人点赞,1861人对此视频发表评论，好看视频是由百度团队打造的集内涵和颜值于一身的专业短视频聚合平台O网页链接 ​"
孟婆汤文创,2020年01月28日,0,0,0,//weibo.com/2549060140/IrCSKrBIA?refer_flag=1001030103_,转发微博
如果天国也曾悲伤95,2020年01月28日,0,0,0,//weibo.com/3297215801/IrCSKrA4L?refer_flag=1001030103_,轉發微博
狙击手伍德,2020年01月28日,0,0,0,//weibo.com/1154335272/IrCSKoGIW?refer_flag=1001030103_,#钟南山谈疫情# 什么是国之栋梁？这就是。钟老，真国士也，关键时提建议襄助决策，解疾苦于倒悬，国之幸甚，民之幸甚。
追剧坤,2020年01月28日,0,0,0,//weibo.com/5670702761/IrCSK95vL?refer_flag=1001030103_,转发微博
静噗,2020年01月28日,0,0,0,//weibo.com/1827925145/IrCSK72D0?refer_flag=1001030103_,致敬//@内视觉心理:致敬！
吉娃娃和她的小可爱,2020年01月28日,0,0,0,//weibo.com/1839255987/IrCSK8G5a?refer_flag=1001030103_,转发微博
洁白的白大褂,2020年01月28日,0,0,0,//weibo.com/2805521021/IrCSK8GwH?refer_flag=1001030103_,转发微博
用户6828484457,2020年01月28日,0,0,0,//weibo.com/6828484457/IrCSK92du?refer_flag=1001030103_,//@读史知天下:向钟南山院士致敬！
会坤芝麻海苔13685417877,2020年01月28日,0,0,0,//weibo.com/3303252673/IrCSK92Od?refer_flag=1001030103_,转发微博
来日芳长_,2020年01月28日,0,0,0,//weibo.com/5808020328/IrCSJwX25?refer_flag=1001030103_,转发微博
暖的喵喵,2020年01月28日,0,0,0,//weibo.com/5704869835/IrCSJxl7B?refer_flag=1001030103_,转发微博
michaelsheng83,2020年01月28日,0,0,0,//weibo.com/1345710123/IrCSJxlfL?refer_flag=1001030103_,向人民英雄致敬
小生是小圣,2020年01月28日,0,0,0,//weibo.com/2035639392/IrCSJxlrd?refer_flag=1001030103_,轉發微博
呀比小歪,2020年01月28日,0,0,0,//weibo.com/1323408847/IrCSJxnP4?refer_flag=1001030103_,我身后的国家，我会为了你战斗到最后一刻，我一定会努力，请你不要让我失望#辽宁确认2例新型肺炎病例##钟南山肯定新型冠状病毒肺炎人传人##中国有信心打赢新型肺炎疫情攻坚战# ​
用户7342452265,2020年01月28日,0,0,0,//weibo.com/7342452265/IrCSJhFx3?refer_flag=1001030103_,视频来了！钟南山接受新华社专访O网页链接 ​
bingo刘英俊,2020年01月28日,0,0,0,//weibo.com/6079526479/IrCSJfIv2?refer_flag=1001030103_,
食我意大利面啦,2020年01月28日,0,0,0,//weibo.com/6026285265/IrCSJfj6Q?refer_flag=1001030103_,//@麝因香 :我叼//@绝对萌域 :无症状太可怕了//@回忆专用小马甲 : 她自己无症状。。。//@选我鸭我超甜的 :放到末世文里她就是病毒研究院的香饽饽//@第五银月 : 这就是最担心的那种了。之前钟南山有提过担心这种自身无症状也不发病的传染源
一诺的妈,2020年01月28日,0,1,0,//weibo.com/5661751726/IrCSJffVt?refer_flag=1001030103_,转：#钟南山强调目前不要出行# 钟南山：春节前我说过，请大家目前不要到处跑。现在我还是强调大家不要出行，特别是武汉一带的，这不仅仅是个人的事情，也是全社会的事情。 ​
杨_博士,2020年01月28日,0,0,0,//weibo.com/3199710121/IrCSJdHfB?refer_flag=1001030103_,转发微博
L水墨清韵XY,2020年01月28日,0,0,0,//weibo.com/5758782515/IrCSIohLR?refer_flag=1001030103_,转发微博
Congratulations-HLJ,2020年01月28日,0,0,0,//weibo.com/2325652650/IrCSIog3l?refer_flag=1001030103_,转发微博
步履不停wuu,2020年01月28日,0,0,0,//weibo.com/3612876161/IrCSIofPI?refer_flag=1001030103_,看到钟南山院士眼红了//@桑格格桑格格:“武汉是个很英雄的城市”
设计师-Jack蒋,2020年01月28日,0,0,0,//weibo.com/7306020879/IrCSImkXX?refer_flag=1001030103_,转发微博
刘_Cathy,2020年01月28日,0,0,0,//weibo.com/2687990637/IrCSImkOJ?refer_flag=1001030103_,感动//@梦里花开0925:转发微博
流走的蒲公英,2020年01月28日,0,0,0,//weibo.com/6115380343/IrCSIlWjk?refer_flag=1001030103_,转发微博
谢龙江Allen,2020年01月28日,0,0,0,//weibo.com/5878382837/IrCSI6DX7?refer_flag=1001030103_,钟南山反复强调目前不要出行　　钟教授说：春节前我说过，请大家目前不要到处跑。现在我还是强调大家不要出行，特别是武汉一带的，这不仅仅是个人的事情，也是全社会的事情。 钟南山：疫情1周或10天左右达到高峰，不会大规模增加了 O钟南山：疫情1周或10天左右达到高峰，不会大规模增加了 O网页链接 ​
最爱易少呆萌样,2020年01月28日,0,0,0,//weibo.com/5354668389/IrCSI4hgK?refer_flag=1001030103_,//@烊烊是琳琳的小糖豆:🙏//@遇烊://@Joker桃花:一定会好
六月-半夏C,2020年01月28日,0,0,0,//weibo.com/1706455690/IrCSHsz5E?refer_flag=1001030103_,//@于帅洋是琢玉郎:转发微博
巴顿是只狗,2020年01月28日,0,0,0,//weibo.com/5137965435/IrCSH9h6U?refer_flag=1001030103_,@笑忘书_Sixsix
睡觉的小撒旦,2020年01月28日,0,0,0,//weibo.com/5784862992/IrCSGgXxc?refer_flag=1001030103_,//@李永乐老师:武汉加油！中国加油！
Onlyone莎,2020年01月28日,0,0,0,//weibo.com/1767136884/IrCSGgX1u?refer_flag=1001030103_,武汉加油
牛宝99,2020年01月28日,0,0,0,//weibo.com/1878772907/IrCSFFff7?refer_flag=1001030103_,转发微博
喜宝的二三事,2020年01月28日,0,0,0,//weibo.com/1989652705/IrCSFFhMu?refer_flag=1001030103_,转发微博
就很可爱啊啊啊啊啊啊啊啊,2020年01月28日,0,0,0,//weibo.com/2205817455/IrCSFFMft?refer_flag=1001030103_,辛苦你们了
千里之外000000,2020年01月28日,0,0,0,//weibo.com/5758601185/IrCSG2bWF?refer_flag=1001030103_,
Cassie_tx,2020年01月28日,0,0,0,//weibo.com/3602731153/IrCSFFM44?refer_flag=1001030103_,爷爷不哭，我爱你❤️
卓艺zy_,2020年01月28日,1,0,0,//weibo.com/1772116323/IrCSFqsYq?refer_flag=1001030103_,love and hope
hoho225,2020年01月28日,0,0,0,//weibo.com/1837855303/IrCSFqs2q?refer_flag=1001030103_,轉發微博
阿荣潘,2020年01月28日,0,0,0,//weibo.com/1907028525/IrCSEx6wl?refer_flag=1001030103_,🙏🙏必须有信心！！
丶三王,2020年01月28日,0,0,0,//weibo.com/1837244920/IrCSEx7pa?refer_flag=1001030103_,转发微博
喵家锦鲤婉,2020年01月28日,0,2,0,//weibo.com/6050629493/IrCSEx8fz?refer_flag=1001030103_,平安喜乐，万事胜意，健健康康，病毒退散 #钟南山强调目前不要出行# ​
老杨y同志,2020年01月28日,0,0,0,//weibo.com/5887121183/IrCSEx56g?refer_flag=1001030103_,转发微博
raylei_123,2020年01月28日,0,0,0,//weibo.com/2709671023/IrCSEfsBt?refer_flag=1001030103_,转发微博
老兔子wqy,2020年01月28日,0,0,0,//weibo.com/3879401263/IrCSEfspx?refer_flag=1001030103_,【健康养生】视频：1月28日钟南山表示：疫情不会大规模增加了！  L老兔子wqy的微博视频 ​
张小跳也被人家抢了,2020年01月28日,0,0,0,//weibo.com/2279723320/IrCSEcyfK?refer_flag=1001030103_,武汉本就是英雄的城市，钟老更是英雄！祈祷早日攻克疫情！
陈521马,2020年01月28日,0,0,0,//weibo.com/3616516807/IrCSEcvZz?refer_flag=1001030103_,转发微博
减肥的懒猫猫,2020年01月28日,0,0,0,//weibo.com/6121760903/IrCSDDK5q?refer_flag=1001030103_,//@一条高贵冷艳的内裤:一线医护保护好自己才能更好的救别人//@影视剧隐秘而伟大:向隐秘而伟大的白衣天使致敬！武汉加油！
爵士小阿姨,2020年01月28日,0,0,0,//weibo.com/1639243530/IrCSDARoK?refer_flag=1001030103_,84岁奔赴一线  阅尽人事 依旧热泪盈眶 国士无双
华华_er,2020年01月28日,0,0,0,//weibo.com/5457702778/IrCSD4ovz?refer_flag=1001030103_,转发微博
善恶给并,2020年01月28日,0,0,0,//weibo.com/6124168361/IrCSCtM45?refer_flag=1001030103_,//@双鱼座哎呦喂1992:转发微博
新浪军事,2020年01月28日,76,52,0,//weibo.com/1499104401/IrCSCtKbK?refer_flag=1001030103_,【#钟南山强调目前不要出行#】钟南山：春节前我说过，请大家目前不要到处跑。现在我还是强调大家不要出行，特别是武汉一带的，这不仅仅是个人的事情，也是全社会的事情。（新华社） ​#疫情1周或10天左右达到高峰# ​
Sw休人,2020年01月28日,0,0,0,//weibo.com/3940252867/IrCSCrWYw?refer_flag=1001030103_,#钟南山强调目前不要出行#【PITA口袋饼】自制口袋饼皮夹入自己喜爱的馅料并使用新鲜的生菜口感清脆既美味又健康，夏天的清爽美食就是它了。 L全球美食教程的秒拍视频 ​
MI不有初,2020年01月28日,0,0,0,//weibo.com/5250215763/IrCSCpOb3?refer_flag=1001030103_,转发微博
是阿月月呀,2020年01月28日,0,0,0,//weibo.com/2127009513/IrCSCpO9N?refer_flag=1001030103_,最后钟老都忍不住哽咽了！武汉是个很英雄的城市！都会好起来的！
用户6130434662,2020年01月28日,0,0,0,//weibo.com/6130434662/IrCSCpM9j?refer_flag=1001030103_,这个人说的我信
南木之东,2020年01月28日,0,0,0,//weibo.com/1867415403/IrCSCc7vV?refer_flag=1001030103_,转发微博
追梦girl0630,2020年01月28日,0,0,0,//weibo.com/6221473924/IrCSBApAn?refer_flag=1001030103_,
小葵花爬爬,2020年01月28日,0,0,0,//weibo.com/5038848868/IrCSBy4Ef?refer_flag=1001030103_,我们一定可以的！！
日落jmm晨曦,2020年01月28日,0,3,0,//weibo.com/5556316298/IrCSBy5iE?refer_flag=1001030103_,#钟南山强调目前不要出行# 不一样的土味情话…无聊至极只能聊天解闷了我想出去想出去，但还是乖乖在家 2樟树市 ​
蓝色白色,2020年01月28日,0,0,0,//weibo.com/1658259394/IrCSBiKJO?refer_flag=1001030103_,转发
又一扇门,2020年01月28日,0,0,0,//weibo.com/5499041650/IrCSB14Qo?refer_flag=1001030103_,@Luo_xs //@麦兜麻麻-诺:曾经把小嫩肉当男神，如今钟南山院士就是姐的男神，(ง •̀_•́)ง加油武汉，加油(ง •̀_•́)ง中国。
上海天气通--风云气象汇,2020年01月28日,2,21,0,//weibo.com/1562800575/IrCSB12wh?refer_flag=1001030103_,相信钟南山说的话，呼吁全国所有非必要企业，全部延后到10号开工，大家出门必须戴口罩，去医院就医必须戴n95级别口罩.....上海的路口严防死守，这样我们可以早些战胜这疫情，但如果很多私企不肯延期开工，而导致了疫情的扩散，那么这些企业就是罪人了......我们单位积极响应上海的号召，通知很早就下发 ​
释迦牟尼Wei,2020年01月28日,0,0,0,//weibo.com/2472658022/IrCSAFd4f?refer_flag=1001030103_,转发微博
aliciaandrea,2020年01月28日,0,0,0,//weibo.com/3867290712/IrCSACZcf?refer_flag=1001030103_,转发微博
帮女郎帮你忙AHTV,2020年01月28日,0,0,0,//weibo.com/1738344643/IrCSApjHX?refer_flag=1001030103_,【#钟南山强调目前不要出行#】钟南山：春节前我说过，请大家目前不要到处跑。现在我还是强调大家不要出行，特别是武汉一带的，这不仅仅是个人的事情，也是全社会的事情。#不会因春运返程出现大传染# #50个抗击疫情好消息#  #武汉87岁婆婆治愈出院# #全国确诊新型肺炎病例# ​
TooCool二龙湖暴驰,2020年01月28日,0,0,0,//weibo.com/1915538681/IrCSAn3BX?refer_flag=1001030103_,转发微博
心升明月zqx,2020年01月28日,0,0,0,//weibo.com/2696334532/IrCSAoC2b?refer_flag=1001030103_,//@且生君:钟南山先生最后谈到武汉时哽咽了。
龟兔孰赢,2020年01月28日,1,1,0,//weibo.com/1934733073/IrCSAoF0v?refer_flag=1001030103_,钟南山眼含泪：“我一个学生给我一个信息，他说他听到街道上老百姓唱国歌，他很感动。所以劲头上來了，很多东西都可以解決。大家全国帮忙，武汉是能够过关的，武汉本來就是一个很英雄的城市。”  #不会因春运返程出现大传染# L旅行厨男的微博视频 ​​​ ​
V如约而至e,2020年01月28日,0,0,0,//weibo.com/5540408414/IrCSApjM1?refer_flag=1001030103_,转发微博
秋水怡人0922,2020年01月28日,0,0,0,//weibo.com/1439180740/IrCSApnt2?refer_flag=1001030103_,看到最后他被感动哽咽了。大家都是在互相大气，互相激励。争取早日取得胜利，恢复以前的生活。//@红毛红米:转发微博
中国共青团杂志,2020年01月28日,1,0,0,//weibo.com/1359974471/IrCSzvXTp?refer_flag=1001030103_,【#钟南山最新采访#：有信心防止疫情大爆发】1月28日，钟南山院士就新型冠状病毒感染的肺炎疫情接受采访。疫情会不会大暴发，钟南山的回答↓#钟南山哽咽#@新华视点 L新华视点的秒拍视频 #钟南山强调目前不要出行# ​​​
格林的屋子_,2020年01月28日,0,0,0,//weibo.com/5728700515/IrCSzt4Ia?refer_flag=1001030103_,
我是小怪兽呀monster,2020年01月28日,0,0,0,//weibo.com/2537219907/IrCSzekBS?refer_flag=1001030103_,转发微博
思享,2020年01月28日,0,0,0,//weibo.com/1794847832/IrCSzeiH2?refer_flag=1001030103_,武汉本来就是一个很英雄的城市，祈福新型冠状病毒赶紧消失。
塔塔婷,2020年01月28日,0,0,0,//weibo.com/5171017159/IrCSyzHme?refer_flag=1001030103_,转发微博
茶酒共喝国,2020年01月28日,0,0,0,//weibo.com/3219411352/IrCSyiGe6?refer_flag=1001030103_,转发微博
0514W,2020年01月28日,0,0,0,//weibo.com/5307691954/IrCSyi1eV?refer_flag=1001030103_,#钟南山强调目前不要出行#钟南山院士您辛苦了，我们听您的，武汉加油 2邯郸 ​
庄庄Summer,2020年01月28日,0,0,0,//weibo.com/3894420975/IrCSy2AA8?refer_flag=1001030103_,转发微博
hissyo,2020年01月28日,0,0,0,//weibo.com/2855932290/IrCSy10z1?refer_flag=1001030103_,
AlbertFF,2020年01月28日,0,0,0,//weibo.com/5267772096/IrCSx9eMX?refer_flag=1001030103_,转发微博
捌零年代的尾巴,2020年01月28日,0,0,0,//weibo.com/3058497571/IrCSx6Yet?refer_flag=1001030103_,转发微博
是林杨家的鱼,2020年01月28日,0,0,0,//weibo.com/2162256901/IrCSx6YZg?refer_flag=1001030103_,“钟南山让我动才动”
熊二他爹,2020年01月28日,0,0,0,//weibo.com/2129671977/IrCSx9V3p?refer_flag=1001030103_,
不过如是的言冥,2020年01月28日,0,0,0,//weibo.com/2158196537/IrCSx7Djd?refer_flag=1001030103_,火神山，雷神山，钟南山，三山镇病毒。武汉人，湖北人，中国人，亿人平疫灾。图：夏阿。 2黄冈·红安县 ​
我爱hotpot,2020年01月28日,1,0,0,//weibo.com/1395001674/IrCSwyaWq?refer_flag=1001030103_,感谢钟老和奋战在一线的医务人员和科研人员，相信疫情很快就会被战胜，春暖花开我们一起逛公园的日子也不会远了
澎湃新闻,2020年01月28日,487,222,0,//weibo.com/5044281310/IrCSwxyvi?refer_flag=1001030103_,#新型冠状病毒感染肺炎#【疫情会不会大暴发 #听听钟南山怎么说#】1月28日，钟南山院士就新型冠状病毒感染的肺炎疫情接受了新华社记者的专访。疫情会不会大暴发，让我们一起听听钟南山怎么说。@新华视点 L新华视点的秒拍视频 ​
gerylee0,2020年01月28日,0,0,0,//weibo.com/3993434580/IrCSwxwIE?refer_flag=1001030103_,转发微博
风夏以墨吹,2020年01月28日,0,0,0,//weibo.com/7091084464/IrCSwxvai?refer_flag=1001030103_,转发微博
善恶给并,2020年01月28日,0,0,0,//weibo.com/6124168361/IrCSvodej?refer_flag=1001030103_,//@双鱼座哎呦喂1992://@法官爱民:【疫情什么时候到达高峰，病例还会不会大规模增加？听钟南山怎么说】#钟南山谈疫情# ​​​
可爱最有趣,2020年01月28日,0,0,0,//weibo.com/5718202856/IrCSvmwlE?refer_flag=1001030103_,
大红人,2020年01月28日,0,0,0,//weibo.com/1645031497/IrCSvmvqI?refer_flag=1001030103_,相信钟老。相信武汉。相信中国人民
youthlisa,2020年01月28日,0,0,0,//weibo.com/1852016137/IrCSvkfaF?refer_flag=1001030103_,转发微博
用户7169523722,2020年01月28日,0,0,0,//weibo.com/7169523722/IrCSv4jFL?refer_flag=1001030103_,《钟南山含泪谈武汉抗疫：全国帮忙，武汉是能够过关的》钟南山含泪谈武汉抗疫：全国帮忙，武汉是能够过关的O网页链接 武汉加油！湖北加油！ ​
自己的记忆没有了62950,2020年01月28日,0,0,0,//weibo.com/5880755172/IrCSv2xQy?refer_flag=1001030103_,转发微博
1guo1tao1home_384,2020年01月28日,0,0,0,//weibo.com/2907557715/IrCSv4kMD?refer_flag=1001030103_,转发微博
福州胡州人,2020年01月28日,2,2,0,//weibo.com/2052010152/IrCSv4Rvq?refer_flag=1001030103_,【钟南山：#疫情1周或10天左右达到高峰#，不会大规模增加了】疫情什么时候达到高峰，很难绝对地估计。不过应该在一周或者十天左右达到高峰，不会大规模增加了。10到14天是一个很好的隔离观察期，潜伏期过去了，发病的及时治疗，没发病也就没病，所以#不会因春运返程出现大传染#，但排查的措施不能停。（新华社） 
飞鱼与乌龟,2020年01月28日,0,0,0,//weibo.com/1736011832/IrCSv4RSS?refer_flag=1001030103_,转发微博
268若水,2020年01月28日,0,0,0,//weibo.com/3964068478/IrCSv4Skh?refer_flag=1001030103_,转发微博
宁静致远淡泊明志,2020年01月28日,0,0,0,//weibo.com/6114885064/IrCSti8jL?refer_flag=1001030103_,我在看：【钟南山:疫情1周或10天左右达高峰 不会大规模增加】#跟新浪看热点#  O钟南山:疫情1周或10天左右达高峰 不会大规模增加 ​
laoyan066,2020年01月28日,0,0,0,//weibo.com/2089070313/IrCStgVdv?refer_flag=1001030103_,转发微博
Geumovo,2020年01月28日,0,0,0,//weibo.com/5231704304/IrCStgWdE?refer_flag=1001030103_,//@YoYo1141:“84岁的钟南山，有院士的专业，有战士的勇猛，更有国士的担当。”
农村小燕雀,2020年01月28日,0,0,0,//weibo.com/6419007472/IrCStjOt2?refer_flag=1001030103_,听了钟南山院士的分析，觉得让人更有安全感了，当钟老讲到人民在街道唱国歌时，钟老的眼眶湿润了，当我自己用心感受到这种精神时，也不由流出了眼泪，是感动的眼泪，是坚强的眼泪，是骄傲的眼泪，武汉加油，中国加油
叶檀,2020年01月28日,29,47,0,//weibo.com/1233227211/IrCStjPIf?refer_flag=1001030103_,说实话，建立信用很重要，为什么大家信钟南山院士？信用！
努力努力工作的我,2020年01月28日,0,0,0,//weibo.com/2248828871/IrCStjQzW?refer_flag=1001030103_,转发微博
苏州都市音乐广播,2020年01月28日,1,0,0,//weibo.com/2282401782/IrCSti8zq?refer_flag=1001030103_,坚定信念 相信国家。
静思d1,2020年01月28日,0,0,0,//weibo.com/5305009542/IrCSt2b9o?refer_flag=1001030103_,#钟南山强调目前不要出行#听你安排 ​
价值信仰者,2020年01月28日,0,0,0,//weibo.com/3787790140/IrCSt27tm?refer_flag=1001030103_,//@马喆Ma_zhe:中国需要钟南山
杏坛艺拍,2020年01月28日,2,1,0,//weibo.com/6394205777/IrCSsFS04?refer_flag=1001030103_,杏坛艺拍#这个假期大家的不同状态##钟南山说动才动# 你听钟南山院士的话，在家一动不动吗？动动手指吧！来杏坛艺拍看看专场。《庚子名家迎春系列专场·曾宓书法专场》就不错：O网页链接#买卖书画 上杏坛艺拍##杏坛专场# @朴龙玺 @彭瑾慧 @考骨牧人 @恒盦 @书画大叔 @书画严风 @杏坛美术馆 @阿德篆刻 @安庐邱晓强 @吴柏国画 @-贾绍昌- @王斌的江南 @Max马俊 @仁和书法 @水彩_刘诗园 @南谷山房 @屏除丝竹入中年 @贾宝珉 @觉庵宝和 @贾勃阳ART @康剑飞版画 @Pete三姑丈 @书法博士舒鸣 @王秉石 @王德顺老头 @烟波女史 @张登文书法 @希白刻竹 @晓风堂画廊 @魏大勋 @喻红 @逸矦任重 
不想当女汉子,2020年01月28日,0,0,0,//weibo.com/3870329712/IrCSsnvvo?refer_flag=1001030103_,转发微博
20190119人生这盘棋,2020年01月28日,0,0,0,//weibo.com/6964953244/IrCSruNXd?refer_flag=1001030103_,转发微博
悠牵悦宝,2020年01月28日,0,0,0,//weibo.com/2901073901/IrCSrx6Jw?refer_flag=1001030103_,转发微博
吹着口哨等爱的狐狸,2020年01月28日,0,0,0,//weibo.com/5960354749/IrCSreRZb?refer_flag=1001030103_,转发微博
小杜姑娘不是小土姑娘,2020年01月28日,0,0,0,//weibo.com/1793869455/IrCSqm3zK?refer_flag=1001030103_,转发微博
星hu辰,2020年01月28日,0,0,0,//weibo.com/6575010829/IrCSqlsVV?refer_flag=1001030103_,转发微博
爱喝奶茶儿的设计师,2020年01月28日,0,0,0,//weibo.com/3150389615/IrCSqjNbx?refer_flag=1001030103_,不串门 不下楼 吃饭睡觉看书打麻将 也算是为国家做贡献了#钟南山强调目前不要出行# 2沈阳 ​
我是焦虑小怪兽,2020年01月28日,0,0,0,//weibo.com/5163181729/IrCSqj6Bm?refer_flag=1001030103_,Repost
狼哩个狼HH,2020年01月28日,0,0,0,//weibo.com/6208892684/IrCSq1qy9?refer_flag=1001030103_,转发微博
沧海子阳,2020年01月28日,0,0,0,//weibo.com/1092201524/IrCSq26Mc?refer_flag=1001030103_,转发微博
你最可爱的均均,2020年01月28日,0,1,0,//weibo.com/5190565144/IrCSp9Qt6?refer_flag=1001030103_,#鼠年大吉##全国确诊新型肺炎病例##钟南山强调目前不要出行##宅在家里都干啥# 在家里干嘛？闲到犯闲#终于明白古代禁足的感受# 2乌鲁木齐 ​
夏狼啊狼,2020年01月28日,0,0,0,//weibo.com/1550822734/IrCSp9QEH?refer_flag=1001030103_,转发微博
活灵-,2020年01月28日,0,0,0,//weibo.com/3153086570/IrCSp9RBj?refer_flag=1001030103_,转发微博
上官钢丝,2020年01月28日,0,0,0,//weibo.com/6015100789/IrCSpc5Th?refer_flag=1001030103_,转发微博
江蘇慚愧人李自剛,2020年01月28日,0,0,0,//weibo.com/2285875410/IrCSoy7Vc?refer_flag=1001030103_,危难时刻，人性和文明的高下立判。 钟南山、李兰娟，这么高龄，还奋战在第一线，还有主动去武汉的那些医护人员，都是大乘菩萨的精神。 哪个国家对我们什么态度，我们要记住！
在真考虑图啊,2020年01月28日,0,0,0,//weibo.com/1576266791/IrCSownqb?refer_flag=1001030103_,转发微博
KKB_manse,2020年01月28日,0,0,0,//weibo.com/1733845761/IrCSogsKp?refer_flag=1001030103_,视频最后泪崩，武汉一定能能过关，全国一块儿过关
谓之后浪,2020年01月28日,0,0,0,//weibo.com/2422059953/IrCSnFp0i?refer_flag=1001030103_,转发微博
蓝天白云0905,2020年01月28日,0,0,0,//weibo.com/2930991174/IrCSnFor0?refer_flag=1001030103_,转发微博
用户6130718402,2020年01月28日,0,0,0,//weibo.com/6130718402/IrCSmvZwx?refer_flag=1001030103_,转发微博
ming_急需鱼肝油orz,2020年01月28日,0,0,0,//weibo.com/1814764182/IrCSmtHi0?refer_flag=1001030103_,//@充值信仰的圈圈:转发微博
张家界禾田居度假酒店,2020年01月28日,0,0,0,//weibo.com/3172610327/IrCSmt3Wh?refer_flag=1001030103_,抗击疫情，我们在行动，齐心协力抵御病毒❤️待到山花烂漫时，我们再相聚❤️#张家界##万众一心打赢疫情防控阻击战##钟南山强调目前不要出行# 2张家界·张家界禾田居度假酒店 ​
家动78534,2020年01月28日,0,0,0,//weibo.com/5596629880/IrCSmbnxe?refer_flag=1001030103_,转发微博
任建伟律师,2020年01月28日,0,0,0,//weibo.com/6902613128/IrCSmbo2H?refer_flag=1001030103_,钟南山含泪谈疫情：有信心防止大爆发，武汉是能过关的 O病例还会不会大规模增加？听钟南山怎么说 ​
高士的影像,2020年01月28日,0,0,0,//weibo.com/5239209477/IrCSmc3tZ?refer_flag=1001030103_,信心比黄金更珍贵
一个不想透露姓名的小婉婉,2020年01月28日,0,1,0,//weibo.com/5641121997/IrCSmc475?refer_flag=1001030103_,#钟南山强调目前不要出行#mlgb到现在我还是想知道第一个感染的人是谁？？！是谁这么想上天去吃蝙蝠🦇的 ​
55xx走位白丁,2020年01月28日,0,0,0,//weibo.com/2075229395/IrCSmcIBP?refer_flag=1001030103_,转发微博
徐楞楞,2020年01月28日,0,0,0,//weibo.com/2204216972/IrCSlCC6Z?refer_flag=1001030103_,转发微博
直通屏山,2020年01月28日,0,0,0,//weibo.com/5134043072/IrCSlB47S?refer_flag=1001030103_,#防控新型冠状病毒感染的肺炎# #新型冠状病毒感染肺炎# 【#钟南山强调目前不要出行#】钟南山：春节前我说过，请大家目前不要到处跑。现在我还是强调大家不要出行，特别是武汉一带的，这不仅仅是个人的事情，也是全社会的事情。（新华社） #网络述年# #新型冠状病毒感染肺炎# 【#钟南山强调目前不要出行#】钟南山：春节前我说过，请大家目前不要到处跑。现在我还是强调大家不要出行，特别是武汉一带的，这不仅仅是个人的事情，也是全社会的事情。（新华社） #网络述年# 
静静的格桑花,2020年01月28日,0,0,0,//weibo.com/1941747614/IrCSlB2rt?refer_flag=1001030103_,转发微博
大猪猪ja,2020年01月28日,0,0,0,//weibo.com/2098047684/IrCSk7EJi?refer_flag=1001030103_,转发微博
Candy家的手机壳壳,2020年01月28日,0,0,0,//weibo.com/6012520873/IrCSk7CyR?refer_flag=1001030103_,#钟南山强调目前不要出行#不能出门   压岁钱怎么花？康康我们的手机壳！ ​
老干部的菊花茶,2020年01月28日,0,0,0,//weibo.com/3886929896/IrCSjycLX?refer_flag=1001030103_,转发微博
MConly,2020年01月28日,0,0,0,//weibo.com/1957608205/IrCSjg7md?refer_flag=1001030103_,转发微博
儿科医生刘维民,2020年01月28日,16,4,0,//weibo.com/1976921745/IrCSjgxxB?refer_flag=1001030103_,相信正月十五后，就是疫情全面控制之时！
张艺兴今天来娶我了,2020年01月28日,0,0,0,//weibo.com/3801954483/IrCSjehmk?refer_flag=1001030103_,辛苦了
九月遇你k,2020年01月28日,0,0,0,//weibo.com/5345899773/IrCSjeios?refer_flag=1001030103_,#钟南山强调目前不要出行#你什么时候说动我在动！ ​
Kert今天减脂了吗,2020年01月28日,0,0,0,//weibo.com/6073897213/IrCSiCAlQ?refer_flag=1001030103_,那我不动了//@大米评测:钟南山说动我再动！//@机智蒸小爽:钟南山说动就动//@常安尽欢颜:钟南山让动我再动！
楼上楼来也,2020年01月28日,0,0,0,//weibo.com/1409090453/IrCSiBSAZ?refer_flag=1001030103_,//@东方琳嘉: 转发微博
肉口袋,2020年01月28日,0,0,0,//weibo.com/3182321840/IrCSimN7S?refer_flag=1001030103_,我的男神，钟南山 ​
善恶给并,2020年01月28日,0,0,0,//weibo.com/6124168361/IrCShuSJc?refer_flag=1001030103_,转发微博
Angela极光姐,2020年01月28日,0,0,0,//weibo.com/7194674717/IrCShqMyM?refer_flag=1001030103_,#钟南山为支援湖北医疗队加油#老爷子辛苦了 你也要加油照顾好自己 ​
洪攻略之舞,2020年01月28日,0,0,0,//weibo.com/1961460895/IrCShtq9j?refer_flag=1001030103_,转发微博
keikeipoon,2020年01月28日,0,0,0,//weibo.com/1990089712/IrCShdcgV?refer_flag=1001030103_,#钟南山最新采访#钟院士让我泪目了，所有医护工作者让我感动🙏🙏🙏🙏你们是人民的英雄大家以后如遇上谁对医护人员动手动脚，请伸出援助之手🙏🙏🙏 ​
动力滑翔翼,2020年01月28日,0,0,0,//weibo.com/1645014250/IrCShdaQO?refer_flag=1001030103_,转发微博
Abao-阿鲍,2020年01月28日,0,0,0,//weibo.com/2267469984/IrCShbJJI?refer_flag=1001030103_,转发微博
是老山呀,2020年01月28日,0,0,0,//weibo.com/2046987207/IrCShaYFp?refer_flag=1001030103_,辛苦了，但听到你的话就放心了很多
向着苑望绮祷快实现星人,2020年01月28日,0,8,0,//weibo.com/5013645088/IrCSh97K1?refer_flag=1001030103_,#钟南山强调目前不要出行# 距离得知提前上班的消息已经过去了六个小时。从起初的意难平到逐渐冷静。不知道是哪一瞬间突然意识到是我不够优秀才会在这个位置经历这些。如果能熬过去。希望有一天。我可以找到你。然后靠我们自己的力量把你我都带到更好的地方去。🙏🙏🙏。 ​​​
河南经济广播,2020年01月28日,3,0,0,//weibo.com/2137096053/IrCSh97If?refer_flag=1001030103_,#新型冠状病毒感染肺炎##抗击疫情我们始终在一起# 【钟南山视频访谈：谈到武汉，老人数度哽咽】1月28日，钟南山院士就新型冠状病毒感染的肺炎疫情接受了新华社记者的专访。疫情会不会大暴发，让我们一起听听钟南山怎么说。来源：L新华视点的秒拍视频 ​ ​​​
狮子羊羊,2020年01月28日,0,0,0,//weibo.com/1249898357/IrCSgBtep?refer_flag=1001030103_,加油
Liyuen-Z,2020年01月28日,0,0,0,//weibo.com/6066291283/IrCSgxppq?refer_flag=1001030103_,转发微博
aduing,2020年01月28日,0,0,0,//weibo.com/1743784885/IrCSfp1Cd?refer_flag=1001030103_,转发微博
水煮长江,2020年01月28日,3,18,0,//weibo.com/1569345332/IrCSfp1qX?refer_flag=1001030103_,满含热泪的钟南山院士说：武汉本来就是一个很英雄的城市！我是武汉人，我骄傲#英雄城市# #武汉加油# #钟南山说动才动# #钟南山#  L水煮长江的微博视频 ​
廖圆圆儿,2020年01月28日,2,34,0,//weibo.com/1742995087/IrCSfoZMf?refer_flag=1001030103_,看到钟南山爷爷哭了 我哭了决定缓一缓 业务学习一下 点开了囧妈看到伊万跟妈妈那种大呼小叫的互相关心 跟妻子爱在心里口难开 又哭了 又决定缓一缓 打开微博刷了一下 看到麦迪回忆科比  还是哭我的泪腺是不是坏掉了 ​
臀臀1030,2020年01月28日,0,0,0,//weibo.com/3805251187/IrCSfodHu?refer_flag=1001030103_,转发微博
Andy棒_棒,2020年01月28日,0,0,0,//weibo.com/6001705529/IrCSfntay?refer_flag=1001030103_,转发微博
樱桃小妖丸,2020年01月28日,0,0,0,//weibo.com/1919882605/IrCSfnt0a?refer_flag=1001030103_,
midnight狂奔,2020年01月28日,0,0,0,//weibo.com/1830442731/IrCSf6zea?refer_flag=1001030103_,转发微博
我觉得这题可以选A,2020年01月28日,0,0,0,//weibo.com/5318607099/IrCSf7mml?refer_flag=1001030103_,转发微博
手机用户2056525745,2020年01月28日,0,0,0,//weibo.com/2056525745/IrCSf8MtK?refer_flag=1001030103_,转发微博
Q嘻嘻H,2020年01月28日,0,0,0,//weibo.com/2038197123/IrCSf7l0K?refer_flag=1001030103_,转发微博
小雪球越滚越大,2020年01月28日,0,0,0,//weibo.com/5130843453/IrCSdm28z?refer_flag=1001030103_,//@秋田六千:…………//@回忆专用小马甲:她自己无症状。。。//@选我鸭我超甜的:放到末世文里她就是病毒研究院的香饽饽//@第五银月: 这就是最担心的那种了。之前钟南山有提过担心这种自身无症状也不发病的传染源
定位价值,2020年01月28日,0,0,0,//weibo.com/2234329454/IrCSd4nCZ?refer_flag=1001030103_,#钟南山强调目前不要出行#钟南山刚说，媒体碎片截取推送，是不全面的，有根据个人认知博眼球，搏点击率嫌疑，这是媒体的特性。19:10   ★★【钟南山：不会因为春运返程出现大传染】钟南山对新华社表示，10到14天是一个很好的隔离观察期，潜伏期过去了，发病的及时治疗，没发病也就没病，不会因为春 ​  展开全文c
追剧美少女dl680616,2020年01月28日,0,0,0,//weibo.com/6453643395/IrCScpFYr?refer_flag=1001030103_,#钟南山强调目前不要出行#真的不要出行了  为了自己 为了他人  呆在家里 ​
用户6529794938,2020年01月28日,0,0,0,//weibo.com/6529794938/IrCScqqwv?refer_flag=1001030103_,转发微博
小虫子的一天,2020年01月28日,0,0,0,//weibo.com/1768325287/IrCScsn7c?refer_flag=1001030103_,听钟南山院士的话，大家不要传谣言
心善身自香,2020年01月28日,0,0,0,//weibo.com/1093342795/IrCScqrzB?refer_flag=1001030103_,转发微博
正定飞飞,2020年01月28日,0,1,0,//weibo.com/2758431044/IrCScsoMl?refer_flag=1001030103_,转发微博
兰儿的小世界,2020年01月28日,0,0,0,//weibo.com/1828455130/IrCScaYdQ?refer_flag=1001030103_,钟南山您也是英雄
简到一分钱,2020年01月28日,0,0,0,//weibo.com/5485254755/IrCSc81gW?refer_flag=1001030103_,//@M大王叫我来巡山:这有点难防…//@Tiger公子://@回忆专用小马甲:她自己无症状。。。//@选我鸭我超甜的:放到末世文里她就是病毒研究院的香饽饽//@第五银月: 这就是最担心的那种了。之前钟南山有提过担心这种自身无症状也不发病的传染源
嘿咖M,2020年01月28日,0,0,0,//weibo.com/7108118079/IrCSbz1Mw?refer_flag=1001030103_,转发微博
铜仁日报,2020年01月28日,0,0,0,//weibo.com/6346468473/IrCTHwuKe?refer_flag=1001030103_,【#病例还会不会大规模增加# ？#听钟南山怎么说# 】#如何严防新型冠状病毒# ​ ​​​
-君十三-,2020年01月28日,0,0,0,//weibo.com/5278392640/IrCTHxmT8?refer_flag=1001030103_,转发微博
喵晓柒Lynn,2020年01月28日,0,0,0,//weibo.com/2149240675/IrCTHusYR?refer_flag=1001030103_,转发微博
anzj风,2020年01月28日,0,0,0,//weibo.com/5949183812/IrCTHuuEI?refer_flag=1001030103_,
初九兮,2020年01月28日,0,0,0,//weibo.com/5672138171/IrCTHvwJP?refer_flag=1001030103_,转发微博
米米小番茄,2020年01月28日,0,0,0,//weibo.com/2360780630/IrCTHvvZe?refer_flag=1001030103_,
室内消毒,2020年01月28日,0,0,0,//weibo.com/6572288609/IrCTHwtVe?refer_flag=1001030103_,转发微博
汤圆好妈咪,2020年01月28日,0,0,0,//weibo.com/2363485844/IrCTHgN0w?refer_flag=1001030103_,转发微博
海峡卫视,2020年01月28日,0,0,0,//weibo.com/1911630795/IrCTHgLme?refer_flag=1001030103_,【#姚明等体育界明星为防治新型冠状病毒感染的肺炎向社会发出倡议#】姚明、孙悦、李铁、斯蒂芬·马布里等体育界明星，为防治新型冠状病毒感染的肺炎向社会发出倡议！#钟南山强调目前不要出行#  L福建广播电视新闻中心的微博视频 ​​​
一平马,2020年01月28日,2,0,0,//weibo.com/1376402030/IrCTHeS1q?refer_flag=1001030103_,向天再借500年的//@马喆Ma_zhe:中国需要钟南山
铜仁日报,2020年01月28日,0,0,0,//weibo.com/6346468473/IrCTHwuKe?refer_flag=1001030103_,【#病例还会不会大规模增加# ？#听钟南山怎么说# 】#如何严防新型冠状病毒# ​ ​​​
-君十三-,2020年01月28日,0,0,0,//weibo.com/5278392640/IrCTHxmT8?refer_flag=1001030103_,转发微博
喵晓柒Lynn,2020年01月28日,0,0,0,//weibo.com/2149240675/IrCTHusYR?refer_flag=1001030103_,转发微博
anzj风,2020年01月28日,0,0,0,//weibo.com/5949183812/IrCTHuuEI?refer_flag=1001030103_,
初九兮,2020年01月28日,0,0,0,//weibo.com/5672138171/IrCTHvwJP?refer_flag=1001030103_,转发微博
米米小番茄,2020年01月28日,0,0,0,//weibo.com/2360780630/IrCTHvvZe?refer_flag=1001030103_,
室内消毒,2020年01月28日,0,0,0,//weibo.com/6572288609/IrCTHwtVe?refer_flag=1001030103_,转发微博
汤圆好妈咪,2020年01月28日,0,0,0,//weibo.com/2363485844/IrCTHgN0w?refer_flag=1001030103_,转发微博
海峡卫视,2020年01月28日,0,0,0,//weibo.com/1911630795/IrCTHgLme?refer_flag=1001030103_,【#姚明等体育界明星为防治新型冠状病毒感染的肺炎向社会发出倡议#】姚明、孙悦、李铁、斯蒂芬·马布里等体育界明星，为防治新型冠状病毒感染的肺炎向社会发出倡议！#钟南山强调目前不要出行#  L福建广播电视新闻中心的微博视频 ​​​
一平马,2020年01月28日,2,0,0,//weibo.com/1376402030/IrCTHeS1q?refer_flag=1001030103_,向天再借500年的//@马喆Ma_zhe:中国需要钟南山
铜仁日报,2020年01月28日,0,0,0,//weibo.com/6346468473/IrCTHwuKe?refer_flag=1001030103_,【#病例还会不会大规模增加# ？#听钟南山怎么说# 】#如何严防新型冠状病毒# ​ ​​​
-君十三-,2020年01月28日,0,0,0,//weibo.com/5278392640/IrCTHxmT8?refer_flag=1001030103_,转发微博
喵晓柒Lynn,2020年01月28日,0,0,0,//weibo.com/2149240675/IrCTHusYR?refer_flag=1001030103_,转发微博
anzj风,2020年01月28日,0,0,0,//weibo.com/5949183812/IrCTHuuEI?refer_flag=1001030103_,
初九兮,2020年01月28日,0,0,0,//weibo.com/5672138171/IrCTHvwJP?refer_flag=1001030103_,转发微博
米米小番茄,2020年01月28日,0,0,0,//weibo.com/2360780630/IrCTHvvZe?refer_flag=1001030103_,
室内消毒,2020年01月28日,0,0,0,//weibo.com/6572288609/IrCTHwtVe?refer_flag=1001030103_,转发微博
汤圆好妈咪,2020年01月28日,0,0,0,//weibo.com/2363485844/IrCTHgN0w?refer_flag=1001030103_,转发微博
海峡卫视,2020年01月28日,0,0,0,//weibo.com/1911630795/IrCTHgLme?refer_flag=1001030103_,【#姚明等体育界明星为防治新型冠状病毒感染的肺炎向社会发出倡议#】姚明、孙悦、李铁、斯蒂芬·马布里等体育界明星，为防治新型冠状病毒感染的肺炎向社会发出倡议！#钟南山强调目前不要出行#  L福建广播电视新闻中心的微博视频 ​​​
一平马,2020年01月28日,2,0,0,//weibo.com/1376402030/IrCTHeS1q?refer_flag=1001030103_,向天再借500年的//@马喆Ma_zhe:中国需要钟南山
铜仁日报,2020年01月28日,0,0,0,//weibo.com/6346468473/IrCTHwuKe?refer_flag=1001030103_,【#病例还会不会大规模增加# ？#听钟南山怎么说# 】#如何严防新型冠状病毒# ​ ​​​
-君十三-,2020年01月28日,0,0,0,//weibo.com/5278392640/IrCTHxmT8?refer_flag=1001030103_,转发微博
喵晓柒Lynn,2020年01月28日,0,0,0,//weibo.com/2149240675/IrCTHusYR?refer_flag=1001030103_,转发微博
anzj风,2020年01月28日,0,0,0,//weibo.com/5949183812/IrCTHuuEI?refer_flag=1001030103_,
初九兮,2020年01月28日,0,0,0,//weibo.com/5672138171/IrCTHvwJP?refer_flag=1001030103_,转发微博
米米小番茄,2020年01月28日,0,0,0,//weibo.com/2360780630/IrCTHvvZe?refer_flag=1001030103_,
室内消毒,2020年01月28日,0,0,0,//weibo.com/6572288609/IrCTHwtVe?refer_flag=1001030103_,转发微博
汤圆好妈咪,2020年01月28日,0,0,0,//weibo.com/2363485844/IrCTHgN0w?refer_flag=1001030103_,转发微博
海峡卫视,2020年01月28日,0,0,0,//weibo.com/1911630795/IrCTHgLme?refer_flag=1001030103_,【#姚明等体育界明星为防治新型冠状病毒感染的肺炎向社会发出倡议#】姚明、孙悦、李铁、斯蒂芬·马布里等体育界明星，为防治新型冠状病毒感染的肺炎向社会发出倡议！#钟南山强调目前不要出行#  L福建广播电视新闻中心的微博视频 ​​​
一平马,2020年01月28日,2,0,0,//weibo.com/1376402030/IrCTHeS1q?refer_flag=1001030103_,向天再借500年的//@马喆Ma_zhe:中国需要钟南山
铜仁日报,2020年01月28日,0,0,0,//weibo.com/6346468473/IrCTHwuKe?refer_flag=1001030103_,【#病例还会不会大规模增加# ？#听钟南山怎么说# 】#如何严防新型冠状病毒# ​ ​​​
-君十三-,2020年01月28日,0,0,0,//weibo.com/5278392640/IrCTHxmT8?refer_flag=1001030103_,转发微博
喵晓柒Lynn,2020年01月28日,0,0,0,//weibo.com/2149240675/IrCTHusYR?refer_flag=1001030103_,转发微博
anzj风,2020年01月28日,0,0,0,//weibo.com/5949183812/IrCTHuuEI?refer_flag=1001030103_,
初九兮,2020年01月28日,0,0,0,//weibo.com/5672138171/IrCTHvwJP?refer_flag=1001030103_,转发微博
米米小番茄,2020年01月28日,0,0,0,//weibo.com/2360780630/IrCTHvvZe?refer_flag=1001030103_,
室内消毒,2020年01月28日,0,0,0,//weibo.com/6572288609/IrCTHwtVe?refer_flag=1001030103_,转发微博
汤圆好妈咪,2020年01月28日,0,0,0,//weibo.com/2363485844/IrCTHgN0w?refer_flag=1001030103_,转发微博
海峡卫视,2020年01月28日,0,0,0,//weibo.com/1911630795/IrCTHgLme?refer_flag=1001030103_,【#姚明等体育界明星为防治新型冠状病毒感染的肺炎向社会发出倡议#】姚明、孙悦、李铁、斯蒂芬·马布里等体育界明星，为防治新型冠状病毒感染的肺炎向社会发出倡议！#钟南山强调目前不要出行#  L福建广播电视新闻中心的微博视频 ​​​
一平马,2020年01月28日,2,0,0,//weibo.com/1376402030/IrCTHeS1q?refer_flag=1001030103_,向天再借500年的//@马喆Ma_zhe:中国需要钟南山
铜仁日报,2020年01月28日,0,0,0,//weibo.com/6346468473/IrCTHwuKe?refer_flag=1001030103_,【#病例还会不会大规模增加# ？#听钟南山怎么说# 】#如何严防新型冠状病毒# ​ ​​​
-君十三-,2020年01月28日,0,0,0,//weibo.com/5278392640/IrCTHxmT8?refer_flag=1001030103_,转发微博
喵晓柒Lynn,2020年01月28日,0,0,0,//weibo.com/2149240675/IrCTHusYR?refer_flag=1001030103_,转发微博
anzj风,2020年01月28日,0,0,0,//weibo.com/5949183812/IrCTHuuEI?refer_flag=1001030103_,
初九兮,2020年01月28日,0,0,0,//weibo.com/5672138171/IrCTHvwJP?refer_flag=1001030103_,转发微博
米米小番茄,2020年01月28日,0,0,0,//weibo.com/2360780630/IrCTHvvZe?refer_flag=1001030103_,
室内消毒,2020年01月28日,0,0,0,//weibo.com/6572288609/IrCTHwtVe?refer_flag=1001030103_,转发微博
汤圆好妈咪,2020年01月28日,0,0,0,//weibo.com/2363485844/IrCTHgN0w?refer_flag=1001030103_,转发微博
海峡卫视,2020年01月28日,0,0,0,//weibo.com/1911630795/IrCTHgLme?refer_flag=1001030103_,【#姚明等体育界明星为防治新型冠状病毒感染的肺炎向社会发出倡议#】姚明、孙悦、李铁、斯蒂芬·马布里等体育界明星，为防治新型冠状病毒感染的肺炎向社会发出倡议！#钟南山强调目前不要出行#  L福建广播电视新闻中心的微博视频 ​​​
一平马,2020年01月28日,2,0,0,//weibo.com/1376402030/IrCTHeS1q?refer_flag=1001030103_,向天再借500年的//@马喆Ma_zhe:中国需要钟南山
铜仁日报,2020年01月28日,0,0,0,//weibo.com/6346468473/IrCTHwuKe?refer_flag=1001030103_,【#病例还会不会大规模增加# ？#听钟南山怎么说# 】#如何严防新型冠状病毒# ​ ​​​
-君十三-,2020年01月28日,0,0,0,//weibo.com/5278392640/IrCTHxmT8?refer_flag=1001030103_,转发微博
喵晓柒Lynn,2020年01月28日,0,0,0,//weibo.com/2149240675/IrCTHusYR?refer_flag=1001030103_,转发微博
anzj风,2020年01月28日,0,0,0,//weibo.com/5949183812/IrCTHuuEI?refer_flag=1001030103_,
初九兮,2020年01月28日,0,0,0,//weibo.com/5672138171/IrCTHvwJP?refer_flag=1001030103_,转发微博
米米小番茄,2020年01月28日,0,0,0,//weibo.com/2360780630/IrCTHvvZe?refer_flag=1001030103_,
室内消毒,2020年01月28日,0,0,0,//weibo.com/6572288609/IrCTHwtVe?refer_flag=1001030103_,转发微博
汤圆好妈咪,2020年01月28日,0,0,0,//weibo.com/2363485844/IrCTHgN0w?refer_flag=1001030103_,转发微博
海峡卫视,2020年01月28日,0,0,0,//weibo.com/1911630795/IrCTHgLme?refer_flag=1001030103_,【#姚明等体育界明星为防治新型冠状病毒感染的肺炎向社会发出倡议#】姚明、孙悦、李铁、斯蒂芬·马布里等体育界明星，为防治新型冠状病毒感染的肺炎向社会发出倡议！#钟南山强调目前不要出行#  L福建广播电视新闻中心的微博视频 ​​​
一平马,2020年01月28日,2,0,0,//weibo.com/1376402030/IrCTHeS1q?refer_flag=1001030103_,向天再借500年的//@马喆Ma_zhe:中国需要钟南山
铜仁日报,2020年01月28日,0,0,0,//weibo.com/6346468473/IrCTHwuKe?refer_flag=1001030103_,【#病例还会不会大规模增加# ？#听钟南山怎么说# 】#如何严防新型冠状病毒# ​ ​​​
-君十三-,2020年01月28日,0,0,0,//weibo.com/5278392640/IrCTHxmT8?refer_flag=1001030103_,转发微博
喵晓柒Lynn,2020年01月28日,0,0,0,//weibo.com/2149240675/IrCTHusYR?refer_flag=1001030103_,转发微博
anzj风,2020年01月28日,0,0,0,//weibo.com/5949183812/IrCTHuuEI?refer_flag=1001030103_,
初九兮,2020年01月28日,0,0,0,//weibo.com/5672138171/IrCTHvwJP?refer_flag=1001030103_,转发微博
米米小番茄,2020年01月28日,0,0,0,//weibo.com/2360780630/IrCTHvvZe?refer_flag=1001030103_,
室内消毒,2020年01月28日,0,0,0,//weibo.com/6572288609/IrCTHwtVe?refer_flag=1001030103_,转发微博
汤圆好妈咪,2020年01月28日,0,0,0,//weibo.com/2363485844/IrCTHgN0w?refer_flag=1001030103_,转发微博
海峡卫视,2020年01月28日,0,0,0,//weibo.com/1911630795/IrCTHgLme?refer_flag=1001030103_,【#姚明等体育界明星为防治新型冠状病毒感染的肺炎向社会发出倡议#】姚明、孙悦、李铁、斯蒂芬·马布里等体育界明星，为防治新型冠状病毒感染的肺炎向社会发出倡议！#钟南山强调目前不要出行#  L福建广播电视新闻中心的微博视频 ​​​
一平马,2020年01月28日,2,0,0,//weibo.com/1376402030/IrCTHeS1q?refer_flag=1001030103_,向天再借500年的//@马喆Ma_zhe:中国需要钟南山
铜仁日报,2020年01月28日,0,0,0,//weibo.com/6346468473/IrCTHwuKe?refer_flag=1001030103_,【#病例还会不会大规模增加# ？#听钟南山怎么说# 】#如何严防新型冠状病毒# ​ ​​​
-君十三-,2020年01月28日,0,0,0,//weibo.com/5278392640/IrCTHxmT8?refer_flag=1001030103_,转发微博
喵晓柒Lynn,2020年01月28日,0,0,0,//weibo.com/2149240675/IrCTHusYR?refer_flag=1001030103_,转发微博
anzj风,2020年01月28日,0,0,0,//weibo.com/5949183812/IrCTHuuEI?refer_flag=1001030103_,
初九兮,2020年01月28日,0,0,0,//weibo.com/5672138171/IrCTHvwJP?refer_flag=1001030103_,转发微博
米米小番茄,2020年01月28日,0,0,0,//weibo.com/2360780630/IrCTHvvZe?refer_flag=1001030103_,
室内消毒,2020年01月28日,0,0,0,//weibo.com/6572288609/IrCTHwtVe?refer_flag=1001030103_,转发微博
汤圆好妈咪,2020年01月28日,0,0,0,//weibo.com/2363485844/IrCTHgN0w?refer_flag=1001030103_,转发微博
海峡卫视,2020年01月28日,0,0,0,//weibo.com/1911630795/IrCTHgLme?refer_flag=1001030103_,【#姚明等体育界明星为防治新型冠状病毒感染的肺炎向社会发出倡议#】姚明、孙悦、李铁、斯蒂芬·马布里等体育界明星，为防治新型冠状病毒感染的肺炎向社会发出倡议！#钟南山强调目前不要出行#  L福建广播电视新闻中心的微博视频 ​​​
一平马,2020年01月28日,2,0,0,//weibo.com/1376402030/IrCTHeS1q?refer_flag=1001030103_,向天再借500年的//@马喆Ma_zhe:中国需要钟南山
铜仁日报,2020年01月28日,0,0,0,//weibo.com/6346468473/IrCTHwuKe?refer_flag=1001030103_,【#病例还会不会大规模增加# ？#听钟南山怎么说# 】#如何严防新型冠状病毒# ​ ​​​
-君十三-,2020年01月28日,0,0,0,//weibo.com/5278392640/IrCTHxmT8?refer_flag=1001030103_,转发微博
喵晓柒Lynn,2020年01月28日,0,0,0,//weibo.com/2149240675/IrCTHusYR?refer_flag=1001030103_,转发微博
anzj风,2020年01月28日,0,0,0,//weibo.com/5949183812/IrCTHuuEI?refer_flag=1001030103_,
初九兮,2020年01月28日,0,0,0,//weibo.com/5672138171/IrCTHvwJP?refer_flag=1001030103_,转发微博
米米小番茄,2020年01月28日,0,0,0,//weibo.com/2360780630/IrCTHvvZe?refer_flag=1001030103_,
室内消毒,2020年01月28日,0,0,0,//weibo.com/6572288609/IrCTHwtVe?refer_flag=1001030103_,转发微博
汤圆好妈咪,2020年01月28日,0,0,0,//weibo.com/2363485844/IrCTHgN0w?refer_flag=1001030103_,转发微博
海峡卫视,2020年01月28日,0,0,0,//weibo.com/1911630795/IrCTHgLme?refer_flag=1001030103_,【#姚明等体育界明星为防治新型冠状病毒感染的肺炎向社会发出倡议#】姚明、孙悦、李铁、斯蒂芬·马布里等体育界明星，为防治新型冠状病毒感染的肺炎向社会发出倡议！#钟南山强调目前不要出行#  L福建广播电视新闻中心的微博视频 ​​​
一平马,2020年01月28日,2,0,0,//weibo.com/1376402030/IrCTHeS1q?refer_flag=1001030103_,向天再借500年的//@马喆Ma_zhe:中国需要钟南山
