老骥伏荔,2020年01月20日,0,0,0,//weibo.com/7318388379/IqptHxqYH?refer_flag=1001030103_,🙏🙏🙏希望大家能平安//@小许的朋友:在疾病面前 希望大家能谨慎对待 照顾好自己  还有尊重医生他们是第一前线的人 不应该被伤害
用户5821614825,2020年01月20日,0,0,0,//weibo.com/5821614825/IqptHxrcx?refer_flag=1001030103_,转发微博
红叶酱啊啊啊,2020年01月20日,0,0,0,//weibo.com/3835436654/IqptHyCh6?refer_flag=1001030103_,转发微博
Dimdle0715,2020年01月20日,0,0,0,//weibo.com/7277782195/IqptHyDMh?refer_flag=1001030103_,转发微博
一扇好门,2020年01月20日,0,0,0,//weibo.com/3187051914/IqptHyEM4?refer_flag=1001030103_,转发微博
sanda爱丽丝,2020年01月20日,0,0,0,//weibo.com/6039032766/IqptHyEZR?refer_flag=1001030103_,转发微博
Victoria钰,2020年01月20日,0,0,0,//weibo.com/2242591250/IqptHyFKC?refer_flag=1001030103_,转发微博
綠嶋瓏,2020年01月20日,2,0,0,//weibo.com/7035409731/IqptHgYEk?refer_flag=1001030103_,//@清欢重生于海伯利安://@翘屁嫩喵呜:可以肯定有人传人
云不知_mio,2020年01月20日,0,0,0,//weibo.com/6301724288/IqptGCTkf?refer_flag=1001030103_,转发微博
左边是个妹子,2020年01月20日,0,0,0,//weibo.com/2865197170/IqptGCTrD?refer_flag=1001030103_,口罩搞起来
justdoitfighting哟罗本,2020年01月20日,0,0,0,//weibo.com/5874174684/IqptGCTHI?refer_flag=1001030103_,转发微博
-初雪荔枝瑞纳冰,2020年01月20日,0,0,0,//weibo.com/2201402884/IqptGCUCn?refer_flag=1001030103_,//@Cjeo零叁://@香菜宣传相册:哎西//@Kpop现场版:转发微博
_风起_云散_,2020年01月20日,0,0,0,//weibo.com/5870085297/IqptGE5H9?refer_flag=1001030103_,大家都要保护好自己呀！
Ngraaa,2020年01月20日,0,0,0,//weibo.com/1108824127/IqptGE65E?refer_flag=1001030103_,转发微博
王者归来200712,2020年01月20日,0,0,0,//weibo.com/5626348827/IqptGEgiz?refer_flag=1001030103_,转发微博
花椒不糊,2020年01月20日,0,0,0,//weibo.com/3231981284/IqptGnHFe?refer_flag=1001030103_,转发微博
周末去哪儿撒欢呀,2020年01月20日,0,0,0,//weibo.com/2596163047/IqptGnIgr?refer_flag=1001030103_,转发微博
orangeexx,2020年01月20日,0,0,0,//weibo.com/2814244634/IqptGoEu7?refer_flag=1001030103_,转发微博
我说好想吃榴莲啊,2020年01月20日,0,0,0,//weibo.com/6337378769/IqptGoGv0?refer_flag=1001030103_,转发微博
segrgir,2020年01月20日,0,0,0,//weibo.com/3051660773/IqptGmE1d?refer_flag=1001030103_,转发微博
琪琪国王-Jocelyn,2020年01月20日,0,0,0,//weibo.com/5507685274/IqptG6ZAn?refer_flag=1001030103_,#境内确诊217例新型冠状病毒肺炎病例#我真是够够的贪生怕死一人了刚出现这个病例上热搜的时候根本就没放心上逐渐的越来越多的占据热搜的篇幅刚刚才看完连线钟南山的讲话片段说不出来什么感受 不是说2020年会好的吗第一个月都没过完呀好像连台州都有了 ​
NeiNei-YAN,2020年01月20日,0,0,0,//weibo.com/1880243952/IqptG61u2?refer_flag=1001030103_,转发微博
I-Tho-Nix,2020年01月20日,0,0,0,//weibo.com/2783158655/IqptG646H?refer_flag=1001030103_,//@魔群:转发微博
米饭烊,2020年01月20日,0,0,0,//weibo.com/6335404115/IqptFt3uU?refer_flag=1001030103_,🙏🙏//@胖虎侠:🙏
未央中尉说电影,2020年01月20日,0,0,0,//weibo.com/7188619123/IqptFukPH?refer_flag=1001030103_,//@香港商報網:【钟南山：#新型冠状病毒来源可能是野味#】钟南山表示，病毒源头目前不清楚，但可能是竹鼠、獾这种野生动物。他提醒，有发热及时就医；买不到N95，普通口罩也可以起到阻止飞沫传播的作用。
虫子早回家,2020年01月20日,0,0,0,//weibo.com/1768604334/IqptFumNB?refer_flag=1001030103_,转发微博
原来_是-试炼阿,2020年01月20日,0,0,0,//weibo.com/1659816285/IqptFvhZc?refer_flag=1001030103_,转发微博
暖暖-光,2020年01月20日,0,0,0,//weibo.com/3213112374/IqptFviDZ?refer_flag=1001030103_,转发微博
pearli舟,2020年01月20日,0,0,0,//weibo.com/6625952088/IqptFcEd7?refer_flag=1001030103_,预防要马上重视起来！//@吴牧野WMY:关于新型冠状病毒，@世界卫生组织 建议，当下最重要的是保护好自己和他人。
赵鹏鹏Boom,2020年01月20日,0,1,0,//weibo.com/6314431447/IqptFacux?refer_flag=1001030103_,#境内确诊217例新型冠状病毒肺炎病例# —F:武汉人全死光光就好惹—应该是在武汉的人吧？—F:外地人是无辜的，都是武汉人的错，你懂个屁 ​
多乐之年,2020年01月20日,0,0,0,//weibo.com/5945424093/IqptFblQj?refer_flag=1001030103_,转发微博
偷懒的窦房结,2020年01月20日,0,0,0,//weibo.com/5282021453/IqptFbnom?refer_flag=1001030103_,转发微博
一吐为快怎么了,2020年01月20日,0,0,0,//weibo.com/5598941571/IqptEyvJb?refer_flag=1001030103_,转发微博
兄弟成长于天蓝年代,2020年01月20日,0,0,0,//weibo.com/2755894267/IqptEywGc?refer_flag=1001030103_,//@花总 :
霸霸不想说话,2020年01月20日,0,0,0,//weibo.com/5622359481/IqptEzE52?refer_flag=1001030103_,· 注意！ 出门戴口罩，勤洗手 · 咳嗽或打喷嚏时捂住口鼻 · 将肉蛋彻底做熟 · 避免与呼吸道感染患者密切接触 · 避免近距离接触野生动物或活牲畜 · 不要随地吐痰 ·不要去人多的地方凑热闹
对呀对呀我就是神经病大人,2020年01月20日,0,0,0,//weibo.com/3820891057/IqptEAWIc?refer_flag=1001030103_,转发微博
用户6067427176,2020年01月20日,0,0,0,//weibo.com/6067427176/IqptEAXTq?refer_flag=1001030103_,转发微博
红烧牛肉没有牛,2020年01月20日,0,0,0,//weibo.com/6597227597/IqptEBR9g?refer_flag=1001030103_,🙏🙏🙏🙏🙏🙏🙏🙏平安度过
IHAVE_NOT,2020年01月20日,0,0,0,//weibo.com/5460550753/IqptEBRIA?refer_flag=1001030103_,转发微博
Geek老友,2020年01月20日,0,0,0,//weibo.com/3803658111/IqptEBRO2?refer_flag=1001030103_,转发微博
骑驴小棋童,2020年01月20日,0,0,0,//weibo.com/5394068396/IqptEjh3k?refer_flag=1001030103_,转发微博
岚岚岚RM,2020年01月20日,0,0,0,//weibo.com/5224674842/IqptE0jvH?refer_flag=1001030103_,转发微博
崩坏喵酱梓,2020年01月20日,0,0,0,//weibo.com/5714595863/IqptDF7du?refer_flag=1001030103_,转发微博
fairy嵩,2020年01月20日,0,0,0,//weibo.com/3044613523/IqptDF85b?refer_flag=1001030103_,转发微博
林J行的初心,2020年01月20日,0,0,0,//weibo.com/3882666027/IqptDF8Db?refer_flag=1001030103_,、
aiaoaisij,2020年01月20日,0,0,0,//weibo.com/5404875207/IqptE0jFo?refer_flag=1001030103_,国士无双，受命于危难之际
碳酸柠檬茶加冰,2020年01月20日,0,0,0,//weibo.com/5515629240/IqptE0kLf?refer_flag=1001030103_,//@兔耳草醛-A://@今出川和麦://@高压电线咸鱼://@小狗宅急送:转发微博
晟315,2020年01月20日,0,0,0,//weibo.com/1851047577/IqptE1BOd?refer_flag=1001030103_,转发微博
李玉_ily9pk,2020年01月20日,0,0,0,//weibo.com/1776424773/IqptDpVJW?refer_flag=1001030103_,//@谷大白话:转发微博
马语者的梦想成真,2020年01月20日,0,0,0,//weibo.com/2114314180/IqptDqOLa?refer_flag=1001030103_,转发微博
猛熊嗅蔷薇,2020年01月20日,0,0,0,//weibo.com/2251971055/IqptD5O30?refer_flag=1001030103_,因果循环报应不爽！好好吃点家养的牲畜就行了，非他妈吃野味！过年大家都平平安安🙏
做并肩乔木,2020年01月20日,0,0,0,//weibo.com/5362850711/IqptD5QIT?refer_flag=1001030103_,转发微博
无龄美妞,2020年01月20日,0,0,0,//weibo.com/3672268515/IqptD6Vs9?refer_flag=1001030103_,转发微博
lynn有个金元宝,2020年01月20日,0,0,0,//weibo.com/1722186650/IqptD6Y6H?refer_flag=1001030103_,扩散！
super魔法变变变,2020年01月20日,0,0,0,//weibo.com/2916446601/IqptD8htr?refer_flag=1001030103_,转发微博
愈来愈宅俞远,2020年01月20日,0,0,0,//weibo.com/6789101744/IqptD999V?refer_flag=1001030103_,#境内确诊217例新型冠状病毒肺炎病例#  这个要多看看多曝光。不要自己瞎编乱造。
myrop123,2020年01月20日,0,0,0,//weibo.com/1671754755/IqptCxoFd?refer_flag=1001030103_,转发微博
甜酸水果,2020年01月20日,0,0,0,//weibo.com/6242175249/IqptCfIEf?refer_flag=1001030103_,//@石扉客2018:钟南山院士神情凝重，用词审慎，但对人传人这点做了毋庸置疑的确认。对任何一个正常国家来说，有良知和有造诣的专业人士都是不可多得的公众利益保护神与社会情绪稳定器。
小刘的甜筒分你一半,2020年01月20日,0,0,0,//weibo.com/1962220164/IqptCdzvu?refer_flag=1001030103_,· 出门戴口罩，勤洗手 · 咳嗽或打喷嚏时捂住口鼻 · 将肉蛋彻底做熟 · 避免与呼吸道患者密切接触 · 避免近距离接触野生动物或活牲畜 · 不要随地吐痰 · 不要去人多的地方凑热闹
Elite超,2020年01月20日,0,0,0,//weibo.com/3281898667/IqptCctRd?refer_flag=1001030103_,//@新浪视频:扩散！#一图看懂新型冠状病毒肺炎#
余生皆假期0525,2020年01月20日,0,0,0,//weibo.com/3122895130/IqptCctbn?refer_flag=1001030103_,转发微博
我的锁骨不见了,2020年01月20日,0,0,0,//weibo.com/1309658691/IqptBAJNZ?refer_flag=1001030103_,我还能说什么
洛嘉祥,2020年01月20日,0,0,0,//weibo.com/6029104200/IqptBALsn?refer_flag=1001030103_,//@trashypaper://@不塞了://@爱吃拉面的泡沫律师: 转发微博
麦琪的礼物-,2020年01月20日,0,0,0,//weibo.com/1925455575/IqptBkbsn?refer_flag=1001030103_,转发微博
wonanananana,2020年01月20日,0,0,0,//weibo.com/5503659472/IqptBkc4l?refer_flag=1001030103_,转发微博
回见了您內丶,2020年01月20日,0,0,0,//weibo.com/2614526394/IqptBkc7t?refer_flag=1001030103_,转发微博
大麒麒王子2011,2020年01月20日,0,0,0,//weibo.com/2237268767/IqptBkfeG?refer_flag=1001030103_,转发微博
青莲之至0116,2020年01月20日,0,0,0,//weibo.com/6409742637/IqptBluBx?refer_flag=1001030103_,转发微博
茜茜茜鹿,2020年01月20日,0,0,0,//weibo.com/5634338712/IqptBlwU7?refer_flag=1001030103_,转发微博
FourNl,2020年01月20日,0,0,0,//weibo.com/5315053566/IqptBmlTD?refer_flag=1001030103_,//@Tiger公子://@回忆专用小马甲:大家注意安全🙏🏻
smallsyip,2020年01月20日,0,0,0,//weibo.com/6399070268/IqptBmn8i?refer_flag=1001030103_,转发微博
人间值一笑,2020年01月20日,0,0,0,//weibo.com/6051913181/IqptB5M7t?refer_flag=1001030103_,转发微博
用户5621050354,2020年01月20日,0,0,0,//weibo.com/5621050354/IqptAqN3j?refer_flag=1001030103_,钟南山专家直播，画知识点： 1 现在疫情在爬坡阶段，初始阶段。 2 确认人传人 3 现在的致死率不足以说明问题，因为只是在初始阶段。但是有了SARS经验，医护工作效率提高。 4 医护有传染。 5自身去过武汉或是家人去过武汉，且有发热现象，请立即就医。
我真的想叫LayLay啊,2020年01月20日,0,0,0,//weibo.com/6031164978/IqptAqOmE?refer_flag=1001030103_,转发微博
锦却可不能秃,2020年01月20日,0,3,0,//weibo.com/5662635121/IqptAqODn?refer_flag=1001030103_,转发微博
馨媛_已成废柴,2020年01月20日,0,0,0,//weibo.com/1427248343/IqptAqQkC?refer_flag=1001030103_,//@小姬too://@毛十八:其实挺不希望看见这样的：十七年过去了，还是当年的老人敢拍板说这么一句话。
少女的思绪,2020年01月20日,1,0,0,//weibo.com/5740206011/IqptArUXy?refer_flag=1001030103_,//@小许的朋友:在疾病面前 希望大家能谨慎对待 照顾好自己  还有尊重医生他们是第一前线的人 不应该被伤害
biybuyby,2020年01月20日,0,0,0,//weibo.com/1902402857/IqptArWeM?refer_flag=1001030103_,转发微博
南韩精神病内科治疗副主任,2020年01月20日,0,0,0,//weibo.com/2144410504/IqptArWGB?refer_flag=1001030103_,王八羔子吃啥不好自己死还要害别人
取个名字一点也不简单,2020年01月20日,0,0,0,//weibo.com/3169739983/IqptArXO7?refer_flag=1001030103_,转发
雪原201907,2020年01月20日,0,0,0,//weibo.com/7216354681/IqptAs5ro?refer_flag=1001030103_,转发微博
嫺言_嫺语,2020年01月20日,0,0,0,//weibo.com/3908613069/IqptA9afT?refer_flag=1001030103_,//@然后下面就没了://@M大王叫我来巡山:又值佳节，千万注意预防啊。//@俄罗斯事儿君:注意安全🙏//@橘味小哼yo:我可求求首页各位了 重视起来重视起来重视起来！//@追风少年刘全有://@回忆专用小马甲:大家注意安全🙏🏻
甜又野又甜,2020年01月20日,0,0,0,//weibo.com/6436892705/IqptA9bIP?refer_flag=1001030103_,转发微博
清风VS炊烟,2020年01月20日,0,0,0,//weibo.com/5583319090/IqptAafrD?refer_flag=1001030103_,转发微博
Porlosvoski,2020年01月20日,0,0,0,//weibo.com/2208299294/IqptAafU6?refer_flag=1001030103_,不过，春节大人流走动难免会担心防控是否到位，能不走就不走吧，以防万一
甜梨芝士_,2020年01月20日,0,0,0,//weibo.com/6144657909/IqptAagKE?refer_flag=1001030103_,少出门，戴口罩！
无能的大熊2020,2020年01月20日,0,0,0,//weibo.com/5612209770/IqptAatf2?refer_flag=1001030103_,转发微博
Yimomy,2020年01月20日,0,0,0,//weibo.com/1867848633/IqptAclSO?refer_flag=1001030103_,转发微博
徐凤文,2020年01月20日,6,1,0,//weibo.com/1568450860/IqptzyKXQ?refer_flag=1001030103_,#钟南山肯定新型冠状病毒肺炎人传人# 钟南山：根据目前的资料，新型冠状病毒肺炎是肯定的人传人，在广东有2个病例，没去过武汉，但家人去了武汉后染上了新型冠状病毒肺炎，现在可以说，肯定的，有人传人现象。 ​
无聊额已,2020年01月20日,0,0,0,//weibo.com/5585850555/IqptzADKw?refer_flag=1001030103_,又是野生动物……
太阳山山,2020年01月20日,0,0,0,//weibo.com/6081778665/IqptzzOPi?refer_flag=1001030103_,转发微博
霰年高考雾年模拟,2020年01月20日,0,0,0,//weibo.com/7327382402/IqptzzP9o?refer_flag=1001030103_,转发
youngKe-,2020年01月20日,0,0,0,//weibo.com/3596610331/IqptzADDG?refer_flag=1001030103_,#钟南山肯定新型冠状病毒肺炎人传人#是鸡鸭猪羊满足不了你了吗 就非得吃野味呗 就记吃不记打呗 ​
陈狒狒的达令,2020年01月20日,0,0,0,//weibo.com/3255460170/Iqptzi9DA?refer_flag=1001030103_,平安！//@东邻治愈家 :一定重视起来！拜托了！//@M大王叫我来巡山 :又值佳节，千万注意预防啊。//@俄罗斯事儿君 :注意安全🙏//@橘味小哼yo :我可求求首页各位了 重视起来重视起来重视起来！//@追风少年刘全有 ://@回忆专用小马甲 :大家注意安全🙏🏻
KishibeRLambsx,2020年01月20日,0,0,0,//weibo.com/6738510210/IqptzfMRd?refer_flag=1001030103_,//@小黑子LLLLLOVE:钟南山!!
阿八的小号,2020年01月20日,0,0,0,//weibo.com/2807921194/IqptzfNbt?refer_flag=1001030103_,@pbxpbx //钟院士访问要点： 1、确认可以人传人，基于武汉和广东案例。 2、有医务人员被传染。 3、源头目前不清楚，但可能是竹鼠、獾这种野生动物（尽量别去碰野味）。 4、如无必要，近期不要去武汉。 5、有发热及时就医。 6、买不到N95，普通口罩也可以起到阻止飞沫传播的作用（该戴口罩戴口罩）。
Sarnen,2020年01月20日,0,0,0,//weibo.com/3254491204/IqptzfOBe?refer_flag=1001030103_,转发微博
北京人早知道,2020年01月20日,6,5,0,//weibo.com/6242114360/IqptzgTrx?refer_flag=1001030103_,#钟南山肯定新型冠状病毒肺炎人传人#关注新型冠状病毒肺炎！钟南山院士任国家卫健委高级别专家组组长。致敬奋斗在一线的医护人员 L北京每日热点的微博视频 ​
是块碎玻璃呀,2020年01月20日,0,0,0,//weibo.com/6330030794/Iqptzi9gQ?refer_flag=1001030103_,转发微博
脱发大仙72039,2020年01月20日,0,0,0,//weibo.com/7372051616/IqptyE36t?refer_flag=1001030103_,这是我第一篇微博。希望能有人看到。请求大家不要再吃野味了，为了人们的安全，健康，拜托了🙏@武汉新型冠状病毒 2临沂·北城新区 ​
小黑狗子,2020年01月20日,0,0,0,//weibo.com/7185479450/IqptyE4uq?refer_flag=1001030103_,感冒中的我有点慌
不知名-某某,2020年01月20日,0,0,0,//weibo.com/5000087651/IqptyE6m5?refer_flag=1001030103_,//@陈生大王://@严锋://@芳草碧连天VVV:钟南山访问要点记录： 1、确认可以人传人，基于武汉和广东案例。 2、有医务人员被传染。 3、源头目前不清楚，但可能是竹鼠、獾这种野生动物（尽量别去碰野味）。 4、如无必要，近期不要去武汉。 5、有发热及时就医。 6、买不到N95，普通口罩也可以起到阻止飞沫传
小爱麻麻2017,2020年01月20日,0,0,0,//weibo.com/6359686455/IqptyFbb5?refer_flag=1001030103_,转发微博
不知道叫什么名字好的有志气青年,2020年01月20日,0,0,0,//weibo.com/5683495055/IqptyFcqp?refer_flag=1001030103_,转发微博
用户凉风吹,2020年01月20日,0,0,0,//weibo.com/6852641904/Iqptz0sB9?refer_flag=1001030103_,#腾讯新闻# 白岩松访钟南山：新型冠状病毒肺炎疫情如何防控O打开腾讯新闻，看1143热评 L白岩松访钟南山：新型冠状病毒肺炎疫情如何防控 来自@腾讯新闻 ​
MACZX,2020年01月20日,3,18,0,//weibo.com/1039531365/Iqptz0tSw?refer_flag=1001030103_,搞专业的永远比搞政治的靠谱。之前还整个有限人传人，有限的条件是啥？啥特定条件为标准算有限、无限？～要不说玩政治的没一个好东西
陈小小呀,2020年01月20日,0,0,0,//weibo.com/2175039790/Iqptz0uUF?refer_flag=1001030103_,转发微博
2020健康好运,2020年01月20日,0,0,0,//weibo.com/6017302201/Iqptyny6s?refer_flag=1001030103_,转发微博
废佐,2020年01月20日,0,0,0,//weibo.com/2918285965/IqptyoKGF?refer_flag=1001030103_,大家都要好好的，度过难关//@辣条娘:确认人传人。大家注意防护//@四镰://@秋田六千://@纯良英俊的笑了笑:⚠️//@这是一个很高冷的ID:一定要注意啊//@月亮与八芝士:注意戴口罩真的//@205号居民:大家请一定要做好个人防护 //@不吃菜XBS:一定要注意😷
新潮电子徐林,2020年01月20日,8,3,0,//weibo.com/1404521940/IqptypzUy?refer_flag=1001030103_,//@Vetrax嚣张卫视:各位注意防范。
wanggeng-,2020年01月20日,0,0,0,//weibo.com/6069096841/IqptypBzp?refer_flag=1001030103_,确定了
奥斯特姆斯特朗西瓜电磁炮,2020年01月20日,0,0,0,//weibo.com/1989247691/IqptypCgw?refer_flag=1001030103_,走学大师的话必须听//@性感玉米 :这么来看，舆论放开了，大家讨论的时候一定要在划的线里面讨论，不要讨论出去。每次放开的时候，都要抓几个特别跳的，用于警告大家不要出圈。//@破破的桥 :完全不像83岁
花臂少年咪大咪,2020年01月20日,0,0,0,//weibo.com/6641527085/IqptypCV0?refer_flag=1001030103_,钟南山：根据目前的资料，新型冠状病毒肺炎肯定有人传人现象。此次新型冠状病毒来源很大可能是野生动物，比如竹鼠、獾等。新型冠状病毒传染性比SARS弱。（央视新闻） ​
日月同辉Sky,2020年01月20日,0,0,0,//weibo.com/1367988554/Iqpty5Qqw?refer_flag=1001030103_,转发微博
白羊先生,2020年01月20日,2,0,0,//weibo.com/1301358201/Iqpty4M3k?refer_flag=1001030103_,//@陆浑戎 :转发微博
一搓小呆毛,2020年01月20日,0,0,0,//weibo.com/1763417502/Iqpty76GA?refer_flag=1001030103_,转发微博
我才是路西西,2020年01月20日,0,0,0,//weibo.com/1763826755/Iqpty77Xr?refer_flag=1001030103_,🙏🙏
脑子进汽水,2020年01月20日,0,0,0,//weibo.com/1868122155/Iqpty7ThR?refer_flag=1001030103_,//@E伯爵://@谷大白话 :转发微博
梁梁梁Re,2020年01月20日,0,0,0,//weibo.com/5696206322/Iqpty5SjL?refer_flag=1001030103_,明天出门必须要戴口罩了😷
煎饼包着基,2020年01月20日,0,0,0,//weibo.com/5816384478/Iqptxt3Sw?refer_flag=1001030103_,转发微博
叶子姐姐aa,2020年01月20日,0,0,0,//weibo.com/2797394470/Iqptxt4Pg?refer_flag=1001030103_,转发微博
逆风生长咩咩咩咩咩咩,2020年01月20日,0,0,0,//weibo.com/5911954047/Iqptxu8Rs?refer_flag=1001030103_,转发微博
尼古拉斯小蓝,2020年01月20日,0,0,0,//weibo.com/1042046755/IqptxdJfM?refer_flag=1001030103_,//@滨a崎y步u:扩散起来
简单重温几下,2020年01月20日,0,0,0,//weibo.com/1936769124/Iqptxez85?refer_flag=1001030103_,转发微博
小喵芯里软,2020年01月20日,0,0,0,//weibo.com/2769479543/Iqptxezjc?refer_flag=1001030103_,回复@小圆的Supreme女孩:辛苦//@小圆的Supreme女孩:83岁高龄钟院士真的厉害👍🏻
不年轻的兔先生,2020年01月20日,0,0,0,//weibo.com/1714365512/IqptwzELL?refer_flag=1001030103_,医生忙着杀病毒，病毒忙着杀病人，病人忙着杀医生#境内确诊217例新型冠状病毒肺炎病例##北京卫健委回应暴力伤医事件# 2郑州·物华国际 ​
但我知道你想飞,2020年01月20日,0,0,0,//weibo.com/5651855278/IqptwzFBq?refer_flag=1001030103_,转发微博
TX8_洋叔,2020年01月20日,0,0,0,//weibo.com/2018027493/IqptwzGkn?refer_flag=1001030103_,转发微博
Lex-Symbol,2020年01月20日,0,0,0,//weibo.com/3681905134/IqptwzGYD?refer_flag=1001030103_,转发微博
一片云200702,2020年01月20日,0,0,0,//weibo.com/5645204686/IqptwzHmF?refer_flag=1001030103_,转发微博
我是小香瓜啊,2020年01月20日,0,0,0,//weibo.com/5819709881/IqptwCQWV?refer_flag=1001030103_,转发微博
又要补充葡萄糖了,2020年01月20日,0,0,0,//weibo.com/2171713545/IqptwC0yS?refer_flag=1001030103_,愿好。//@天秀bot :各位注意安全🙏
一袋松师,2020年01月20日,0,0,0,//weibo.com/1710679524/IqptwkkEO?refer_flag=1001030103_,转发微博
槐序与鸣稠,2020年01月20日,0,0,0,//weibo.com/3177203290/IqptwhZui?refer_flag=1001030103_,转发微博
莨公主,2020年01月20日,0,0,0,//weibo.com/1782663407/Iqptwi01r?refer_flag=1001030103_,转发微博
桥豆麻袋一麻袋,2020年01月20日,0,0,0,//weibo.com/7156013131/Iqptwi0JR?refer_flag=1001030103_,转发微博
是想来碗山药糊,2020年01月20日,1,0,0,//weibo.com/7190678317/Iqptwi2ci?refer_flag=1001030103_,我爸那个男人在看完新闻后跟我说:“走，明天带你去医院检查去~”
今天六桃自拍了么,2020年01月20日,0,0,0,//weibo.com/1717014573/Iqptw2JbV?refer_flag=1001030103_,转发微博
夜翼的小翅膀,2020年01月20日,0,0,0,//weibo.com/1726594967/Iqptw3vji?refer_flag=1001030103_,SARS都不能长教训，我看这些人嘴烂了都不影响吃野味//@Stark狂野坚果烤苞米:操//@皮蛋瘦肉粥不咸:卧槽！！//@spark不夜城://@205号居民:大家请一定要做好个人防护 //@不吃菜XBS:一定要注意😷//@节操桥上炮龙烹凤的魔女总裁:大家出门记得戴口罩//@伊丽莎白骨精啊: 少出门，戴口罩。
桦不对称,2020年01月20日,0,0,0,//weibo.com/7288396373/Iqptw3rYi?refer_flag=1001030103_,//@二十四楼的六一猫://@都好说但是要先给钱:不恐慌但要重视，希望大家都别再不当回事了，不要一昧强调“没在怕的”。照顾自己与他人生命健康，新年望大家都平安健康
追梦199102,2020年01月20日,0,0,0,//weibo.com/5656551795/Iqptw3snj?refer_flag=1001030103_,转发微博
极速小猋,2020年01月20日,0,0,0,//weibo.com/6347622204/Iqptw1uCh?refer_flag=1001030103_,//@投资舆情 ://@郭士英 : 钟南山访问要点记录： 1、确认可以人传人，基于武汉和广东案例。 2、有医务人员被传染。 3、源头目前不清楚，但可能是竹鼠、獾这种野生动物（尽量别去碰野味）。 4、如无必要，近期不要去武汉。 5、有发热及时就医。 6、买不到N95，普通口罩也可以起到阻止飞沫传播的作用。
raodan517,2020年01月20日,0,0,0,//weibo.com/1251626213/IqptvqYG5?refer_flag=1001030103_,转发微博
靓闪闪的一岁一月,2020年01月20日,0,0,0,//weibo.com/2212590210/IqptvpNAh?refer_flag=1001030103_,听课
夏时宴,2020年01月20日,0,0,0,//weibo.com/2679739545/IqptvpN9s?refer_flag=1001030103_,转发
idontwannabeyouanymor,2020年01月20日,0,0,0,//weibo.com/5420268068/IqptvrKO4?refer_flag=1001030103_,转发微博
慧慧酱2011,2020年01月20日,0,0,0,//weibo.com/1959427305/IqptvrL9f?refer_flag=1001030103_,转发微博
Adele千羽最爱饱饱,2020年01月20日,0,0,0,//weibo.com/7351351103/IqptvrLvB?refer_flag=1001030103_,@William威廉陈伟霆 @陈伟霆粉丝后援会 陈饱饱和大家都要 注意啊  外出要带医用口罩😷 切记
第一眼便沉沦,2020年01月20日,0,0,0,//weibo.com/6881149245/IqptvrMaq?refer_flag=1001030103_,转发微博
Shirley_KESHA,2020年01月20日,0,0,0,//weibo.com/3226949531/IqptvqZz8?refer_flag=1001030103_,//@BRA之G杯小奶罩:各位，今年吃猪肉也算尝鲜了，别再吃这些劳什子了//@山城月色深深:人川人
酸酸甜甜的小小橘,2020年01月20日,0,0,0,//weibo.com/3968501306/Iqptv9iLd?refer_flag=1001030103_,//@口腔专家陈大伟:钟南山院士指出，现在要提高警惕，全民、领导、政府、医务人员，包括媒体，属地的领导要负起责任，我们有信心能够控制新型冠状病毒。钟南山表示，这次用两周定位了新型冠状病毒，再加上我们有很好的监控以及隔离制度，相信疫情不会像17年前SARS造成的社会影响以及经济损害。
深海选择潜伏,2020年01月20日,0,0,0,//weibo.com/2988059535/Iqptv87Ju?refer_flag=1001030103_,转发微博
Cccccc-_-,2020年01月20日,0,0,0,//weibo.com/1928562995/Iqptv85uf?refer_flag=1001030103_,转发微博
一日无电_百事荒芜,2020年01月20日,0,0,0,//weibo.com/5285877820/IqptvbaLm?refer_flag=1001030103_,转发微博
azz211,2020年01月20日,0,0,0,//weibo.com/3619813774/IqptvbbxS?refer_flag=1001030103_,新型冠状病毒如何防控？是否会重复SARS疫情？权威专家解读来了 O网页链接 ​
德云小铁杆儿,2020年01月20日,0,0,0,//weibo.com/6485130301/IqptvbbUp?refer_flag=1001030103_,转发微博
力王LEO,2020年01月20日,0,0,0,//weibo.com/1446134480/Iqptv9jFk?refer_flag=1001030103_,转发微博
喵星人萌萌萌,2020年01月20日,0,0,0,//weibo.com/1757877673/IqptuvhkF?refer_flag=1001030103_,//@Asuka千帆:有了十七年前的经验，有了更先进的科学技术，我们这辈子赶上一次非典已经够了，希望我们都不要再经历一次吧🙏🏻//@别样不二:😷😷😷
源仔杨歪歪,2020年01月20日,0,0,0,//weibo.com/2309315980/Iqptuvked?refer_flag=1001030103_,转发微博
上岸长久久-,2020年01月20日,0,0,0,//weibo.com/6132412993/IqptuxCbi?refer_flag=1001030103_,转发微博
satoshi的晴天娃娃,2020年01月20日,0,0,0,//weibo.com/3287274222/Iqptuzsli?refer_flag=1001030103_,转发微博
娜样飞翔,2020年01月20日,0,0,0,//weibo.com/2069367141/IqptuzuaL?refer_flag=1001030103_,转发微博
-kirakira燦爛-,2020年01月20日,0,0,0,//weibo.com/3185894934/IqptueKRH?refer_flag=1001030103_,我真的服了不吃这一口是会怎样
Jacky_2286,2020年01月20日,0,0,0,//weibo.com/2404284314/IqptueLFb?refer_flag=1001030103_,转发微博
只谈风月的水煮胖狐狸,2020年01月20日,0,0,0,//weibo.com/6506816497/IqptufVsw?refer_flag=1001030103_,Repost
糊逼别来烦,2020年01月20日,0,0,0,//weibo.com/5384735683/IqptuhNY9?refer_flag=1001030103_,回复@夏-美DaYdAyHaPpY:我以为离山东还远//@夏-美DaYdAyHaPpY:一共224例，确诊217例。 武汉198例，北京5例，广东14例，疑似7例，四川2例，云南1例，上海2例，广西1例，山东1例。 日本1例，泰国2例，韩国1例。
-O-October,2020年01月20日,0,0,0,//weibo.com/5676305557/IqpttD0It?refer_flag=1001030103_,//@浪里赤条小粗林:确定人传人，有医务人员感染了💔病毒存在于飞沫，普通口罩也可以阻止飞沫，不要偷懒，口罩戴起来！大家注意安全！
小刘的微博小号2,2020年01月20日,0,0,0,//weibo.com/7068343741/IqpttD1Cj?refer_flag=1001030103_,《钟南山：新型肺炎很可能来自野味》钟南山院士指出，现在要提高警惕，全民、领导、政府、医务人员，包括媒体，属地的领导要负起责任，我们有信心能够控制新型冠状病毒。O网页链接 ​
网络李捕头,2020年01月20日,0,0,0,//weibo.com/1909630683/IqpttD3jJ?refer_flag=1001030103_,【转发收藏！#一分钟科普冠状病毒#，做好这些预防措施不必惊慌】近期武汉地区肺炎频受关注。该类肺炎病原体初步判定为新型冠状病毒，冠状病毒颗粒就像一顶帝王的皇冠，因此得名“冠状病毒”。那么什么是冠状病毒呢？它有什么特点？应该如何预防？在流感高发季，做好这些日常防护措施不惊慌。  ​  展开全文c
春春_73002,2020年01月20日,0,0,0,//weibo.com/3215697020/IqpttD3Lu?refer_flag=1001030103_,转发微博
苏世山成长价值投资,2020年01月20日,4,1,0,//weibo.com/2185516500/IqpttD3LW?refer_flag=1001030103_,上回就是胡吃八吃//@股道热肠也:吃野生动物要遭报应！
深圳蜂巢商业设计公司,2020年01月20日,0,0,0,//weibo.com/3103501711/IqpttlmjX?refer_flag=1001030103_,《钟南山：新型肺炎很可能来自野味》钟南山院士指出，现在要提高警惕，全民、领导、政府、医务人员，包括媒体，属地的领导要负起责任，我们有信心能够控制新型冠状病毒。O网页链接 ​
梵天渡红尘732016,2020年01月20日,0,0,0,//weibo.com/6567541089/IqpttlmEO?refer_flag=1001030103_,//@狂言Doggy:就纳闷了，03年是因为野生动物，这回可能还是野生动物，真应该全面禁止销售各类野味，违者重罚。
神仙之下我无敌i,2020年01月20日,0,0,0,//weibo.com/5978749624/IqpttmsDX?refer_flag=1001030103_,戴口罩，勤洗手，不出门，远离人群🙏
RainbowDQ,2020年01月20日,0,0,0,//weibo.com/2352573840/IqpttmsPy?refer_flag=1001030103_,//@来去之间://@毛十八:其实挺不希望看见这样的：十七年过去了，还是当年的老人敢拍板说这么一句话。
我_不_会_游_泳,2020年01月20日,0,0,0,//weibo.com/5863942736/IqpttmuaV?refer_flag=1001030103_,//@pORA认真点://@Ashes_余烬心中://@xeno_light:转发微博
水果麻麻多Vc,2020年01月20日,0,0,0,//weibo.com/5912449405/Iqpttmzkj?refer_flag=1001030103_,转发微博
黑白动物Lee,2020年01月20日,10,33,0,//weibo.com/2147860294/IqpttmASj?refer_flag=1001030103_,#钟南山肯定新型冠状病毒肺炎人传人#根据钟南山的采访，总结如下：1.肯定人传人。2.别吃野味。3.别去武汉，别和从武汉回来的人接触。4.一定要戴口罩，并不一定要N95。5.传染性没有SARS大。#钟南山谈疫情# ​
未着泥Ss,2020年01月20日,0,0,0,//weibo.com/1764564411/IqpttmBq3?refer_flag=1001030103_,转发微博
橘子吃糖,2020年01月20日,0,0,0,//weibo.com/6067924201/IqpttooPA?refer_flag=1001030103_,//@东邻治愈家:一定重视起来！拜托了！//@M大王叫我来巡山:又值佳节，千万注意预防啊。//@俄罗斯事儿君:注意安全🙏//@橘味小哼yo:我可求求首页各位了 重视起来重视起来重视起来！//@追风少年刘全有://@回忆专用小马甲:大家注意安全🙏🏻
nnnn若你喜欢怪人,2020年01月20日,0,0,0,//weibo.com/6002145832/Iqptt4OVq?refer_flag=1001030103_,转发微博
无厘头的梦qz,2020年01月20日,0,0,0,//weibo.com/6709354815/Iqptt4P3K?refer_flag=1001030103_,//@互联网俊明说:大家注意安全，保护好自己。记得戴口罩，勤洗手！
90后小李子_10,2020年01月20日,0,0,0,//weibo.com/5905957119/Iqptt60aK?refer_flag=1001030103_,//@兔噗噗:注意安全朋友们
陆陆九九,2020年01月20日,0,0,0,//weibo.com/2263885604/Iqptt4Wby?refer_flag=1001030103_,转发微博
我是可爱的昵称,2020年01月20日,0,0,0,//weibo.com/5788431417/Iqptt6Jyz?refer_flag=1001030103_,转发微博
郁真羽-橙光,2020年01月20日,0,0,0,//weibo.com/6259859855/Iqptt61lI?refer_flag=1001030103_,N95都断货了，唉，平时就该备着
bobofula,2020年01月20日,0,0,0,//weibo.com/1803540445/Iqptt60hk?refer_flag=1001030103_,球球国人能不能别再吃不该吃的了
究游白月光,2020年01月20日,0,6,0,//weibo.com/5960386439/Iqptt60RR?refer_flag=1001030103_,#境内确诊217例新型冠状病毒肺炎病例#山东也有了？！ ​
爱吃汉堡的洋子,2020年01月20日,0,0,0,//weibo.com/7235421527/Iqptst6Ax?refer_flag=1001030103_,转发微博
Roll个名字吧,2020年01月20日,0,0,0,//weibo.com/1814141234/IqptsrZpo?refer_flag=1001030103_,孩怕
仲夏的蒲月,2020年01月20日,0,0,0,//weibo.com/1806865510/IqptsuitX?refer_flag=1001030103_,预防千万条，口罩第一条。不往人群挤，病毒不缠你。洗手很重要，胜过吃补药。通风也要紧，疾病无踪影。野味不要尝，以免损健康。
dryad秘密,2020年01月20日,0,0,0,//weibo.com/5191178445/IqptsuZIm?refer_flag=1001030103_,转发微博
夷陵小奶糖,2020年01月20日,0,0,0,//weibo.com/6553965546/Iqptsv04e?refer_flag=1001030103_,#钟南山肯定新型冠状病毒肺炎人传人# 感谢在一线的医务工作者，有你们在一线奋斗在感觉踏实很多，但是还是得大家都做好防护，快过年了各地人流量都很大，一定要保护好自己，防止传染 ​
路易斯贰仟,2020年01月20日,0,0,0,//weibo.com/2432713707/Iqptsv3uE?refer_flag=1001030103_,Repost
哈哈哈哈哈哈里,2020年01月20日,0,0,0,//weibo.com/2556238124/IqptsakON?refer_flag=1001030103_,转发微博
Micky鹿,2020年01月20日,0,2,0,//weibo.com/5400007952/IqptsalMd?refer_flag=1001030103_,高铁票能全额退款吗
扁桃DAYTOY,2020年01月20日,0,0,0,//weibo.com/7188777857/IqptsalV4?refer_flag=1001030103_,转发微博
话梅干最好吃,2020年01月20日,0,0,0,//weibo.com/5587474856/Iqptsantf?refer_flag=1001030103_,转发微博
热闹cc,2020年01月20日,0,0,0,//weibo.com/3105514721/IqptsanPG?refer_flag=1001030103_,//@M大王叫我来巡山:又值佳节，千万注意预防啊。//@俄罗斯事儿君:注意安全🙏//@橘味小哼yo:我可求求首页各位了 重视起来重视起来重视起来！//@追风少年刘全有://@回忆专用小马甲:大家注意安全🙏🏻
Diviner666666,2020年01月20日,0,0,0,//weibo.com/6364693921/IqptsbsBn?refer_flag=1001030103_,转发微博
有本书叫侠风长流,2020年01月20日,0,0,0,//weibo.com/1803720970/IqptryG9H?refer_flag=1001030103_,//@我大概就是一只废里了://@Min丨泯:转发微博
调皮精灵q,2020年01月20日,0,2,0,//weibo.com/2700935382/IqptrzJdx?refer_flag=1001030103_,转发微博
Leeapeach,2020年01月20日,0,0,0,//weibo.com/2099569081/IqptryG6z?refer_flag=1001030103_,转发微博
翻滚吧特雷西,2020年01月20日,1,0,0,//weibo.com/1886562563/IqptryG3q?refer_flag=1001030103_,转发微博
小_能手西,2020年01月20日,0,0,0,//weibo.com/2565541364/IqptryFP0?refer_flag=1001030103_,//@浪里赤条小粗林:确定人传人，有医务人员感染了💔病毒存在于飞沫，普通口罩也可以阻止飞沫，不要偷懒，口罩戴起来！大家注意安全！
听说橘子分着吃很甜,2020年01月20日,0,0,0,//weibo.com/6056871498/IqptryFKs?refer_flag=1001030103_,转发微博
努力的普拉多,2020年01月20日,0,0,0,//weibo.com/6658090421/IqptrzMFb?refer_flag=1001030103_,转发微博
YuhoGundam,2020年01月20日,0,0,0,//weibo.com/2423696924/IqptrzLUx?refer_flag=1001030103_,⭕重点 1、确认可以人传人，基于武汉和广东案例  2、有医务人员被传染  3、源头目前不清楚，但可能是竹鼠、獾这种野生动物（尽量别去碰野味）  4、如无必要，近期不要去武汉  5、有发热及时就医  6、买不到N95，普通口罩也可以起到阻止飞沫传播的作用（该戴口罩戴口罩）
胖虎不胖zzz,2020年01月20日,0,0,0,//weibo.com/5384478302/IqptrzLt9?refer_flag=1001030103_,转发微博
·辛芷独爱莲·,2020年01月20日,1,0,0,//weibo.com/5488610367/IqptrzLfu?refer_flag=1001030103_,//@白板笛行星://@微天下:扩散！#一图看懂新型冠状病毒肺炎#
青岛吴青峰_,2020年01月20日,0,0,0,//weibo.com/7038510372/IqptrzL6k?refer_flag=1001030103_,转发微博
格郁le,2020年01月20日,0,0,0,//weibo.com/3171518911/IqptrzKJk?refer_flag=1001030103_,转发微博
小麦子乖乖逗逗逗逗比,2020年01月20日,0,0,0,//weibo.com/1743624505/IqptrzJQ3?refer_flag=1001030103_,转发微博
我是屎祖,2020年01月20日,0,0,0,//weibo.com/1776776041/IqptrzJc0?refer_flag=1001030103_,//@古月中心相心:做好心理准备吧，春运期间大家出门都记得戴口罩
夏玉培,2020年01月20日,0,0,0,//weibo.com/5755956380/Iqptrjfry?refer_flag=1001030103_,#钟南山肯定新型冠状病毒肺炎人传人#尽量不出门，必须要去人多的地方就戴好口罩。勤洗手，洗干净。别熬夜了，按时作息增强抵抗力。 ​
存取日忱忱,2020年01月20日,0,0,0,//weibo.com/5991873541/IqptrgZzX?refer_flag=1001030103_,//@午时蓝桉://@燃烧的小骆驼:钟院士访问要点： 1、确认可以人传人，基于武汉和广东案例。 2、有医务人员被传染。 3、源头目前不清楚，但可能是竹鼠、獾这种野生动物（尽量别去碰野味）。 4、如无必要近期不要去武汉。 5、有发热及时就医。 6、买不到N95，普通口罩也可以起到阻止飞沫传播的作用（该戴
成华残联,2020年01月20日,1,0,0,//weibo.com/3243469590/IqptqFgCa?refer_flag=1001030103_,#境内确诊217例新型冠状病毒肺炎病例#【转发收藏！，做好这些预防措施不必惊慌】近期武汉地区肺炎频受关注。该类肺炎病原体初步判定为新型冠状病毒，冠状病毒颗粒就像一顶帝王的皇冠，因此得名“冠状病毒”。那么什么是冠状病毒呢？它有什么特点？应该如何预防？在流感高发季，做好这些日常防护措施不惊慌。L一手video的秒拍视频 
紫芋呀,2020年01月20日,0,0,0,//weibo.com/1611259414/Iqptr0r1g?refer_flag=1001030103_,//@桃桃淘电影:转发微博
Anboom3,2020年01月20日,0,0,0,//weibo.com/2109196773/Iqptr0ryM?refer_flag=1001030103_,转发微博
程子就爱吃橙子,2020年01月20日,0,0,0,//weibo.com/5373536270/Iqptr1AWV?refer_flag=1001030103_,肯定了
wow小熊猫咪,2020年01月20日,0,0,0,//weibo.com/6441895064/Iqptr1CbS?refer_flag=1001030103_,又安心又害怕～希望大家平安！
我只是个卑微小陈,2020年01月20日,0,0,0,//weibo.com/5538740192/Iqptr2hpQ?refer_flag=1001030103_,218！可怕啊
小提拉x,2020年01月20日,0,0,0,//weibo.com/1661494902/Iqptr2jJq?refer_flag=1001030103_,勤洗手 戴口罩
米饭烊,2020年01月20日,0,0,0,//weibo.com/6335404115/IqptqpTcT?refer_flag=1001030103_,"//@胖虎侠://@燃烧的小骆驼:钟院士访问要点： 1、确认可以人传人，基于武汉和广东案例。 2、有医务人员被传染。 3、源头目前不清楚，但可能是竹鼠、獾这种野生动物（尽量别去碰野味）。 4、如无必要，近期不要去武汉。 5、有发热及时就医。 6、买不到N95，普通口罩也可以起到阻止飞沫传播的作用, 该戴"
用户5494602380,2020年01月20日,0,0,0,//weibo.com/5494602380/Iqptq8SHQ?refer_flag=1001030103_,国家卫健委：继续加强新型冠状病毒溯源和变异监测工作 O国家卫健委：继续加强新型冠状病毒溯源和变异监测工作 ​
luvyeolbaby,2020年01月20日,0,0,0,//weibo.com/2816558044/Iqptq5X0f?refer_flag=1001030103_,戴口罩！勤洗手！没事别乱跑！
吐槽夫,2020年01月20日,15,15,0,//weibo.com/5548608887/Iqptq5Ycc?refer_flag=1001030103_,相信政府能搞定，禽流感都过来了，还害怕它吗？🙏🙏#钟南山肯定新型冠状病毒肺炎人传人# L吐槽夫的微博视频 ​
Micheal有点茫,2020年01月20日,0,0,0,//weibo.com/6747496339/Iqptq72DE?refer_flag=1001030103_,//@曉辰:專家肯定人傳人！
颖火辞星,2020年01月20日,0,0,0,//weibo.com/6334947930/Iqptq73b9?refer_flag=1001030103_,转发微博
佻绛,2020年01月20日,1,0,0,//weibo.com/2495504343/Iqptq73sY?refer_flag=1001030103_,//@银河系搭乘客:转发微博
Mature41,2020年01月20日,0,0,0,//weibo.com/6473671478/Iqptq75dk?refer_flag=1001030103_,转发微博
CzJ---,2020年01月20日,0,0,0,//weibo.com/1781946460/Iqptq8d83?refer_flag=1001030103_,转发微博
荞麦面花,2020年01月20日,0,0,0,//weibo.com/3069313633/Iqptq8eKY?refer_flag=1001030103_,转发微博
雪雪爱冰奶茶-,2020年01月20日,0,0,0,//weibo.com/7106829469/Iqptpuifv?refer_flag=1001030103_,钟南山教授表示新型病毒存在人传人，注意好自我保护！#境内确诊217例新型冠状病毒肺炎病例#
謗議庸何傷,2020年01月20日,0,0,0,//weibo.com/3759771021/IqptpdIP9?refer_flag=1001030103_,//@芳草碧连天VVV:钟南山访问要点记录： 1、确认可以人传人，基于武汉和广东案例。 2、有医务人员被传染。 3、源头目前不清楚，但可能是竹鼠、獾这种野生动物（尽量别去碰野味）。 4、如无必要，近期不要去武汉。 5、有发热及时就医。 6、买不到N95，普通口罩也可以起到阻止飞沫传播的作用
开开心心又幸运的好孩子,2020年01月20日,0,0,0,//weibo.com/6971850345/IqptpeOEQ?refer_flag=1001030103_,//@麓卡麓卡:钟南山访问要点： 1、确认可以人传人，基于武汉和广东案例。 2、有医务人员被传染。 3、源头目前不清楚，但可能是竹鼠、獾这种野生动物（尽量别去碰野味）。 4、如无必要，近期不要去武汉。 5、有发热及时就医。 6、买不到N95，普通口罩也可以起到阻止飞沫传播的作用（该戴口罩戴口罩）。
我是海绵宝宝bb,2020年01月20日,0,0,0,//weibo.com/3237891950/IqptpdGX0?refer_flag=1001030103_,转发微博
Haloo月亮,2020年01月20日,0,0,0,//weibo.com/7323787335/IqptpdGEG?refer_flag=1001030103_,转发微博
猫猫日娆,2020年01月20日,0,0,0,//weibo.com/3717906287/IqptpdFCI?refer_flag=1001030103_,转发微博
girl0729,2020年01月20日,0,0,0,//weibo.com/6471578279/IqptpePMY?refer_flag=1001030103_,转发微博
圆脸的大柚V子,2020年01月20日,0,0,0,//weibo.com/6311631370/IqptpfwQi?refer_flag=1001030103_,Repost
freedom312,2020年01月20日,0,0,0,//weibo.com/1056916932/Iqptpfw8S?refer_flag=1001030103_,转发微博
折腰吖,2020年01月20日,0,0,0,//weibo.com/5615588350/IqptpfvP9?refer_flag=1001030103_,所以 到底是什么东西啊 太着急了
LoveuKimTae,2020年01月20日,0,2,0,//weibo.com/1656427201/IqptpftZ8?refer_flag=1001030103_,#钟南山肯定新型冠状病毒肺炎人传人#院士说的是普通的外科口罩并不是普通的放霾口罩啊！！！ ​
春眸_,2020年01月20日,1,0,0,//weibo.com/2906184255/IqptpftVK?refer_flag=1001030103_,//@辣条娘:确认人传人。大家注意防护//@四镰://@秋田六千://@纯良英俊的笑了笑:⚠️//@这是一个很高冷的ID:一定要注意啊//@月亮与八芝士:注意戴口罩真的//@205号居民:大家请一定要做好个人防护 //@不吃菜XBS:一定要注意😷
Ni死深海还不肯放手,2020年01月20日,0,0,0,//weibo.com/1000001374/IqptpeSnq?refer_flag=1001030103_,转发微博
HHAI小超,2020年01月20日,0,0,0,//weibo.com/1652347202/IqptpeRmA?refer_flag=1001030103_,转发微博
your_smile_is_my_light,2020年01月20日,0,1,0,//weibo.com/5698437681/IqptoC0ty?refer_flag=1001030103_,院士83了，身体真好啊
羽之潼,2020年01月20日,0,0,0,//weibo.com/2864521621/IqptoD93E?refer_flag=1001030103_,//@孙策不与周郎便 :还是需要他来拍板。人传人，大家过年一定要注意！
纯虐,2020年01月20日,0,0,0,//weibo.com/1567774803/IqptoETjS?refer_flag=1001030103_,//@薛好大:确定是人传人，大家都小心啊。
请叫我瘦子张,2020年01月20日,0,0,0,//weibo.com/1941445620/IqptoEUOn?refer_flag=1001030103_,@甩中带稳942 @噢Oooz @你好烦阿阿阿
CArocketeer,2020年01月20日,0,0,0,//weibo.com/5239134722/IqptoluJu?refer_flag=1001030103_,东百不慌！
盈富理财,2020年01月20日,0,0,0,//weibo.com/2049074854/Iqptojeki?refer_flag=1001030103_,//@蔡小心:读者们注意安全
乌龙茶和龙景水,2020年01月20日,2,0,0,//weibo.com/6590192837/IqptojePE?refer_flag=1001030103_,//@陈生大王://@严锋://@芳草碧连天VVV:钟南山访问要点记录： 1、确认可以人传人，基于武汉和广东案例。 2、有医务人员被传染。 3、源头目前不清楚，但可能是竹鼠、獾这种野生动物（尽量别去碰野味）。 4、如无必要，近期不要去武汉。 5、有发热及时就医。 6、买不到N95，普通口罩也可以起到阻止飞沫传
送你一匹马yoho,2020年01月20日,0,0,0,//weibo.com/5347805541/Iqptojh2I?refer_flag=1001030103_,//@福多多剧有福:人传人
最小的年度计划,2020年01月20日,0,0,0,//weibo.com/6617059210/Iqptonb7J?refer_flag=1001030103_,转发微博
是平平无奇的美女罢了,2020年01月20日,0,0,0,//weibo.com/5198468978/IqptokkGV?refer_flag=1001030103_,//@好的阿茶酱没问题阿茶酱://@浅浅94107:😩 //@方脸小火:大家出门注意安全和卫生，戴好口罩，多穿衣服，不要感冒了
首席炸鸡爱好者,2020年01月20日,0,0,0,//weibo.com/2974565984/Iqpto3Ozr?refer_flag=1001030103_,老实说我真的觉得很严重了加强锻炼注意卫生少去人口密集区吧
在家的芥末_kikuro,2020年01月20日,0,7,0,//weibo.com/1509744093/Iqpto1CPB?refer_flag=1001030103_,四川也有了
渴望穿越的展宏,2020年01月20日,0,0,0,//weibo.com/1935171703/Iqpto3MSf?refer_flag=1001030103_,
Crush_梨醴鲤,2020年01月20日,0,0,0,//weibo.com/6900903961/Iqpto3OTs?refer_flag=1001030103_,转发微博
败者食承,2020年01月20日,0,0,0,//weibo.com/6121890248/Iqptns6PD?refer_flag=1001030103_,//@板房蒋阿姨 :今天评论一个妹子说的我很认同，咱们做到自己能做到的，尽量少去人多密集场所，如果要去人多的公共场合，戴上口罩（医用外科口罩就可以，一次性使用，药店有卖）、多洗手、勤通风，过度恐慌和完全不重视都不行。
夏天静静守护WJSN鹅苞蛋,2020年01月20日,0,0,0,//weibo.com/2540916581/Iqptns8DY?refer_flag=1001030103_,转发微博
_云端玫瑰_,2020年01月20日,0,0,0,//weibo.com/7296344616/Iqptn9kCF?refer_flag=1001030103_,//@麓卡麓卡:钟南山访问要点： 1、确认可以人传人，基于武汉和广东案例。 2、有医务人员被传染。 3、源头目前不清楚，但可能是竹鼠、獾这种野生动物（尽量别去碰野味）。 4、如无必要，近期不要去武汉。 5、有发热及时就医。 6、买不到N95，普通口罩也可以起到阻止飞沫传播的作用（该戴口罩戴口罩）。
看不到的影子,2020年01月20日,0,0,0,//weibo.com/1936536072/Iqptn8cBs?refer_flag=1001030103_,致敬医学工作者在岗位上的巨大贡献
星辰与大海啊,2020年01月20日,0,0,0,//weibo.com/6092276880/Iqptn8dsT?refer_flag=1001030103_,//@眠去daily://@芳草碧连天VVV:钟南山访问要点记录： 1、确认可以人传人，基于武汉和广东案例。 2、有医务人员被传染。 3、源头目前不清楚，但可能是竹鼠、獾这种野生动物（尽量别去碰野味）。 4、如无必要，近期不要去武汉。 5、有发热及时就医。 6、买不到N95，普通口罩也可以起到阻止飞沫传播的作
雪山虾,2020年01月20日,0,0,0,//weibo.com/6379835084/Iqptn8eTH?refer_flag=1001030103_,//@王小东:转发微博
咚咚不乖201802,2020年01月20日,0,0,0,//weibo.com/6491559237/Iqptn8fQO?refer_flag=1001030103_,转发微博
二百吴,2020年01月20日,0,0,0,//weibo.com/6194868644/Iqptn9iZe?refer_flag=1001030103_,转发微博
甬城令狐葱,2020年01月20日,0,0,0,//weibo.com/1326252400/Iqptn9kOZ?refer_flag=1001030103_,【扩散！#一图看懂新型冠状病毒肺炎#】#钟南山肯定新型冠状病毒肺炎人传人#，那么新型冠状病毒感染的肺炎有哪些症状？如果你是密切接触者，你该怎么办？如何预防？口罩到底该怎么戴？微博整合核心内容，带你全面了解新型冠状病毒感染肺炎。 ​ 2慈溪市 ​
_知均不识钧_,2020年01月20日,0,0,0,//weibo.com/5268093613/IqptnapVn?refer_flag=1001030103_,//@墙头串成一个圈://@白桃木糖醇://@嗑颜bot:转发一下，大家注意安全//@M大王叫我来巡山:又值佳节，千万注意预防啊。//@俄罗斯事儿君:注意安全🙏//@橘味小哼yo:我可求求首页各位了 重视起来重视起来重视起来！
兜穆,2020年01月20日,0,0,0,//weibo.com/5692847576/Iqptmwwas?refer_flag=1001030103_,转发微博
山东一棵葱g,2020年01月20日,0,0,0,//weibo.com/6156965632/IqptmwyyF?refer_flag=1001030103_,转发微博
向往1992,2020年01月20日,1,4,0,//weibo.com/1923743435/Iqptmxzxh?refer_flag=1001030103_,熟悉的播报方式 难道“空中课堂”又要恢复了？
·仲夏夜之星·,2020年01月20日,0,0,0,//weibo.com/6297560625/IqptmxAHU?refer_flag=1001030103_,马 明天看
轩EF,2020年01月20日,0,0,0,//weibo.com/3731111570/IqptmxDbG?refer_flag=1001030103_,戴口罩戴口罩戴口罩
赤焰如鸢,2020年01月20日,0,0,0,//weibo.com/3634080043/IqptmyK4U?refer_flag=1001030103_,钟南山院士！看到这个名字就心安了
归零jihua,2020年01月20日,0,0,0,//weibo.com/7363444477/IqptmyLkC?refer_flag=1001030103_,转发微博
小预报SHAR,2020年01月20日,0,0,0,//weibo.com/5819741140/IqptmApCW?refer_flag=1001030103_,转发微博
Junnn_w,2020年01月20日,0,0,0,//weibo.com/1595437637/IqptmiKBe?refer_flag=1001030103_,⚠️//@辣条娘:确认人传人。大家注意防护//@四镰://@秋田六千://@纯良英俊的笑了笑:⚠️//@这是一个很高冷的ID:一定要注意啊//@月亮与八芝士:注意戴口罩真的//@205号居民:大家请一定要做好个人防护 //@不吃菜XBS:一定要注意😷
安佑闲,2020年01月20日,0,0,0,//weibo.com/1393920994/IqptlEfyK?refer_flag=1001030103_,会不会是吃猫。。。
-Scipio-,2020年01月20日,0,0,0,//weibo.com/1683779865/IqptlEgvr?refer_flag=1001030103_,//@投资舆情://@郭士英: 钟南山访问要点记录： 1、确认可以人传人，基于武汉和广东案例。 2、有医务人员被传染。 3、源头目前不清楚，但可能是竹鼠、獾这种野生动物（尽量别去碰野味）。 4、如无必要，近期不要去武汉。 5、有发热及时就医。 6、买不到N95，普通口罩也可以起到阻止飞沫传播的作用。
yuyu宇,2020年01月20日,0,0,0,//weibo.com/2006123223/IqptlEiyA?refer_flag=1001030103_,转发微博
易烊千玺找我玩,2020年01月20日,0,0,0,//weibo.com/6474771957/IqptlFlhc?refer_flag=1001030103_,要平安阿
平凡的小草-5366,2020年01月20日,0,0,0,//weibo.com/5677421106/Iqptm0vfu?refer_flag=1001030103_,转发微博
六如神喵2017,2020年01月20日,0,0,0,//weibo.com/3259142302/Iqptm0vzn?refer_flag=1001030103_,转发微博
快乐水龟,2020年01月20日,0,0,0,//weibo.com/2534127681/Iqptm0vXN?refer_flag=1001030103_,转发微博
鼻子不长的象象,2020年01月20日,0,0,0,//weibo.com/5038301509/IqptlmAKT?refer_flag=1001030103_,转发微博
假装而已,2020年01月20日,0,0,0,//weibo.com/3169616595/IqptlmCwi?refer_flag=1001030103_,出门要带医用口罩了😷
有点无聊的白小开,2020年01月20日,0,0,0,//weibo.com/1733122922/IqptlmCzF?refer_flag=1001030103_,//@my_saruru:转发微博
陈_哭囍的铃铛陈,2020年01月20日,0,0,0,//weibo.com/5694857237/IqptlmDqQ?refer_flag=1001030103_,嗯！//@小许的朋友:在疾病面前 希望大家能谨慎对待 照顾好自己  还有尊重医生他们是第一前线的人 不应该被伤害
夜小楼998,2020年01月20日,0,0,0,//weibo.com/6226182923/IqptlnHvs?refer_flag=1001030103_,转发微博
塑料字符,2020年01月20日,0,0,0,//weibo.com/1648247101/IqptlnHwQ?refer_flag=1001030103_,转发微博
用户qc3clrf1go,2020年01月20日,0,0,0,//weibo.com/1757324773/IqptlnIih?refer_flag=1001030103_,国家卫健委：继续加强新型冠状病毒溯源和变异监测工作 O国家卫健委：继续加强新型冠状病毒溯源和变异监测工作 ​
李易安Lee,2020年01月20日,0,0,0,//weibo.com/5593413465/IqptloNyD?refer_flag=1001030103_,过年期间还是不要外出了，多屯点东西，家里蹲。
槛外人2021,2020年01月20日,0,0,0,//weibo.com/2698759171/IqptloNWo?refer_flag=1001030103_,又是野味.....能不吃了吗
饭圈美少女战士,2020年01月20日,0,0,0,//weibo.com/6027783487/Iqptl4X1k?refer_flag=1001030103_,转发微博
兔兔快快快快跑,2020年01月20日,0,0,0,//weibo.com/3215563520/Iqptl4Wy6?refer_flag=1001030103_,转发微博
北北伦公子,2020年01月20日,0,0,0,//weibo.com/6339595750/Iqptl7aMQ?refer_flag=1001030103_,转发微博
天然呆的墨倾城,2020年01月20日,0,0,0,//weibo.com/5668932800/Iqptl7aiz?refer_flag=1001030103_,好了，明天去买口罩了
君Madeline,2020年01月20日,0,0,0,//weibo.com/1104130390/Iqptl7Lge?refer_flag=1001030103_,相信官方和专家不信传不造谣，希望各位保护好自己的身体，出门做好防范，也希望患者能尽快恢复健康。#新型冠状病毒#
Tingye-yan,2020年01月20日,0,0,0,//weibo.com/6527401732/Iqptl7aZh?refer_flag=1001030103_,转发微博
我的猪猪布鲁酱,2020年01月20日,0,0,0,//weibo.com/5316114900/Iqptl7HOc?refer_flag=1001030103_,转发微博
木子啊毛毛毛,2020年01月20日,0,0,0,//weibo.com/5591603168/Iqptl63F2?refer_flag=1001030103_,唉… 走一步看一步吧
Summer遇见初夏,2020年01月20日,0,0,0,//weibo.com/3863095812/Iqptkw0TX?refer_flag=1001030103_,转发微博
手游受害狗,2020年01月20日,1,0,0,//weibo.com/2134595561/Iqptkw2xh?refer_flag=1001030103_,//@秋田六千://@纯良英俊的笑了笑:⚠️//@这是一个很高冷的ID:一定要注意啊//@月亮与八芝士:注意戴口罩真的//@205号居民:大家请一定要做好个人防护 //@不吃菜XBS:一定要注意😷
无患子20,2020年01月20日,0,0,0,//weibo.com/5862281605/Iqptkw2Wi?refer_flag=1001030103_,转发微博
6v6的小土豆,2020年01月20日,0,8,0,//weibo.com/5211511435/IqptkdOKO?refer_flag=1001030103_,我太tm难了//@谙_Survive:本武汉人真的…哎…至少爹妈终于肯相信疫情严重性了
晨了个曦曦,2020年01月20日,0,0,0,//weibo.com/2135652600/IqptkbALo?refer_flag=1001030103_,转发微博
莱康村推荐员,2020年01月20日,0,0,0,//weibo.com/7329673081/IqptkbAWQ?refer_flag=1001030103_,//@一起神回复:扩散一下//@伊丽莎白骨精啊:少出门，戴口罩。
星星当时就被勾魂了,2020年01月20日,0,6,0,//weibo.com/1750892540/IqptkbCYz?refer_flag=1001030103_,钟老都出来了，可见有点棘手
猪槽一个,2020年01月20日,0,0,0,//weibo.com/1563133901/IqptkbDk7?refer_flag=1001030103_,今天才知道已经如此高龄了，一直以为就60+左右
6笛6,2020年01月20日,0,0,0,//weibo.com/2463738575/IqptkdOoP?refer_flag=1001030103_,转发微博
VIP-宣子,2020年01月20日,0,0,0,//weibo.com/5828579856/IqptjzTEC?refer_flag=1001030103_,转发微博
纳米爱的故事,2020年01月20日,0,0,0,//weibo.com/2796339125/IqptjAXpN?refer_flag=1001030103_,转发微博
_今天也是元气满满的一天呢,2020年01月20日,0,0,0,//weibo.com/5138521562/IqptjAY0R?refer_flag=1001030103_,转发微博
胜负手SFS,2020年01月20日,0,18,0,//weibo.com/1239689467/IqptjC7E2?refer_flag=1001030103_,#境内确诊217例新型冠状病毒肺炎病例#绝大部分病毒在低温条件下不活跃甚至停止活动、大家有条件的情况下还是去东北吧 ​
弓长王山而广大,2020年01月20日,0,0,0,//weibo.com/3479692412/IqptjCFkl?refer_flag=1001030103_,转发微博
乐职的一朵小红花,2020年01月20日,0,0,0,//weibo.com/6307094462/Iqptjifjh?refer_flag=1001030103_,转发微博
姐最会穿,2020年01月20日,7,0,0,//weibo.com/1988524335/Iqptjig1o?refer_flag=1001030103_,#深夜大明白#【什么是冠状病毒？如何做好日常防护？转发扩散】#武汉卫健委发布病毒性肺炎高发注意事项#近期新型冠状病毒感染肺炎广受关注，什么是冠状病毒？如何做好日常防护？转发扩散，祝大家平安健康LN视频的微博视频 ​
Holly家的核桃树,2020年01月20日,0,0,0,//weibo.com/5890509601/Iqptjihf6?refer_flag=1001030103_,转发微博
大飞Ge08311,2020年01月20日,0,0,0,//weibo.com/1758423935/Iqptjl066?refer_flag=1001030103_,转发微博
m-_n,2020年01月20日,0,0,0,//weibo.com/5663811442/IqptjkrHb?refer_flag=1001030103_,转发微博
中国搜索,2020年01月20日,2,2,0,//weibo.com/5044511176/Iqptj0zIw?refer_flag=1001030103_,【钟南山：#新型冠状病毒肺炎很可能来自野味#】 L央视新闻的微博视频 ​​​(央视) ​
宁静致远-刘微芝,2020年01月20日,0,0,0,//weibo.com/1586543614/Iqptj0AMH?refer_flag=1001030103_,转发微博
跪滑达人,2020年01月20日,0,0,0,//weibo.com/7312276204/Iqptj0AS2?refer_flag=1001030103_,//@佛心蛊://@二月葫芦: 完整版
知名坐标轴,2020年01月20日,0,0,0,//weibo.com/3315464691/Iqptj2LAN?refer_flag=1001030103_,转发微博
十五寻找食物i,2020年01月20日,0,0,0,//weibo.com/6847572360/Iqptj2Mzz?refer_flag=1001030103_,希望大家都可以过一个健康年
康泰_泰哥的泰,2020年01月20日,0,0,0,//weibo.com/2011542835/IqptioUUa?refer_flag=1001030103_,中华民族就是在一次又一次灾难中凤凰涅槃
祝我嗑的cp都是真的,2020年01月20日,0,0,0,//weibo.com/5835958936/IqptioVlC?refer_flag=1001030103_,转发微博
风流天下白,2020年01月20日,0,0,0,//weibo.com/1646145520/IqptipZ42?refer_flag=1001030103_,🙏//@大道有形V:钟老的意思是目前还不强，但必须尽快控制，否则随着感染传播，病毒还会进化。传播力和毒性都可能随着传播换代突变变强。
902为什么,2020年01月20日,0,0,0,//weibo.com/5529424721/IqptipZq5?refer_flag=1001030103_,转发微博
驻马店吃货王,2020年01月20日,0,1,0,//weibo.com/6411031813/IqptipZwE?refer_flag=1001030103_,#境内确诊217例新型冠状病毒肺炎病例#马上就是春节了人员流动量比较大大家出门请戴口罩七步洗手法勤洗手这段时间尽量少到人流多的地方去一定要注意防范！ 2驻马店 ​
元気小赵在线冲浪,2020年01月20日,0,0,0,//weibo.com/5859959107/Iqptir4On?refer_flag=1001030103_,可怕的要命 大家都要带口罩啊！
小_能手西,2020年01月20日,0,0,0,//weibo.com/2565541364/Iqptir4PD?refer_flag=1001030103_,//@都好说但是要先给钱:学会照顾自己与他人生命健康，新年望大家都平安健康
小宝瞳瞳,2020年01月20日,0,0,0,//weibo.com/2794372045/Iqptir4WN?refer_flag=1001030103_,转发微博
-给花怜递得子丸,2020年01月20日,0,0,0,//weibo.com/2864626993/Iqpti8i4d?refer_flag=1001030103_,转发微博
IbinLynn,2020年01月20日,0,0,0,//weibo.com/1523717920/Iqpti8kyt?refer_flag=1001030103_,//@李静睿的昨日世界:转发微博
嗨是我是我是我呀,2020年01月20日,0,0,0,//weibo.com/1114537815/Iqpti9nLN?refer_flag=1001030103_,转发微博
我会旺我一定会旺,2020年01月20日,0,0,0,//weibo.com/2031259365/Iqptib282?refer_flag=1001030103_,//@新年一定好运-:转发微博
不想上班好累好累的,2020年01月20日,0,0,0,//weibo.com/5634734703/Iqpthzi8d?refer_flag=1001030103_,😷
juicyjuicyuu,2020年01月20日,0,0,0,//weibo.com/2843575544/IqpthzhPZ?refer_flag=1001030103_,所以朋友听指令:必须注意卫生!!!
木木AAAAA,2020年01月20日,0,0,0,//weibo.com/1826908370/IqpthzhnY?refer_flag=1001030103_,转发微博
顺反子Cistron,2020年01月20日,1,0,0,//weibo.com/2339297290/IqpthxHOR?refer_flag=1001030103_,转发微博
海Y清,2020年01月20日,0,0,0,//weibo.com/1974633625/IqpthhDO1?refer_flag=1001030103_,新型冠状病毒跟SARS病毒相比，有点儿弱！
骑马倚斜楼,2020年01月20日,0,0,0,//weibo.com/6453182337/Iqpthg0GH?refer_flag=1001030103_,转发微博
阿荒不慌,2020年01月20日,0,0,0,//weibo.com/5601493779/IqptgFWcG?refer_flag=1001030103_,转发微博
奶莎星冰乐,2020年01月20日,0,0,0,//weibo.com/5642833994/IqptgC98G?refer_flag=1001030103_,平安过年呀！🙏🙏🙏
Dopamine_-,2020年01月20日,0,0,0,//weibo.com/5199439722/IqptgCaen?refer_flag=1001030103_,转发微博
什么封,2020年01月20日,0,0,0,//weibo.com/2728112795/IqptgCbnz?refer_flag=1001030103_,乖乖戴口罩吧
莽牙,2020年01月20日,2,0,0,//weibo.com/6265154547/IqptgCcgc?refer_flag=1001030103_,确认人传人，目前传染情况还在爬坡⚠️
只会嘴上说爱我就是不给我打钱,2020年01月20日,0,0,0,//weibo.com/2074081247/IqptgDe35?refer_flag=1001030103_,//@周思CIO:医生们忙着杀病毒，病毒们忙着杀病人，病人家属忙着杀…… #境内确诊217例新型冠状病毒肺炎病例#
阿门_门门门门,2020年01月20日,0,0,0,//weibo.com/2171896470/IqptgDeAp?refer_flag=1001030103_,//@严锋://@芳草碧连天VVV:钟南山访问要点记录： 1、确认可以人传人，基于武汉和广东案例。 2、有医务人员被传染。 3、源头目前不清楚，但可能是竹鼠、獾这种野生动物（尽量别去碰野味）。 4、如无必要，近期不要去武汉。 5、有发热及时就医。 6、买不到N95，普通口罩也可以起到阻止飞沫传播的作用
初雪pretty,2020年01月20日,0,0,0,//weibo.com/3904833184/IqptglAKs?refer_flag=1001030103_,转发微博
2021我会幸福的,2020年01月20日,0,0,0,//weibo.com/5628414855/IqptgmEcA?refer_flag=1001030103_,转发微博
草莓牛奶味的大叔,2020年01月20日,0,0,0,//weibo.com/1278656005/IqptgmElj?refer_flag=1001030103_,转发微博
嘟噜17331,2020年01月20日,0,0,0,//weibo.com/5705861586/IqptgmECj?refer_flag=1001030103_,钟老挂帅//@互联网俊明说:大家注意安全，保护好自己。记得戴口罩，勤洗手！
薯襄门地,2020年01月20日,0,0,0,//weibo.com/2859294773/IqptgodcB?refer_flag=1001030103_,【#境内确诊217例新型冠状病毒肺炎病例#】截至今日18时，我国境内累计报告新型冠状病毒感染的肺炎病例224例，其中确诊病例217例（武汉198例，北京5例，广东14例）；疑似病例7例（四川2例，云南1例，上海2例，广西壮族自治区1例，山东1例）。日本通报确诊病例1例，泰国通报确诊病例2例，韩国通报确诊病例1例。L央视新闻的微博视频 2许昌·襄城县 
巴黎新日落,2020年01月20日,0,0,0,//weibo.com/3300356295/Iqptgodnu?refer_flag=1001030103_,转发微博
MNzd_Mz,2020年01月20日,0,0,0,//weibo.com/6039554437/Iqptgoehv?refer_flag=1001030103_,//@LC_Jellyfish:而且钟院士说，虽然人传人，但是普通口罩就差不多能隔离飞沫。而且目前的毒性没有那么强。该注意要注意，但不要恐慌。有钟院士坐镇，还是非常有安全感的。//@酒米漾尔:直播中钟院士建议：  1戴口罩 2非必要情况不去武汉。
学霸菇慧慧,2020年01月20日,0,0,0,//weibo.com/5920032504/Iqptg3UK7?refer_flag=1001030103_,转发微博
1717清歌牧昭昭,2020年01月20日,0,0,0,//weibo.com/5788632682/Iqptg3Uak?refer_flag=1001030103_,瞎几把吃你妹的野味真是嘴贱
网梦网科技1,2020年01月20日,0,0,0,//weibo.com/5882288796/Iqptg3Vh1?refer_flag=1001030103_,//@老怪中国blog:平安回家！#上海确诊首例新型冠状病毒感染肺炎# #新型冠状病毒传染来源还未找到#
茉莉院窗画,2020年01月20日,0,0,0,//weibo.com/2303885973/Iqptg6ycJ?refer_flag=1001030103_,//@辣条娘:确认人传人。大家注意防护//@四镰://@秋田六千://@纯良英俊的笑了笑:⚠️//@这是一个很高冷的ID:一定要注意啊//@月亮与八芝士:注意戴口罩真的//@205号居民:大家请一定要做好个人防护 //@不吃菜XBS:一定要注意😷
lishaaaaw,2020年01月20日,0,0,0,//weibo.com/2855094560/Iqptg6zIH?refer_flag=1001030103_,转发微博
我一定会踏着七彩祥云去接你,2020年01月20日,120,38,0,//weibo.com/6013507301/IqptftkFI?refer_flag=1001030103_,#钟南山肯定新型冠状病毒肺炎人传人#出现任何传染性疾病都应该得到重视，我在湖北的同学昨天在群里说没啥不同，好像现在就我们外省人干着急。。。。。。 ​
青弦墨韵201202,2020年01月20日,0,0,0,//weibo.com/6347146428/IqptftjIN?refer_flag=1001030103_,转发微博
乐职的一朵小红花,2020年01月20日,0,0,0,//weibo.com/6307094462/IqptfraWX?refer_flag=1001030103_,转发微博
吹灰不费艳与天齐,2020年01月20日,0,1,0,//weibo.com/5316741806/Iqptf9vWF?refer_flag=1001030103_,#境内确诊217例新型冠状病毒肺炎病例#那些个趁机地域黑的可给👴🏻闭嘴吧 ​
轻氧预备Angela,2020年01月20日,0,0,0,//weibo.com/2863619754/Iqptf9wm4?refer_flag=1001030103_,🥭   如果你想要年轻焕发   想要年龄成迷 想要补充多种维生素   如果你不坚持运动 戒不了完全不吃甜食   那么我建议你可以试试小白包#境内确诊217例新型冠状病毒肺炎病例##宋丹丹最后一次上春晚# 2寿光市 ​
田野绿叶叶,2020年01月20日,0,0,0,//weibo.com/6318422435/Iqptfaypn?refer_flag=1001030103_,【钟南山：新型肺炎有人传人现象】钟南山：根据目前的资料，新型冠状病毒肺炎是肯定的人传人，在广东有2个病例，没去过武汉，但家人去了武汉后染上了新型冠状病毒肺炎，现在可以说，肯定的，有人传人现象。 ​​​​@QQ浏览器 O【钟南山：新型肺炎有人传人现象】钟南山：根据目前的资料，新型冠状病毒肺炎是肯定的人传人，在广东有2个病例，没去过武汉，但家人去了武汉后染上了新型冠状病毒肺炎，现在可以说，肯定的，有人传人现象。 ​​​​ ​
只搞傻白甜,2020年01月20日,0,0,0,//weibo.com/6636757128/IqptfbDB2?refer_flag=1001030103_,//@新浪视频:扩散！#一图看懂新型冠状病毒肺炎#
Crepuscule吱,2020年01月20日,3,0,0,//weibo.com/2094663970/IqptexPGm?refer_flag=1001030103_,//@Tiger公子://@回忆专用小马甲:大家注意安全🙏🏻
欧气满满的小小梦,2020年01月20日,0,0,0,//weibo.com/6469244488/IqptezX6k?refer_flag=1001030103_,转发微博
yangyangqwq_,2020年01月20日,0,0,0,//weibo.com/6894321786/IqptezXjY?refer_flag=1001030103_,转发微博
宝宝大人有个猪猪胃,2020年01月20日,0,0,0,//weibo.com/7273692890/IqptezXqW?refer_flag=1001030103_,转发微博
下一次微笑ella,2020年01月20日,0,0,0,//weibo.com/1073165741/IqpteBtlW?refer_flag=1001030103_,人传人？
属于硕的丹,2020年01月20日,0,0,0,//weibo.com/3675496952/IqpteBtpF?refer_flag=1001030103_,转发微博
南方姑娘Yaner,2020年01月20日,0,0,0,//weibo.com/5266792836/IqpteBtLU?refer_flag=1001030103_,
Lucia阿鹿,2020年01月20日,0,0,0,//weibo.com/5725390221/IqpteBuCW?refer_flag=1001030103_,转发微博
摸摸兔耳酱,2020年01月20日,1,0,0,//weibo.com/3940868606/IqpteBvWC?refer_flag=1001030103_,囧了//@沒有陳紅看就要窒息了的nanako:我真的求求那些不要命还非要吃野味的人了……妳们自己吃死了也就算了，全国那么多人凭什么要为你们几个恶臭的人买单？别人的命就不是命了？求国家立法吧，禁止实用捕杀野生动物了
南昌校园,2020年01月20日,1,0,0,//weibo.com/1948656940/IqpteBwbR?refer_flag=1001030103_,【转发收藏！#一分钟科普冠状病毒#，做好这些预防措施不必惊慌】近期武汉地区肺炎频受关注。该类肺炎病原体初步判定为新型冠状病毒，冠状病毒颗粒就像一顶帝王的皇冠，因此得名“冠状病毒”。那么什么是冠状病毒呢？它有什么特点？应该如何预防？在流感高发季，做好这些日常防护措施不惊慌。  ​  展开全文c
ccceisuki,2020年01月20日,0,0,0,//weibo.com/6413419317/Iqpte1IxH?refer_flag=1001030103_,转发
小也Mint,2020年01月20日,0,0,0,//weibo.com/1807632271/Iqpte27YJ?refer_flag=1001030103_,可是看症状也就是重感冒或者流感……？目前死亡那几例也都是有基础疾病/高龄/肥胖吧？看症状感觉不是很厉害的样子啊……
我咋还在逛微博,2020年01月20日,0,0,0,//weibo.com/6280598122/Iqpte283R?refer_flag=1001030103_,转发微博
瘦尽灯花又一宵lose,2020年01月20日,0,0,0,//weibo.com/5983478403/Iqptdq0CS?refer_flag=1001030103_,//@大道有形V:钟老的意思是目前还不强，但必须尽快控制，否则随着感染传播，病毒还会进化。传播力和毒性都可能随着传播换代突变变强。
起个啥名字哈哈,2020年01月20日,0,0,0,//weibo.com/6235318639/IqptdoXXV?refer_flag=1001030103_,转发微博
m糸渡x,2020年01月20日,0,0,0,//weibo.com/6395189044/IqptdoXMd?refer_flag=1001030103_,转发微博
李恍恍你清醒一点,2020年01月20日,0,0,0,//weibo.com/1992491707/Iqptd8no2?refer_flag=1001030103_,转发微博
西甜西甜2011,2020年01月20日,0,0,0,//weibo.com/2263609680/Iqptd8mrE?refer_flag=1001030103_,早上打扫卫生三个点，晚上打扫四个点，这一天很充实。睡前希望新型冠状病毒尽快得到控制！ ​
倩倩会发光-,2020年01月20日,0,2,0,//weibo.com/3011449153/Iqptd8m2i?refer_flag=1001030103_,前几天一直担心#浙江高考# 选考成绩 这两天病毒又成为浙江的不速之客 今天恨不得洗一万遍的手 唉……亲友们一定都没事的！据说1.23 出选考成绩 大年二十九 希望成绩优异 病毒远离。#境内确诊217例新型冠状病毒肺炎病例# ​
云朵2405208395,2020年01月20日,0,0,0,//weibo.com/2405208395/Iqptd8kzt?refer_flag=1001030103_,转发微博
SilveySoo,2020年01月20日,0,0,0,//weibo.com/2239876341/IqptJlp0R?refer_flag=1001030103_,转发微博
不会秃头的Glenda,2020年01月20日,0,0,0,//weibo.com/5985338063/IqptJlpzR?refer_flag=1001030103_,转发微博
CarpeDiemMJ,2020年01月20日,2,0,0,//weibo.com/5401373471/IqptJhW64?refer_flag=1001030103_,//@Matsumachiko://@朵Mochi:转发微博
流氓兔爱你,2020年01月20日,0,0,0,//weibo.com/3125319073/IqptJj3wV?refer_flag=1001030103_,。。
Kkris_kz,2020年01月20日,0,0,0,//weibo.com/5136558678/IqptJj5kT?refer_flag=1001030103_,平平安安平平安安
追剧小樱桃xyt,2020年01月20日,0,0,0,//weibo.com/7304018958/IqptJknCP?refer_flag=1001030103_,大家去公共场合千万注意安全
白痴痴痴II,2020年01月20日,0,0,0,//weibo.com/6311929759/IqptJkoCD?refer_flag=1001030103_,转发微博
关伯兰在微笑,2020年01月20日,0,0,0,//weibo.com/5238877618/IqptJkodW?refer_flag=1001030103_,转发微博
SilveySoo,2020年01月20日,0,0,0,//weibo.com/2239876341/IqptJlp0R?refer_flag=1001030103_,转发微博
不会秃头的Glenda,2020年01月20日,0,0,0,//weibo.com/5985338063/IqptJlpzR?refer_flag=1001030103_,转发微博
CarpeDiemMJ,2020年01月20日,2,0,0,//weibo.com/5401373471/IqptJhW64?refer_flag=1001030103_,//@Matsumachiko://@朵Mochi:转发微博
流氓兔爱你,2020年01月20日,0,0,0,//weibo.com/3125319073/IqptJj3wV?refer_flag=1001030103_,。。
Kkris_kz,2020年01月20日,0,0,0,//weibo.com/5136558678/IqptJj5kT?refer_flag=1001030103_,平平安安平平安安
追剧小樱桃xyt,2020年01月20日,0,0,0,//weibo.com/7304018958/IqptJknCP?refer_flag=1001030103_,大家去公共场合千万注意安全
白痴痴痴II,2020年01月20日,0,0,0,//weibo.com/6311929759/IqptJkoCD?refer_flag=1001030103_,转发微博
关伯兰在微笑,2020年01月20日,0,0,0,//weibo.com/5238877618/IqptJkodW?refer_flag=1001030103_,转发微博
SilveySoo,2020年01月20日,0,0,0,//weibo.com/2239876341/IqptJlp0R?refer_flag=1001030103_,转发微博
不会秃头的Glenda,2020年01月20日,0,0,0,//weibo.com/5985338063/IqptJlpzR?refer_flag=1001030103_,转发微博
CarpeDiemMJ,2020年01月20日,2,0,0,//weibo.com/5401373471/IqptJhW64?refer_flag=1001030103_,//@Matsumachiko://@朵Mochi:转发微博
流氓兔爱你,2020年01月20日,0,0,0,//weibo.com/3125319073/IqptJj3wV?refer_flag=1001030103_,。。
Kkris_kz,2020年01月20日,0,0,0,//weibo.com/5136558678/IqptJj5kT?refer_flag=1001030103_,平平安安平平安安
追剧小樱桃xyt,2020年01月20日,0,0,0,//weibo.com/7304018958/IqptJknCP?refer_flag=1001030103_,大家去公共场合千万注意安全
白痴痴痴II,2020年01月20日,0,0,0,//weibo.com/6311929759/IqptJkoCD?refer_flag=1001030103_,转发微博
关伯兰在微笑,2020年01月20日,0,0,0,//weibo.com/5238877618/IqptJkodW?refer_flag=1001030103_,转发微博
SilveySoo,2020年01月20日,0,0,0,//weibo.com/2239876341/IqptJlp0R?refer_flag=1001030103_,转发微博
不会秃头的Glenda,2020年01月20日,0,0,0,//weibo.com/5985338063/IqptJlpzR?refer_flag=1001030103_,转发微博
CarpeDiemMJ,2020年01月20日,2,0,0,//weibo.com/5401373471/IqptJhW64?refer_flag=1001030103_,//@Matsumachiko://@朵Mochi:转发微博
流氓兔爱你,2020年01月20日,0,0,0,//weibo.com/3125319073/IqptJj3wV?refer_flag=1001030103_,。。
Kkris_kz,2020年01月20日,0,0,0,//weibo.com/5136558678/IqptJj5kT?refer_flag=1001030103_,平平安安平平安安
追剧小樱桃xyt,2020年01月20日,0,0,0,//weibo.com/7304018958/IqptJknCP?refer_flag=1001030103_,大家去公共场合千万注意安全
白痴痴痴II,2020年01月20日,0,0,0,//weibo.com/6311929759/IqptJkoCD?refer_flag=1001030103_,转发微博
关伯兰在微笑,2020年01月20日,0,0,0,//weibo.com/5238877618/IqptJkodW?refer_flag=1001030103_,转发微博
西部老齐,2020年01月20日,0,0,0,//weibo.com/1954915042/IqptHeDhl?refer_flag=1001030103_,【#境内确诊217例新型冠状病毒肺炎病例#山东出现一例疑似病例！】截至今日18时，我国境内累计报告新型冠状病毒感染的肺炎病例224例，其中确诊病例217例（武汉198例，北京5例，广东14例）；疑似病例7例（四川2例，云南1例，上海2例，广西壮族自治区1例，山东1例）。日本通报确诊病例1例，泰国通报确诊病例2例，韩国通报确诊病例1例。 L烟台日报传媒集团的微博视频 
网络李捕头,2020年01月20日,0,0,0,//weibo.com/1909630683/IqpttD3jJ?refer_flag=1001030103_,【转发收藏！#一分钟科普冠状病毒#，做好这些预防措施不必惊慌】近期武汉地区肺炎频受关注。该类肺炎病原体初步判定为新型冠状病毒，冠状病毒颗粒就像一顶帝王的皇冠，因此得名“冠状病毒”。那么什么是冠状病毒呢？它有什么特点？应该如何预防？在流感高发季，做好这些日常防护措施不惊慌。 L一手video的秒拍视频 
汲宁邓技,2020年01月20日,0,0,0,//weibo.com/6664938182/Iqptsdnnk?refer_flag=1001030103_,#境内确诊217例新型冠状病毒肺炎病例# 今天过年要去婆婆家过年，儿子都三岁了，之前太小，一直没去，今年大点了，准备带回去，结果爆发肺炎，有点慌，毕竟要做高铁，虽然我们这还没出现疑似或确诊病例但是作为孩子的家长，实在是太担心孩子了，本身我就不喜欢去婆婆家，我妈和我老公都觉得没有事，我一  展开全文c 
成华残联,2020年01月20日,1,0,0,//weibo.com/3243469590/IqptqFgCa?refer_flag=1001030103_,#境内确诊217例新型冠状病毒肺炎病例#【转发收藏！，做好这些预防措施不必惊慌】近期武汉地区肺炎频受关注。该类肺炎病原体初步判定为新型冠状病毒，冠状病毒颗粒就像一顶帝王的皇冠，因此得名“冠状病毒”。那么什么是冠状病毒呢？它有什么特点？应该如何预防？在流感高发季，做好这些日常防护措施不惊慌。L一手video的秒拍视频 
不为爱所困要为爱而生,2020年01月20日,0,0,0,//weibo.com/3568281814/Iqptq8SPC?refer_flag=1001030103_,疫情的变化太快。武汉在1月17日的时候，新增新型冠状病毒肺炎病例只有17例。1月18日武汉就新增59例，1月19日则新增了77例，两天就出现了136例，武汉确诊病例已经到达了198例，其中9人危重，3人死亡。从1月19日开始，截止1月20日18时，在更多地方发现了新病毒肺炎患者，累计新型病毒肺炎病例224例，确认217例，疑似7例。北京确诊5例，广东确诊14例。疑似病例中，四川2例，云南1例，上海2例，广西1例，山东1例。根据新华社的权威发布，病毒确定已经蔓延到其他省份，加上春运人流大潮，疫情控制难度将会变大。 2银川·阅海万家 
薯襄门地,2020年01月20日,0,0,0,//weibo.com/2859294773/IqptgodcB?refer_flag=1001030103_,【#境内确诊217例新型冠状病毒肺炎病例#】截至今日18时，我国境内累计报告新型冠状病毒感染的肺炎病例224例，其中确诊病例217例（武汉198例，北京5例，广东14例）；疑似病例7例（四川2例，云南1例，上海2例，广西壮族自治区1例，山东1例）。日本通报确诊病例1例，泰国通报确诊病例2例，韩国通报确诊病例1例。L央视新闻的微博视频 2许昌·襄城县 
MonsieurGabriel,2020年01月20日,0,0,0,//weibo.com/6033593295/Iqptg6ydL?refer_flag=1001030103_,Questions. 专家说新型冠状病毒有人传人现象，同时专家也说病毒源来自野味。等式为吃野味=人感染病毒=人传人。但这等式有问题？是不是野味=传人？如果不是，为什么吃了会感染？如果不是，为什么就不感染？难道这病毒是针对吃货定制的？还有，难道这野味之前不吃刚开始去吃么？还有，任何病毒的变异过程都有一个过程，为什么这个一出现就是定义为变异的？什么的变异？Sars的？哪点和Sars有关？专家似乎都喜欢讲一点，其余留给患病人士自己去感受么？ 
南昌校园,2020年01月20日,1,0,0,//weibo.com/1948656940/IqpteBwbR?refer_flag=1001030103_,【转发收藏！#一分钟科普冠状病毒#，做好这些预防措施不必惊慌】近期武汉地区肺炎频受关注。该类肺炎病原体初步判定为新型冠状病毒，冠状病毒颗粒就像一顶帝王的皇冠，因此得名“冠状病毒”。那么什么是冠状病毒呢？它有什么特点？应该如何预防？在流感高发季，做好这些日常防护措施不惊慌。 L一手video的秒拍视频 
牛家旦旦,2020年01月20日,0,0,0,//weibo.com/6284465054/Iqpte0Cve?refer_flag=1001030103_,#境内确诊217例新型冠状病毒肺炎病例#心理学有个名词叫“锚定效应”，指的是人们在对某人某事做出判断时，易受第一印象或第一信息支配，就像沉入海底的锚一样把人们的思想固定在某处。当我走在路上开始看到有人打喷嚏时，就怕得不行，然后诡异的事情发生了……不时有人路过的时候猝不及防打喷嚏还不捂，路上整个脑子都被这个消息支配，我还是待家里吧。。 
第一新闻,2020年01月20日,2,2,0,//weibo.com/1909377960/IqptdFy6s?refer_flag=1001030103_,#武汉机场火车站检测体温#湖北武汉新增新型冠状病毒肺炎17例。19日，湖北省卫健委称，武汉机场、铁路、公路等多地开始对人群进行体温检测。武汉12306热线表示，旅客进站会有热敏仪器对体温进行检测。截至1月17日24时，武汉累计报告新型冠状病毒感染的肺炎病例62例 ​。 L紧急呼叫的秒拍视频 ​ ​​​#境内确诊217例新型冠状病毒肺炎病例# 
一閃棟人心,2020年01月20日,0,0,0,//weibo.com/2137306725/Iqptb3Wob?refer_flag=1001030103_,【转发收藏！#一分钟科普冠状病毒#，做好这些预防措施不必惊慌】近期武汉地区肺炎频受关注。该类肺炎病原体初步判定为新型冠状病毒，冠状病毒颗粒就像一顶帝王的皇冠，因此得名“冠状病毒”。那么什么是冠状病毒呢？它有什么特点？应该如何预防？在流感高发季，做好这些日常防护措施不惊慌。@一手Video L一手video的秒拍视频 
靳嵇页,2020年01月20日,0,0,0,//weibo.com/6838732288/Iqpt8ErZf?refer_flag=1001030103_,#境内确诊217例新型冠状病毒肺炎病例#2019年6月，中央美术学院的小羊等9名学生实名举报导师姚舜熙性骚扰。她们被多次索贿、强制陪酒、摸屁股袭胸。她们被导师拿学业施压，威胁“想读我的研就别找男朋友”。她们不敢独处，不敢脱下厚厚的牛仔裤。从落荒而逃到忍气吞声再到勇敢说NO，身心煎熬的小羊选  展开全文c 
武汉校园,2020年01月20日,1,1,0,//weibo.com/2003231015/Iqpt7cQHm?refer_flag=1001030103_,【转发收藏！#一分钟科普冠状病毒#，做好这些预防措施不必惊慌】近期武汉地区肺炎频受关注。该类肺炎病原体初步判定为新型冠状病毒，冠状病毒颗粒就像一顶帝王的皇冠，因此得名“冠状病毒”。那么什么是冠状病毒呢？它有什么特点？应该如何预防？在流感高发季，做好这些日常防护措施不惊慌。 L一手video的秒拍视频 
紧急呼叫,2020年01月20日,66,115,0,//weibo.com/1951123110/IqpsUuvgx?refer_flag=1001030103_,【#新型肺炎患者治愈出院后无异常#】武汉#新型冠状病毒肺炎#事件引关注。据武汉卫健委通报，截至19日22时，武汉市已治愈出院25例。1月20日，武汉市民黄女士对@紧急呼叫 表示，其40多岁的丈夫系已治愈出院患者。起初她很紧张，后来看到丈夫逐渐好转后变得安心，“这个病还是可治的”。@新京报我们视频 L紧急呼叫的秒拍视频 
SilveySoo,2020年01月20日,0,0,0,//weibo.com/2239876341/IqptJlp0R?refer_flag=1001030103_,转发微博
不会秃头的Glenda,2020年01月20日,0,0,0,//weibo.com/5985338063/IqptJlpzR?refer_flag=1001030103_,转发微博
CarpeDiemMJ,2020年01月20日,2,0,0,//weibo.com/5401373471/IqptJhW64?refer_flag=1001030103_,//@Matsumachiko://@朵Mochi:转发微博
流氓兔爱你,2020年01月20日,0,0,0,//weibo.com/3125319073/IqptJj3wV?refer_flag=1001030103_,。。
Kkris_kz,2020年01月20日,0,0,0,//weibo.com/5136558678/IqptJj5kT?refer_flag=1001030103_,平平安安平平安安
追剧小樱桃xyt,2020年01月20日,0,0,0,//weibo.com/7304018958/IqptJknCP?refer_flag=1001030103_,大家去公共场合千万注意安全
白痴痴痴II,2020年01月20日,0,0,0,//weibo.com/6311929759/IqptJkoCD?refer_flag=1001030103_,转发微博
关伯兰在微笑,2020年01月20日,0,0,0,//weibo.com/5238877618/IqptJkodW?refer_flag=1001030103_,转发微博
SilveySoo,2020年01月20日,0,0,0,//weibo.com/2239876341/IqptJlp0R?refer_flag=1001030103_,转发微博
不会秃头的Glenda,2020年01月20日,0,0,0,//weibo.com/5985338063/IqptJlpzR?refer_flag=1001030103_,转发微博
CarpeDiemMJ,2020年01月20日,2,0,0,//weibo.com/5401373471/IqptJhW64?refer_flag=1001030103_,//@Matsumachiko://@朵Mochi:转发微博
流氓兔爱你,2020年01月20日,0,0,0,//weibo.com/3125319073/IqptJj3wV?refer_flag=1001030103_,。。
Kkris_kz,2020年01月20日,0,0,0,//weibo.com/5136558678/IqptJj5kT?refer_flag=1001030103_,平平安安平平安安
追剧小樱桃xyt,2020年01月20日,0,0,0,//weibo.com/7304018958/IqptJknCP?refer_flag=1001030103_,大家去公共场合千万注意安全
白痴痴痴II,2020年01月20日,0,0,0,//weibo.com/6311929759/IqptJkoCD?refer_flag=1001030103_,转发微博
关伯兰在微笑,2020年01月20日,0,0,0,//weibo.com/5238877618/IqptJkodW?refer_flag=1001030103_,转发微博
SilveySoo,2020年01月20日,0,0,0,//weibo.com/2239876341/IqptJlp0R?refer_flag=1001030103_,转发微博
不会秃头的Glenda,2020年01月20日,0,0,0,//weibo.com/5985338063/IqptJlpzR?refer_flag=1001030103_,转发微博
CarpeDiemMJ,2020年01月20日,2,0,0,//weibo.com/5401373471/IqptJhW64?refer_flag=1001030103_,//@Matsumachiko://@朵Mochi:转发微博
流氓兔爱你,2020年01月20日,0,0,0,//weibo.com/3125319073/IqptJj3wV?refer_flag=1001030103_,。。
Kkris_kz,2020年01月20日,0,0,0,//weibo.com/5136558678/IqptJj5kT?refer_flag=1001030103_,平平安安平平安安
追剧小樱桃xyt,2020年01月20日,0,0,0,//weibo.com/7304018958/IqptJknCP?refer_flag=1001030103_,大家去公共场合千万注意安全
白痴痴痴II,2020年01月20日,0,0,0,//weibo.com/6311929759/IqptJkoCD?refer_flag=1001030103_,转发微博
关伯兰在微笑,2020年01月20日,0,0,0,//weibo.com/5238877618/IqptJkodW?refer_flag=1001030103_,转发微博
SilveySoo,2020年01月20日,0,0,0,//weibo.com/2239876341/IqptJlp0R?refer_flag=1001030103_,转发微博
不会秃头的Glenda,2020年01月20日,0,0,0,//weibo.com/5985338063/IqptJlpzR?refer_flag=1001030103_,转发微博
CarpeDiemMJ,2020年01月20日,2,0,0,//weibo.com/5401373471/IqptJhW64?refer_flag=1001030103_,//@Matsumachiko://@朵Mochi:转发微博
流氓兔爱你,2020年01月20日,0,0,0,//weibo.com/3125319073/IqptJj3wV?refer_flag=1001030103_,。。
Kkris_kz,2020年01月20日,0,0,0,//weibo.com/5136558678/IqptJj5kT?refer_flag=1001030103_,平平安安平平安安
追剧小樱桃xyt,2020年01月20日,0,0,0,//weibo.com/7304018958/IqptJknCP?refer_flag=1001030103_,大家去公共场合千万注意安全
白痴痴痴II,2020年01月20日,0,0,0,//weibo.com/6311929759/IqptJkoCD?refer_flag=1001030103_,转发微博
关伯兰在微笑,2020年01月20日,0,0,0,//weibo.com/5238877618/IqptJkodW?refer_flag=1001030103_,转发微博
SilveySoo,2020年01月20日,0,0,0,//weibo.com/2239876341/IqptJlp0R?refer_flag=1001030103_,转发微博
不会秃头的Glenda,2020年01月20日,0,0,0,//weibo.com/5985338063/IqptJlpzR?refer_flag=1001030103_,转发微博
CarpeDiemMJ,2020年01月20日,2,0,0,//weibo.com/5401373471/IqptJhW64?refer_flag=1001030103_,//@Matsumachiko://@朵Mochi:转发微博
流氓兔爱你,2020年01月20日,0,0,0,//weibo.com/3125319073/IqptJj3wV?refer_flag=1001030103_,。。
Kkris_kz,2020年01月20日,0,0,0,//weibo.com/5136558678/IqptJj5kT?refer_flag=1001030103_,平平安安平平安安
追剧小樱桃xyt,2020年01月20日,0,0,0,//weibo.com/7304018958/IqptJknCP?refer_flag=1001030103_,大家去公共场合千万注意安全
白痴痴痴II,2020年01月20日,0,0,0,//weibo.com/6311929759/IqptJkoCD?refer_flag=1001030103_,转发微博
关伯兰在微笑,2020年01月20日,0,0,0,//weibo.com/5238877618/IqptJkodW?refer_flag=1001030103_,转发微博
