金刚降魔洲,2020年01月22日,0,0,0,//weibo.com/7172177320/IqIkAqtJo?refer_flag=1001030103_,近日来，新型冠状病毒在武沒等城市侍播，很多人的健康受到威肋。今天我在这里给你们介绍一个除掉所有病痛的加持心咒，望大家多多转发，让更多人解脱出轮回病痛的苦海。Oནད་ངན་བཟློག་པའི་ཟབ་ཆོས་ཁྱད་པར་ཅན། 雄猛莲师金刚甲刃——仅念即成 2武汉·武汉光谷金盾大酒店 ​
旧时K旧梦,2020年01月22日,0,0,0,//weibo.com/7069773383/IqIkAb072?refer_flag=1001030103_,转发微博
暴暴就是暴暴,2020年01月22日,0,0,0,//weibo.com/1892339440/IqIkA8N84?refer_flag=1001030103_,转发
糊糊涂涂社会主义接班人,2020年01月22日,0,0,0,//weibo.com/1806449977/IqIkA9CS3?refer_flag=1001030103_,转发微博
wo奋斗的小青年,2020年01月22日,0,0,0,//weibo.com/7247040005/IqIkAaYaL?refer_flag=1001030103_,希望一切都会好起来🙏🙏#新型冠状病毒怕酒精不耐高温# ​
用户7274798285,2020年01月22日,0,0,0,//weibo.com/7274798285/IqIkA9DGe?refer_flag=1001030103_,钟南山：新型冠状病毒感染的肺炎疫情防控需防止出现超级传播者2020-01-21 22:44:23 来源： 新华网关注新华网微信微博Qzone　　新华社广州1月21日电（记者马晓澄、周颖）中国工程院院士钟南山在广东省政府21日召开的新闻发布会上表示，对新型冠状病毒感染的肺炎疫情防控，需要防止病毒的超级传播者出现。一旦发现，就需要有更严格的隔离措施。　　钟南山在发布会上表示，SARS疫情后面的发展，就是因为当时没有很好控制传播。之所以会出现超级传播者，就是听任传播一直发展，使得病毒可以不断变异和适应人体。　　他说：“现在已经知道它出现人传人了，那对患者的严格隔离，对紧密接触者的密切追踪，这个恐怕是最重要的。假如这一环节把它抓住了而没有任它发展，我不太相信以后会像SARS一样充分发展。”　　他还表示，过去SARS疫情，要传给了很多人才知道谁是超级传播者。但现在对重症病人，医生已经开始有一些办法，比如不断监测病人下呼吸道的病毒负荷，假如病毒负荷高，有可能病人传染性就比较高，这个技术可以做到了。所以加强研究，这方面我们能够早期地发现。　　钟南山说，对超级传播者，首先是不让它产生。对病人一发现就立即采取积极措施，这样可以切断环节，也可以减少超级传播者的出现。一旦发现有超级传播者，我们需要更加严格的隔离，以及特殊的医疗处理和照顾。　　他说，从临床的角度，把防控战略前移，这是最明智的、最有效的办法，因为到现在为止，新型冠状病毒还没有针对性的有效的治疗药物。　　广东省疾病预防控制中心副主任何剑峰表示，当前广东新型冠状病毒感染的肺炎防控形势是比较严峻的，社区传播的风险是存在的。同时，广东经历过非典型性肺炎（SARS）、中东呼吸综合征（MERS）等疫情，整个防控系统和监测保持了高水平运转，有完整的监控体系和应急体系，在人员、技术、装备等方面都是常态化运作。　　何剑峰表示，随着春节的临近，广东预判春节前后输入性病例肯定会有，尤其是春节前，随着一些群众从武汉过来广东过年，输入性风险不可避免。过年后，由于人员流动，广东的风险会持续加大。随着疫情发展，广东将尽可能避免危重病例和死亡病例。预判以家庭为聚集的小范围传播会越来越多，但是社区大规模爆发的风险是不高的。 
黑桃乐_,2020年01月22日,0,0,0,//weibo.com/5197260209/IqIkAbTYN?refer_flag=1001030103_,转发微博
zwpfish,2020年01月22日,0,0,0,//weibo.com/1830275001/IqIkzzgBq?refer_flag=1001030103_,//@圈少爷:急转，大家注意！
罗罗滴,2020年01月22日,0,0,0,//weibo.com/2635579752/IqIkzxSFX?refer_flag=1001030103_,@第一Mister
桜茜茜CC,2020年01月22日,0,0,0,//weibo.com/1825665431/IqIkzx75j?refer_flag=1001030103_,//@秀嫣龙浅://@飞羽笙://@与天仙红尘作伴 :转发微博
番艹艹加,2020年01月22日,0,0,0,//weibo.com/2063321511/IqIkym2aO?refer_flag=1001030103_,//@江宁婆婆:便携式酒精免洗洗手液或者酒精棉片（只要酒精浓度够没差别）和外科口罩。
西昌学院官方微博,2020年01月22日,1,0,0,//weibo.com/1850934470/IqIkymQdO?refer_flag=1001030103_,我发表了头条文章:《扩散周知！盘点新型冠状病毒知识，我们重视，我们防控，我们不恐慌…》 O扩散周知！盘点新型冠状病毒知识，我们重视，我们防控，我们不恐慌… ​
绿绿绿绿绿子Greenjade,2020年01月22日,0,0,0,//weibo.com/1773046480/IqIky7qyQ?refer_flag=1001030103_,我早上刚说完，其实情况不乐观。//@绿绿绿绿绿子greenjade:新型冠状病毒已完成在人体内进化第一步，从现在看来第二步传播力也进化得差不多了，下一步就是进化致死率了吧。🙏
义勇军--鬼谷子,2020年01月22日,7,6,0,//weibo.com/5370547595/IqIky7pv1?refer_flag=1001030103_,卫健委专家：新型冠状病毒惧怕酒精 L卫健委专家：新型冠状病毒惧怕酒精 ​
乡下客,2020年01月22日,0,0,0,//weibo.com/1548067152/IqIky6uS1?refer_flag=1001030103_,#凤凰新闻#分享凤凰新闻：新型冠状病毒肺炎已致湖北17人死亡 O新型冠状病毒肺炎已致湖北17人死亡 来自@凤凰新闻客户端 O网页链接 O新型冠状病毒肺炎已致湖北17人死亡 ​
用户7181050017,2020年01月22日,0,0,0,//weibo.com/7181050017/IqIky5dFf?refer_flag=1001030103_,转发微博
不恰药才萌萌哒,2020年01月22日,0,0,0,//weibo.com/5886034455/IqIky5cUg?refer_flag=1001030103_,转发微博
八桂警方在线,2020年01月22日,2,1,0,//weibo.com/6469491058/IqIky5ajU?refer_flag=1001030103_,【李兰娟院士谈新型冠状病毒：#新型冠状病毒怕酒精不耐高温# 】划重点！李兰娟院士表示：1、冠状病毒“56℃，30分钟，就死亡了。2、乙醚、75%的乙醇、含氯的消毒剂都可以有效地灭活病毒。”3、一定要吃熟的食物，不要吃生的食物。O国家卫健委高级别专家组成员李兰娟院士接受都市快报采访：新型冠状病毒怕酒精不耐高温，目前看致死率比H7N9低，希望不要出现超级传播者  L都市快报的微博视频 ​
克里斯蒂亚诺飓风,2020年01月22日,0,0,0,//weibo.com/2719675307/IqIky59zY?refer_flag=1001030103_,转发微博
琛晨儿_BlingBling,2020年01月22日,0,0,0,//weibo.com/3274905073/IqIkxvKg8?refer_flag=1001030103_,转发微博
狗队大队长,2020年01月22日,0,0,0,//weibo.com/5545421197/IqIkxuOvp?refer_flag=1001030103_,//@圈少爷:急转，大家注意！
SWEETCHARLIECKY,2020年01月22日,0,0,0,//weibo.com/5537377893/IqIkwjLtz?refer_flag=1001030103_,转发微博
z_金二,2020年01月22日,0,0,0,//weibo.com/5163781916/IqIkwjtDD?refer_flag=1001030103_,转发微博
股票用户620575,2020年01月22日,0,1,0,//weibo.com/1336620575/IqIkw45Lz?refer_flag=1001030103_,[转发]又是一年天津市新春晚会，由于今年天津为了防控新型冠状病毒现场直播改成录播，这样也好早早完事回家过年，这次也有幸和12冠王的天津女排全体队员同台，她们可是真高啊 ​
风往北吹61800,2020年01月22日,0,0,0,//weibo.com/7316004129/IqIkw22zF?refer_flag=1001030103_,转发微博
那听歌的小孩,2020年01月22日,0,0,0,//weibo.com/2672194290/IqIkw24Lv?refer_flag=1001030103_,转发微博
武枫扬,2020年01月22日,0,0,0,//weibo.com/1798634141/IqIkvaEq1?refer_flag=1001030103_,武汉新型冠状病毒肺炎防疫全记录（实时更新中）先收藏 O“武汉肺炎”定点医院查询 ​
张家小胖圈,2020年01月22日,0,0,0,//weibo.com/6523499164/IqIkv9MGB?refer_flag=1001030103_,#新型肺炎已致湖北17人死亡# #全国共确诊新型冠状病毒肺炎544例# 在湖北的我瑟瑟发抖挺住啊各地所有的兄弟姐妹们！能不出门就不出门，出门尽量都带口罩防护致敬奋斗一线的人员们辛苦，也保护好自己撑住我相信我们能赢（捡漏抢购了两包口罩6个还要年后才发，太南了）还有那些个最开始是吃野味的出现病毒感染的？！你们真的可bie吃了！！顶你个宝批龙呦愣坑人啊 
混沌的小灵魂,2020年01月22日,0,0,0,//weibo.com/3275656932/IqIkv8ph3?refer_flag=1001030103_,这次的新型冠状病毒真的好严重啊，希望老天能够保佑大家平平安安，顺顺利利，健健康康! ​
清阳曜灵兮和风容与,2020年01月22日,0,0,0,//weibo.com/6869788216/IqIkuwK1l?refer_flag=1001030103_,转发微博
风里飞扬的一棵树,2020年01月22日,0,0,0,//weibo.com/5585655789/IqIkuwJsp?refer_flag=1001030103_,转发微博
沈阳sz1961sy,2020年01月22日,0,0,0,//weibo.com/1402324311/IqIkuyZwS?refer_flag=1001030103_,【郑重承诺！抗击新型冠状病毒肺炎，楚济堂力保供应，不涨价！】，分享给你，一起看吧！ 郑重承诺！抗击新型冠状病毒肺炎，楚济堂力保供应，不涨价！ #四川省首例输入性新型冠状病毒感染肺炎病例##老兽医频道##武汉发现不明原因肺炎##韩国现不明原因肺炎病例##日本确认首例新型冠状病毒病例##泰国发现第二例新型冠状病毒肺炎患者##广东确诊1例新型冠状病毒感染肺炎病例##北京确诊2例新型冠状病毒感染肺炎病例##浙江发现5例武汉来浙发热呼吸道症状患者##台湾确诊首例新型冠状病毒肺炎患者##大连发现1例来自武汉发热患者##河南确诊首例新型冠状病毒肺炎##重庆市确诊5例输入性新型冠状病毒感染肺炎病例##天津确诊2名武汉肺炎##山东青岛确诊1例新型冠状病毒感染肺炎# O郑重承诺！抗击新型冠状病毒肺炎，楚济堂力保供应，不涨价！ 
小张小张又双叒叕改名了字,2020年01月22日,0,0,0,//weibo.com/6612508213/IqIkuf5CL?refer_flag=1001030103_,//@帆帆是我的猪:评论里说喝酒的你们是开玩笑还是认真的？？真的有很多人不知道医用酒精和普通的酒的区别吗？75%纯度的酒叫医用酒精是外用的消毒的，真喝了会死人的，真怕有很多人不了解这个直接去买纯度75%的酒然后喝下去。。
dark小黑,2020年01月22日,0,0,0,//weibo.com/1816634995/IqIktCBvq?refer_flag=1001030103_,//@花落成蚀:闲的，就封那位是新型冠状病毒之母好了，想咋命名怎么命名。孩子他妈，好好管好你孩子，别让它出来害人了！//@科学永不止步:………这有啥好挣的//@花落成蚀:明白了，这位的意思是，我抄了别人的创意。不是，我想不通，一条10个转发的微博，我是怎么看到它的？ 查看图片
芬贝鲁冯吉金肯,2020年01月22日,0,0,0,//weibo.com/5279698343/IqIktlHys?refer_flag=1001030103_,转发微博
烦恼的爱丽儿,2020年01月22日,0,0,0,//weibo.com/6629324885/IqIktkUHk?refer_flag=1001030103_,//@八点哦:喝酒没用！！喝酒没用！！喝酒没用！！ 蒸桑拿没用！！蒸桑拿没用！！蒸桑拿没用！！ 医用酒精酒精浓度75%，免洗洗手液，酒精棉片，酒精喷雾均可。
用户6321128529,2020年01月22日,0,0,0,//weibo.com/6321128529/IqIktlG5u?refer_flag=1001030103_,# 腾讯新闻 # 钟南山：要警惕新型冠状病毒在医院内“人传人”O钟南山：要警惕新型冠状病毒在医院内“人传人”# 来自@腾讯新闻 ​
智者冋行,2020年01月22日,0,0,0,//weibo.com/3136239185/IqIktnVAg?refer_flag=1001030103_,首例新型冠状病毒肺炎治愈者：想告诉大家这个病是什么样。#记录世界 记录你# L澎湃新闻的快手视频 ​
绮罗光阴九千胜,2020年01月22日,0,0,0,//weibo.com/2935771350/IqIktnW0h?refer_flag=1001030103_,//@味鲨://@miss水:转发微博
宋宋啊_,2020年01月22日,0,0,0,//weibo.com/1364934904/IqIkt3ZXJ?refer_flag=1001030103_,转发微博
旭72853,2020年01月22日,0,0,0,//weibo.com/6415602421/IqIkssiuC?refer_flag=1001030103_,转发微博
牧笛横吹剑下清风,2020年01月22日,0,0,0,//weibo.com/1449933825/IqIksrvtN?refer_flag=1001030103_,湖南新增三例新型冠状病毒患者全部是怀化的。 2怀化·怀化市第一人民医院 ​
小正经儿,2020年01月22日,0,1,0,//weibo.com/1957081853/IqIksryi6?refer_flag=1001030103_,#山东威海确认1例新型冠状病毒肺炎确诊病例#害怕，明天出门一定带两层口罩，真是服了，能不能都在家自己过年，这个年不探亲是会怎样 ​
请叫我_哀木涕,2020年01月22日,0,0,0,//weibo.com/5588464717/IqIksaBH9?refer_flag=1001030103_,#河北确诊首例新型冠状病毒肺炎病例# 还是沦陷了 ​
芒果冰DM,2020年01月22日,0,0,0,//weibo.com/2658650221/IqIksbY2d?refer_flag=1001030103_,转发微博
易只blingbling的烊儿,2020年01月22日,0,0,0,//weibo.com/7021800007/IqIkscPvF?refer_flag=1001030103_,转发微博
独家记忆-茶不思,2020年01月22日,0,0,0,//weibo.com/3924990040/IqIkrB6Uz?refer_flag=1001030103_,转发微博
Saber-365,2020年01月22日,0,0,0,//weibo.com/5792119241/IqIkryVaB?refer_flag=1001030103_,//@王小愚儿://@八点哦:杀菌酒精浓度75%为宜，有时候高了，比如95%，效果可能没有75%的好//@八点哦:喝酒没用！！喝酒没用！！喝酒没用！！ 蒸桑拿没用！！蒸桑拿没用！！蒸桑拿没用！！ 医用酒精酒精浓度75%，免洗洗手液，酒精棉片，酒精喷雾均可。
农夫叁泉托马斯,2020年01月22日,0,0,0,//weibo.com/2779152152/IqIkryTZO?refer_flag=1001030103_,//@森林小矮锤://@目回回:唉//@五七:不要抓记者//@赵阿萌:“即使后来新型冠状病毒在逐步查明，外界又表明这种病毒的检测试剂盒供应充足，医院仍然不容易得到检测盒。曾经通过社交媒体等渠道，对这轮肺炎疫情表示担心的医生，被约谈。”//@magasa:这篇有一些信息
火星地痞,2020年01月22日,0,0,0,//weibo.com/1637994152/IqIkry9sx?refer_flag=1001030103_,转发微博
金刚降魔洲,2020年01月22日,0,0,0,//weibo.com/7172177320/IqIkrjqVf?refer_flag=1001030103_,近日来，新型冠状病毒在武沒等城市侍播，很多人的健康受到威肋。今天我在这里给你们介绍一个除掉所有病痛的加持心咒，望大家多多转发，让更多人解脱出轮回病痛的苦海。Oནད་ངན་བཟློག་པའི་ཟབ་ཆོས་ཁྱད་པར་ཅན། 雄猛莲师金刚甲刃——仅念即成 2武汉·大武汉·1911 ​
用户6178800501,2020年01月22日,0,0,0,//weibo.com/6178800501/IqIkrjowW?refer_flag=1001030103_,[精选] 武汉新型冠状病毒肺炎新增8例死亡病例。查看👉👉👉O网页链接武汉新型冠状病毒肺炎新增8例死亡病例O网页链接 ​
仙气涌出,2020年01月22日,0,0,0,//weibo.com/6191149883/IqIkriyxe?refer_flag=1001030103_,//@Mr凡_霖://@八点哦:喝酒没用！！喝酒没用！！喝酒没用！！ 蒸桑拿没用！！蒸桑拿没用！！蒸桑拿没用！！ 医用酒精酒精浓度75%，免洗洗手液，酒精棉片，酒精喷雾均可。
香椿啊你好,2020年01月22日,0,1,0,//weibo.com/5829160441/IqIkqpaC1?refer_flag=1001030103_,#中华人民共和国应该为这些年来在暴力伤医事件中的受害者降半旗#  而不仅仅是一句“拜托啦！”……反复思考这个问题以后，我觉得，冠状病毒再次爆发的原因还是因为“愚昧和狂妄”。而愚昧和狂妄的背后则是“极端的自私”，或者说是“极端的不自爱”。恕我不智，我觉得这两者之间并没有什么本质上的差别。如果你理解“民不畏死，奈何以死惧之”的话，那么，你同样可以理解“人不自爱，奈何以爱感之？”――作为一个经历过2003年非典之痛的民族，我们理应记住滥捕滥杀滥售滥食野生动物的危害；我们理应记住那一场病毒的播散给整个社会带来的巨大消耗；我们更理应记住医护人员在那场疫情前后做出的巨大牺牲！――遗憾的是，我们没有。直到2020年，我们依然在将野生动物肆意贩卖并生吞活剥。直到2020年，我们依然在对科学宣传视而不见却广布谣言。直到2020年，我们依然在视医护人员为患者的对立面。――我们，确实病了！我们“病”了，真的病了。――总以为天下生灵尽可为我所烹！总以为人间万物尽可为我所用！总以为“我负天下人”理所应当，而“负我之人”皆不可活！这种极端自私主义的目标，就是要裹挟着全社会与他一起灭亡。历史总是惊人的相似。但我真的没想到，历史能在这么短的时间内重复上演。将来呢？我不敢说。“冠状病毒”是一次警告。“新型冠状病毒”又是一次警告。如果还有下一次，我们该如何给它命名呢？我们还要等到下一次吗？我们还“能”等到下一次吗？？最后，补一句题外话：“伤医者”和“奔宫者”，你们都是地球上最最最可怜的人！！！―――――――――――――――――――2020.1.22椿 
Dear_程,2020年01月22日,1,0,0,//weibo.com/1891554324/IqIkqn60e?refer_flag=1001030103_,//@SnowyChiba苏闹一: 转发微博
王现通,2020年01月22日,0,0,0,//weibo.com/5864760198/IqIkq7rWt?refer_flag=1001030103_,新型冠状病毒（只不过是现代分析仪器先进，将其分类明细），治疗方法逃不出《伤寒杂病论》里的辨证范畴。根据每年气候的不同，会有各类不同的细菌/病毒，不足为奇，因为世间万物都在变化，微生物也在升级。不必恐慌。    根据四季“春生、夏长、秋收、冬藏”冬季宜食清淡饮食。有由于气候变暖和饮食辛辣，肥甘厚腻，加上冬季阳气内收，所以体内火热炽盛，体表稍感风寒，皮表閉郁里热不能外散，内热外寒烁伤肺金……咳嗽发热。预防：清淡饮食，忌食辛辣，避风寒。治疗；根据脉证辨证选方。外寒内热，麻杏石甘汤，有饮：小青龙加石膏汤。太阳阳明桂枝白虎………总之一句话，祖宗留下伤寒六经辨证用药。对号入座，立竿见影，势不可挡。不会用等于赤手空拳对长矛。 
澄城检察,2020年01月22日,0,0,0,//weibo.com/3815077818/IqIkq7qNw?refer_flag=1001030103_,【截至19时30分，#我国新型冠状病毒肺炎已确诊473例# 】
爱颖宝哒颖火虫,2020年01月22日,0,0,0,//weibo.com/6278257780/IqIkq5pSa?refer_flag=1001030103_,#河北确诊首例新型冠状病毒肺炎病例# 妈耶 看得我都快哭了T﹏T不敢再刷微博 papa ​
公民邓鹏,2020年01月22日,0,0,0,//weibo.com/1627642933/IqIkpxKoz?refer_flag=1001030103_,才一个白天，患病和死亡人数又有明显上升。疫情汹汹，中国防控可能到了最关键时期。       已有部分证据表明，新型冠状病毒肺炎的感染传播能力或不亚于SARS。对比始于2002年12月終于次年7月的SARS疫情，有几点需要特别注意。第一，SARS初期的前三个月疫情还基本局限在广东，没有明显外传迹象，而这次 ​  展开全文c
霍烨吖吖吖,2020年01月22日,0,0,0,//weibo.com/5936723430/IqIkpxIoz?refer_flag=1001030103_,转发微博
飞哥家的养乐多,2020年01月22日,0,0,0,//weibo.com/3893296439/IqIkpxH2P?refer_flag=1001030103_,//@港闻速递:呼吁所有乘搭1月21日G5607高铁，深圳北到香港西九龙站的人士致电21251122，也希望你们转发告诉1月21日从武汉搭高铁G1015列车到深圳北，座位3号车10D那一节车厢的朋友们，让他们快去深圳的医院检查！！！  #新型冠状病毒怕酒精不耐高温# #湖北拟请求紧急支援口罩等医用物资#
冷笑话精选集,2020年01月22日,1,0,0,//weibo.com/1915803662/IqIkptIXl?refer_flag=1001030103_,冬季容易咳嗽的人，赶快收藏起来#新型冠状病毒怕酒精不耐高温# 预防中药单，码住备用。 ​
柠桁曦,2020年01月22日,0,0,0,//weibo.com/5873598608/IqIkpc1HR?refer_flag=1001030103_,转发微博
久木原,2020年01月22日,0,2,0,//weibo.com/2014252882/IqIkpdUja?refer_flag=1001030103_,#新型冠状病毒怕酒精不耐高温# 还是....有一点点想笑 ​
双月湾旅游尼莫浮潜小姐姐,2020年01月22日,0,0,0,//weibo.com/1002084154/IqIkpe5Js?refer_flag=1001030103_,惠州吃喝玩乐双月湾旅游攻略过年网红粉色海贼王飞艇可以安排。预约13437713373喂❤ 同步双月湾浮潜惠州吃喝玩乐#网红浮潜#双月湾#全国已确诊473例新型肺炎病例##武汉要求全市在公共场合佩戴口罩##新型冠状病毒怕酒精不耐高温# ​
让我亲亲小猪头,2020年01月22日,0,0,0,//weibo.com/5988025435/IqIkoDtMz?refer_flag=1001030103_,//@朱正廷最重要其他的靠边站://@只想休息不行吗://@阿尔卑微山原住民://@儿科陈医生:划重点：酒精可以灭活新型冠状病毒，56度30分钟也可以杀灭新型冠状病毒。
水伊人要全开,2020年01月22日,0,0,0,//weibo.com/1246140607/IqIko4WgQ?refer_flag=1001030103_,看到钟老就觉得莫名安心……
夕颜1495,2020年01月22日,0,0,0,//weibo.com/2262267685/IqIko45tw?refer_flag=1001030103_,新型冠状病毒怕酒精不耐高温
小小的蜜米MI,2020年01月22日,0,0,0,//weibo.com/5621302732/IqIko2OOo?refer_flag=1001030103_,转发微博
石头看巴西被虐一比七沃勒个去了,2020年01月22日,0,0,0,//weibo.com/1834308037/IqIknr71m?refer_flag=1001030103_,这新闻本来也来源于中央新闻，我尝试搜了一下英文内容，包括cnn在内多加媒体也有报道。。看了这个之后不得不想武汉的新型冠状病毒肺炎跟这个比又是啥水平。。。国内当然得高度关注，日本有患者了所以关注也能理解，但WHO是不也应该关注一下美国的流感？？而且内流感就不会传播到世界各地？？？真心觉得这背后难道没有什么政治博弈与媒体引导舆论么。。。#跟新浪看热点#  O美国暴发40年来最致命流感 已有6600人死亡 超过1300万人感染 
说说教育小事,2020年01月22日,0,0,0,//weibo.com/6212328680/IqIknqn3W?refer_flag=1001030103_,我在看：【截至21时30分全国确诊新型冠状病毒肺炎病例543例】#跟新浪看热点#  O截至21时30分全国确诊新型冠状病毒肺炎病例543例 ​
lyton__--3,2020年01月22日,0,0,0,//weibo.com/3386604140/IqIknsmeV?refer_flag=1001030103_,转发微博
钮钴禄·女尧,2020年01月22日,0,0,0,//weibo.com/6021858949/IqIknr8Sw?refer_flag=1001030103_,//@森林小矮锤://@目回回:唉//@五七:不要抓记者//@赵阿萌:“即使后来新型冠状病毒在逐步查明，外界又表明这种病毒的检测试剂盒供应充足，医院仍然不容易得到检测盒。曾经通过社交媒体等渠道，对这轮肺炎疫情表示担心的医生，被约谈。”//@magasa:这篇有一些信息
文秀200612,2020年01月22日,0,0,0,//weibo.com/6761264179/IqIknr8ns?refer_flag=1001030103_,转发微博
白芝麻本白,2020年01月22日,1,3,0,//weibo.com/5068615829/IqIknbyKj?refer_flag=1001030103_,#新型冠状病毒怕酒精不耐高温# 我：妈！爸！你们要……！！这个……！！！我妈：嗯我：真的，你们要听我的……！！！我妈：好的，不说了，关视频了（淡漠脸） ​
予你烊光,2020年01月22日,0,0,0,//weibo.com/5851031159/IqIklDAJV?refer_flag=1001030103_,转发微博
我的你Lee,2020年01月22日,0,0,0,//weibo.com/1096805724/IqIklDBZk?refer_flag=1001030103_,【李兰娟院士谈新型冠状病毒：#新型冠状病毒怕酒精不耐高温# 】划重点！李兰娟院士表示：1、冠状病毒“56℃，30分钟，就死亡了。2、乙醚、75%的乙醇、含氯的消毒剂都可以有效地灭活病毒。”3、一定要吃熟的食物，不要吃生的食物。O国家卫健委高级别专家组成员李兰娟院士接受都市快报采访：新型冠状病毒怕酒精不耐高温，目前看致死率比H7N9低，希望不要出现超级传播者
用户6834707519,2020年01月22日,0,0,0,//weibo.com/6834707519/IqIklFxT1?refer_flag=1001030103_,转发微博
3211738570_434,2020年01月22日,0,1,0,//weibo.com/3211738570/IqIklFA98?refer_flag=1001030103_,#中国有信心打赢新型肺炎疫情攻坚战# 【卫健委：中国有信心打赢新型肺炎疫情攻坚战】22日，国家卫健委和疾控中心介绍新型冠状病毒感染的肺炎防控工作有关情况。国国家卫健委副主任李斌在会上介绍中国防止疫情进一步扩散的应对措施，并表示，中国政府和人民有信心战胜这次传染病，打赢疫情攻坚战。#新型冠状病毒# via ： L中新视频的秒拍视频 
yirong915_61246,2020年01月22日,0,0,0,//weibo.com/1189838837/IqIklFBir?refer_flag=1001030103_,转发微博
三石水s,2020年01月22日,0,0,0,//weibo.com/5122509560/IqIkloJhz?refer_flag=1001030103_,转发微博
爱吃栗子的小可乐,2020年01月22日,0,0,0,//weibo.com/6581280828/IqIklnV5R?refer_flag=1001030103_,转发微博
callmyname·,2020年01月22日,0,0,0,//weibo.com/6516797891/IqIklnV5D?refer_flag=1001030103_,转发微博
回忆是一种美好的,2020年01月22日,0,0,0,//weibo.com/7294398348/IqIklnSeW?refer_flag=1001030103_,转发微博
我真的就想换个名字啊,2020年01月22日,0,0,0,//weibo.com/2971822441/IqIklnR0b?refer_flag=1001030103_,//@拉斯维加斯嘉丽:望周知！
嗯没有明天,2020年01月22日,0,0,0,//weibo.com/1852040453/IqIkl4joK?refer_flag=1001030103_,//@SNH48-唐安琪:⚠️⚠️⚠️
Sannasan,2020年01月22日,0,0,0,//weibo.com/1908588283/IqIkkwrXx?refer_flag=1001030103_,//@夕阳红-神神神神神烦喵:🙏//@啡小喵://@照柿Terigaki:转发微博
恩恩强小媳妇,2020年01月22日,0,0,0,//weibo.com/3042388402/IqIkktkdb?refer_flag=1001030103_,转发微博
王盾盾-,2020年01月22日,0,3,0,//weibo.com/5608505812/IqIkksyZh?refer_flag=1001030103_,周杰伦值夜班中，急诊都是发烧的小朋友，最近流感比较多，又有新型冠状病毒施虐，超话里的各位小可爱们要注意保护好自己，出门要戴口罩，不要去人群密集的地方。另外，有需要敬业福的吗？ ​
可进入高铁,2020年01月22日,0,0,0,//weibo.com/6517185673/IqIkkcPuL?refer_flag=1001030103_,转发微博
小笨笨6138,2020年01月22日,0,0,0,//weibo.com/5074128316/IqIkkbFTR?refer_flag=1001030103_,转发微博
孙小二平,2020年01月22日,0,0,0,//weibo.com/2640823231/IqIkkbCeH?refer_flag=1001030103_,赶紧各种都停运吧#新型冠状病毒怕酒精不耐高温# ​
含笑逐春风,2020年01月22日,0,0,0,//weibo.com/1746215452/IqIkjjlrg?refer_flag=1001030103_,转发微博
宿迁之声,2020年01月22日,8,28,0,//weibo.com/2282670150/IqIkjjlxa?refer_flag=1001030103_,#新型肺炎已致湖北17人死亡#【截至1月22日21时30分，#全国共确诊新型冠状病毒肺炎确诊543例#，累计死亡17例。 ​​​】 ​
我要我的世界不停的发光_,2020年01月22日,0,0,0,//weibo.com/5181419407/IqIkjlmbO?refer_flag=1001030103_,//@营养师-洋洋:#健康一冬# #年货送健康# #新型肺炎确诊440例死亡9例#  【健康过大年】 了解新型冠状病毒肺炎
汉中市检察院,2020年01月22日,0,0,0,//weibo.com/3939417761/IqIkiq0zG?refer_flag=1001030103_,【#新型肺炎已致17人死亡#】截至1月21日24时，湖北省累计报告#新型冠状病毒#感染的肺炎病例375例，已治愈出院28例，死亡9例。目前仍在院治疗338例，其中重症65例、危重症23例，均在定点医疗机构接受隔离治疗。累计追踪密切接触者1181人，已解除医学观察755人，尚在接受医学观察426人。 ​​​
玺浩IY,2020年01月22日,0,0,0,//weibo.com/6763627422/IqIkiahvb?refer_flag=1001030103_,转发微博
小悦的年华,2020年01月22日,0,0,0,//weibo.com/1893057370/IqIki6wcP?refer_flag=1001030103_,//@微博视频:2019新型冠状病毒知识点小结
四十颗奶糖,2020年01月22日,0,0,0,//weibo.com/6088522907/IqIki8ipN?refer_flag=1001030103_,//@rebecca张小呆:今天的结果进一步恶化，c反应蛋白68，CT报告还没出，片子医生看了说双肺严重感染，早九点到现在我父母还在医院，刚刚打针中途突然全身抽搐，意识不清，还不算重症吗？！还不能住院吗！#武汉肺炎# #钟南山肯定新型冠状病毒肺炎人传人# #武汉15名医务人员感染新型冠状病毒# #国内确诊32
妙子今天瘦了吗,2020年01月22日,0,0,0,//weibo.com/1883082844/IqIki8iUS?refer_flag=1001030103_,转发微博
情深不及久伴wo,2020年01月22日,0,0,0,//weibo.com/3299295524/IqIki8lEK?refer_flag=1001030103_,转发微博
最棒的w豆子,2020年01月22日,0,0,0,//weibo.com/6631290788/IqIki8j79?refer_flag=1001030103_,转发微博
啦哈咯嗯呀嘻叽,2020年01月22日,0,0,0,//weibo.com/2439834012/IqIkiajoJ?refer_flag=1001030103_,//@rebecca张小呆:今天的结果进一步恶化，c反应蛋白68，CT报告还没出，片子医生看了说双肺严重感染，早九点到现在我父母还在医院，刚刚打针中途突然全身抽搐，意识不清，还不算重症吗？！还不能住院吗！#武汉肺炎# #钟南山肯定新型冠状病毒肺炎人传人# #武汉15名医务人员感染新型冠状病毒# #国内确诊32
一无所知的柠檬,2020年01月22日,0,0,0,//weibo.com/6053415042/IqIkhxG9n?refer_flag=1001030103_,转发微博
Victorin,2020年01月22日,0,0,0,//weibo.com/1700258721/IqIkgDfeP?refer_flag=1001030103_,河北确诊首例新型冠状病毒肺炎病例 患者为武汉籍_手机新浪网  O河北确诊首例新型冠状病毒肺炎病例 患者为武汉籍 ​
田田家的大蚊子,2020年01月22日,0,0,0,//weibo.com/1054361035/IqIkglAv9?refer_flag=1001030103_,哥哥弟弟一定要注意安全啊，不锈钢也要注意
CAIJIECHUN蔡,2020年01月22日,0,0,0,//weibo.com/3218139707/IqIkgntEe?refer_flag=1001030103_,转发微博
gg飘零的雪,2020年01月22日,0,0,0,//weibo.com/2562766064/IqIkg5Kp2?refer_flag=1001030103_,实用，点赞。
是彭冠英的掌中之物啊,2020年01月22日,0,0,0,//weibo.com/2265242852/IqIkg4V6d?refer_flag=1001030103_,转发微博
新雯思源,2020年01月22日,0,0,0,//weibo.com/1808383031/IqIkg3UHT?refer_flag=1001030103_,#新型冠状病毒# 湖北省政府22日晚召开新闻发布会。据悉，截至今晚8点，湖北省累计报告新型冠状病毒感染病例444例，17人死亡。🙏🙏🙏 ​
白眼看世界精选,2020年01月22日,0,0,0,//weibo.com/6078842519/IqIkg3b7e?refer_flag=1001030103_,最好是
双月湾旅游尼莫浮潜小姐姐,2020年01月22日,0,0,0,//weibo.com/1002084154/IqIkg39A4?refer_flag=1001030103_,双月湾浮潜双月湾旅游攻略过年网红粉色海贼王飞艇可以安排。预约13437713373喂❤ 同步双月湾浮潜惠州吃喝玩乐#网红浮潜#双月湾#全国已确诊473例新型肺炎病例##武汉要求全市在公共场合佩戴口罩##新型冠状病毒怕酒精不耐高温# ​
Niter不在深土川了,2020年01月22日,0,0,0,//weibo.com/1758788295/IqIkfu1PS?refer_flag=1001030103_,转发微博//@肥威:56℃，30分钟，这条件也挺苛刻啊所以还是用酒精杀病毒比较正路？
薇鹅利特伊芙嘎登,2020年01月22日,0,0,0,//weibo.com/6029126082/IqIkfbx6v?refer_flag=1001030103_,//@LEaveIt_://@-不腐-:转发微博
-啊仪仪-,2020年01月22日,0,0,0,//weibo.com/3033247153/IqIkegt2L?refer_flag=1001030103_,#新型冠状病毒# 上午看全国300多，中午400多，现在变成光湖北都444了，太揪心🙏🙏🙏祈祷安好。
谁不是枚可盐可甜的宝藏girl,2020年01月22日,0,0,0,//weibo.com/5582350057/IqIkei621?refer_flag=1001030103_,
心碎葬银河,2020年01月22日,0,0,0,//weibo.com/6563879050/IqIkdpP0s?refer_flag=1001030103_,#新型冠状病毒怕酒精不耐高温#  然而怎么才能阻止它的传播呢？戴口罩只能治标不治本？干着急了 ​
用户jao90cdtk8,2020年01月22日,0,0,0,//weibo.com/3508995390/IqIkdpNs1?refer_flag=1001030103_,转发微博
健盖斐兆,2020年01月22日,0,0,0,//weibo.com/3942028531/IqIkdn45h?refer_flag=1001030103_,#新型冠状病毒来源是野生动物#在寒冷的冬季，充满温馨感觉的红色格纹拼花床品最能带给人温馨舒适的感觉。结合白色的元素，增添了时尚的感觉。 ​
雾中蛇,2020年01月22日,0,0,0,//weibo.com/6117423432/IqIkd8ZtG?refer_flag=1001030103_,小姐姐也是！注意安全！//@SNH48-唐安琪:⚠️⚠️⚠️
你对我溺宠时笑的样子,2020年01月22日,0,0,0,//weibo.com/2103812167/IqIkcwpPj?refer_flag=1001030103_,转发微博
某A保持平常心,2020年01月22日,1,0,0,//weibo.com/1811163133/IqIkbAjdu?refer_flag=1001030103_,转发微博
牛羊遍野的天涯呀,2020年01月22日,0,0,0,//weibo.com/5666218695/IqIkbAi8w?refer_flag=1001030103_,#新型冠状病毒怕酒精不耐高温# 🙏🙏🙏//@TFBOYS-易烊千玺:#致敬疫情前线医护人员#向所有医护人员致敬！希望大家都做好防护措施，愿所有人都平安健康。//@TFBOYS组合:#致敬疫情前线医护人员# 致敬伟大的医护人员们，你们辛苦了！愿大家都能平安健康
女权学生,2020年01月22日,0,0,0,//weibo.com/5902213107/IqIkbAhzy?refer_flag=1001030103_,转发微博
夜雨雪月梦,2020年01月22日,0,0,0,//weibo.com/1341505720/IqIkbksQD?refer_flag=1001030103_,转发微博
BQ今天给小王子肝图了吗,2020年01月22日,0,0,0,//weibo.com/1908955780/IqIkbktbk?refer_flag=1001030103_,轉發
若晴xrq,2020年01月22日,0,0,0,//weibo.com/6059293305/IqIkbiCzE?refer_flag=1001030103_,#新型冠状病毒##致敬疫情前线医护人员# 哪有什么白衣天使，不过是一群孩子换了一身衣服，学着前辈的样子，治病救人、和死神抢人罢了 ​
小胡到此一游,2020年01月22日,0,20,0,//weibo.com/5263110418/IqIkbm8xj?refer_flag=1001030103_,出门在外旅游的各位注意安全，估计我惦记几个月的云南游也因为这次新型冠状病毒泡汤了 2哈尔滨·群力 ​
scared_of_what,2020年01月22日,0,0,0,//weibo.com/3992605715/IqIkbliQb?refer_flag=1001030103_,转发微博
m禾火m,2020年01月22日,0,0,0,//weibo.com/2274551381/IqIkbljM9?refer_flag=1001030103_,转发微博
徐超群篮球足球分析,2020年01月22日,0,0,0,//weibo.com/7275451568/IqIkasJyL?refer_flag=1001030103_,84岁钟南山：病毒中逆行 为所有人拼命17年前，在“非典”肆虐的关口，他说出“把重症病人都送到我这里来”。17年后，在新型冠状病毒蔓延的当下，他一边建议公众“不要去武汉”，一边第一时间坐上赴武汉的高铁，奔向防疫第一线。钟南山被评为“2013年度感动中国人物”。私下里，年过八旬的钟南山，其实是个有着完美肌肉的型男。经常去冬泳挂在门框上连做10个引体向上不是问题一言不合就撸铁 
那是我8686,2020年01月22日,0,0,0,//weibo.com/1782721713/IqIkasKA2?refer_flag=1001030103_,转发微博
Cisin,2020年01月22日,0,0,0,//weibo.com/1760814142/IqIkasLed?refer_flag=1001030103_,预防新型冠状病毒+学习英语时间到了 2广州·中山大学翻译学院 ​
易JACKsOn11,2020年01月22日,0,2,0,//weibo.com/3204024170/IqIkab4wb?refer_flag=1001030103_,孙颖莎 宝贝 最近新型冠状病毒肺炎疫情很严重 没事不要出门 出门一定戴上口罩 保护好自己（一定要看到这条哦） ​
Kokakal,2020年01月22日,0,0,0,//weibo.com/5268816396/IqIkaabvO?refer_flag=1001030103_,转发微博
我亲爱的偏执狂hahu,2020年01月22日,0,0,0,//weibo.com/1677799063/IqIka8Gry?refer_flag=1001030103_,转发微博
Forebrain-,2020年01月22日,0,0,0,//weibo.com/3212809433/IqIka8G7j?refer_flag=1001030103_,#春运如何严防新型冠状病毒#最新-河北确诊首例新型肺炎病例22日，国家卫生健康委确认河北省首例新型冠状病毒感染的肺炎确诊病例。患者李某，男，72岁，武汉市人。当前，患者继续在定点医院隔离治疗，病情平稳。河北省已对6名密切接触者开展了隔离医学观察，目前无发热等异常情况。信息来源：人民日报 
BD--ZD,2020年01月22日,0,0,0,//weibo.com/6468359640/IqIk9x0j6?refer_flag=1001030103_,转发微博
思建曼应,2020年01月22日,0,0,0,//weibo.com/5947079833/IqIk9xF7e?refer_flag=1001030103_,#新型冠状病毒来源是野生动物#爱情如水，并且还是白开水，天天用，热的时候可以喝，凉了也可以喝，隔夜的你还可以用它来洗脸洗手，纯洁而且朴实，想说出它怎么个好喝或怎么有营养来，难，也用不着。精彩和浪漫都是如鱼饮水冷暖自知的事。 ​
