王冰汝,今天06:26,316,233,0,//weibo.com/2174585797/JE9mcqcPl?refer_flag=1001030103_,#拜登正式宣誓就职美国第46任总统# #v光计划#新官上任三把火，拜登一口气签署17项行政命令，撤销特朗普政府时期的政策，包括三大领域：新冠疫情，气候环境和移民政策。👉新冠疫情危机重回世界卫生组织；寻求一项1.9万亿美元的纾困法案，旨在加速新冠疫苗的分发，同时为数百万受大流行病影响的美国 ​
环球纪录频道,今天06:00,135,4,0,//weibo.com/5867737487/JE9bEaWaX?refer_flag=1001030103_,NHK纪录片《中国文明.王朝交替の秘密》L环球纪录频道的微博视频 ​
HW前HR,今天06:00,114,94,0,//weibo.com/3626485974/JE9bRsDAu?refer_flag=1001030103_,人类社会不一定富国就会胜过穷国，而是有组织执行力的会胜过没有组织执行力的。如果看中外历史，一定会发现很多例子，就是发达社会被经济落后的国家或者部族灭国了，比如北宋经济文化遥遥领先金，但是被金灭国；南宋经济和文化遥遥领先蒙古，但是南宋被灭了。因为宋空有经济，但是整个社会组织能力， ​
头条新闻,今天06:13,97,71,0,//weibo.com/1618051664/JE9h26rkU?refer_flag=1001030103_,【#拜登正式宣誓就职美国第46任总统# 就职演说重点都在这了！】1月20日，拜登正式宣誓就职美国第46任总统，随后发表就职演说。他称当天为“美国之日”， 并表示“美国经受了新的考验，美国已奋起迎接挑战”。“人民的意志得到了倾听，人民的意志得到了重视。”他承诺将修复联盟，再次与世界接触，引领 ​
教您弄头发,今天06:00,4,1,0,//weibo.com/2610968961/JE9bEeeLr?refer_flag=1001030103_,s秒赞 2021好运会立马向你飞奔而来❤️🐬🐬​​​​
思想聚焦,今天06:06,62,45,0,//weibo.com/1742566624/JE9e59CDW?refer_flag=1001030103_,树欲静而风不止，子欲养而亲不待。#长大后最可怕的事情# ​​​​
思多金,今天06:02,44,15,0,//weibo.com/6003448985/JE9cEuCLP?refer_flag=1001030103_,人家愿意跟你相处的原因有：第一，你能带给人家实用价值。第二，跟你相处能打开眼界。第三，你能倾听别人的想法并发表有价值的见解。第四，你能充分认可别人的价值。第五，你能带给人家愉快的心情。凡遇事，知道的不要全说，看到的不要全信，听到的就地消化。久而久之，气场自成！一一 ​​​大家早上 ​
央视新闻,今天06:06,173,236,0,//weibo.com/2656274875/JE9esdBkd?refer_flag=1001030103_,【#美国新冠肺炎超2438万例#】美国约翰斯·霍普金斯大学统计数据显示，截至美东时间20日16时22分，美国累计新冠肺炎确诊病例达24382311例，累计死亡病例404898例。过去24小时，美国新增确诊病例171967例，新增死亡病例3770例。（央视记者刘骁骞） ​
环球纪录频道,今天06:00,154,4,0,//weibo.com/5867737487/JE9bEaWaX?refer_flag=1001030103_,NHK纪录片《中国文明.王朝交替の秘密》L环球纪录频道的微博视频 ​
凤凰王又又,今天06:44,15,151,0,//weibo.com/6498373231/JE9tD4ty7?refer_flag=1001030103_,我收工了，大兵还没。 2美国·华盛顿 ​
王冰汝,今天06:26,373,287,0,//weibo.com/2174585797/JE9mcqcPl?refer_flag=1001030103_,#拜登正式宣誓就职美国第46任总统# #v光计划#新官上任三把火，拜登一口气签署17项行政命令，撤销特朗普政府时期的政策，包括三大领域：新冠疫情，气候环境和移民政策。👉新冠疫情危机重回世界卫生组织；寻求一项1.9万亿美元的纾困法案，旨在加速新冠疫苗的分发，同时为数百万受大流行病影响的美国 ​
教您弄头发,今天06:00,5,1,0,//weibo.com/2610968961/JE9bEeeLr?refer_flag=1001030103_,s秒赞 2021好运会立马向你飞奔而来❤️🐬🐬​​​​
HW前HR,今天06:00,132,109,0,//weibo.com/3626485974/JE9bRsDAu?refer_flag=1001030103_,人类社会不一定富国就会胜过穷国，而是有组织执行力的会胜过没有组织执行力的。如果看中外历史，一定会发现很多例子，就是发达社会被经济落后的国家或者部族灭国了，比如北宋经济文化遥遥领先金，但是被金灭国；南宋经济和文化遥遥领先蒙古，但是南宋被灭了。因为宋空有经济，但是整个社会组织能力， ​
凤凰王又又,今天06:44,15,151,0,//weibo.com/6498373231/JE9tD4ty7?refer_flag=1001030103_,我收工了，大兵还没。 2美国·华盛顿 ​
央视新闻,今天06:06,173,236,0,//weibo.com/2656274875/JE9esdBkd?refer_flag=1001030103_,【#美国新冠肺炎超2438万例#】美国约翰斯·霍普金斯大学统计数据显示，截至美东时间20日16时22分，美国累计新冠肺炎确诊病例达24382311例，累计死亡病例404898例。过去24小时，美国新增确诊病例171967例，新增死亡病例3770例。（央视记者刘骁骞） ​
凤凰王又又,今天06:44,13,136,0,//weibo.com/6498373231/JE9tD4ty7?refer_flag=1001030103_,我收工了，大兵还没。 2美国·华盛顿 ​
环球纪录频道,今天06:00,143,4,0,//weibo.com/5867737487/JE9bEaWaX?refer_flag=1001030103_,NHK纪录片《中国文明.王朝交替の秘密》L环球纪录频道的微博视频 ​
教您弄头发,今天06:00,4,1,0,//weibo.com/2610968961/JE9bEeeLr?refer_flag=1001030103_,s秒赞 2021好运会立马向你飞奔而来❤️🐬🐬​​​​
皇马新闻,今天06:32,71,175,0,//weibo.com/1990309453/JE9oFsYlz?refer_flag=1001030103_,耻辱的夜晚。国王杯被一支西班牙第三级别球队西乙Ｂ球队淘汰出局。这场比赛大概就是皇马本赛季的缩影吧。无力吐槽了。拜仁、马竞也被低级别联赛淘汰出局，但是他们是联赛榜首，而我们呢？感觉又是一地鸡毛的一个赛季。大家晚安吧，也说一声早安吧。#皇马国王杯爆冷出局# ​
思想聚焦,今天06:06,56,40,0,//weibo.com/1742566624/JE9e59CDW?refer_flag=1001030103_,树欲静而风不止，子欲养而亲不待。#长大后最可怕的事情# ​​​​
头条新闻,今天06:13,108,79,0,//weibo.com/1618051664/JE9h26rkU?refer_flag=1001030103_,【#拜登正式宣誓就职美国第46任总统# 就职演说重点都在这了！】1月20日，拜登正式宣誓就职美国第46任总统，随后发表就职演说。他称当天为“美国之日”， 并表示“美国经受了新的考验，美国已奋起迎接挑战”。“人民的意志得到了倾听，人民的意志得到了重视。”他承诺将修复联盟，再次与世界接触，引领 ​
凤凰王又又,今天06:44,14,141,0,//weibo.com/6498373231/JE9tD4ty7?refer_flag=1001030103_,我收工了，大兵还没。 2美国·华盛顿 ​
HW前HR,今天06:00,122,104,0,//weibo.com/3626485974/JE9bRsDAu?refer_flag=1001030103_,人类社会不一定富国就会胜过穷国，而是有组织执行力的会胜过没有组织执行力的。如果看中外历史，一定会发现很多例子，就是发达社会被经济落后的国家或者部族灭国了，比如北宋经济文化遥遥领先金，但是被金灭国；南宋经济和文化遥遥领先蒙古，但是南宋被灭了。因为宋空有经济，但是整个社会组织能力， ​
教您弄头发,今天06:00,5,1,0,//weibo.com/2610968961/JE9bEeeLr?refer_flag=1001030103_,s秒赞 2021好运会立马向你飞奔而来❤️🐬🐬​​​​
央视新闻,今天06:06,166,225,0,//weibo.com/2656274875/JE9esdBkd?refer_flag=1001030103_,【#美国新冠肺炎超2438万例#】美国约翰斯·霍普金斯大学统计数据显示，截至美东时间20日16时22分，美国累计新冠肺炎确诊病例达24382311例，累计死亡病例404898例。过去24小时，美国新增确诊病例171967例，新增死亡病例3770例。（央视记者刘骁骞） ​
教您弄头发,今天06:00,4,1,0,//weibo.com/2610968961/JE9bEeeLr?refer_flag=1001030103_,s秒赞 2021好运会立马向你飞奔而来❤️🐬🐬​​​​
思多金,今天06:02,39,13,0,//weibo.com/6003448985/JE9cEuCLP?refer_flag=1001030103_,人家愿意跟你相处的原因有：第一，你能带给人家实用价值。第二，跟你相处能打开眼界。第三，你能倾听别人的想法并发表有价值的见解。第四，你能充分认可别人的价值。第五，你能带给人家愉快的心情。凡遇事，知道的不要全说，看到的不要全信，听到的就地消化。久而久之，气场自成！一一 ​​​大家早上 ​
凤凰王又又,今天06:44,14,140,0,//weibo.com/6498373231/JE9tD4ty7?refer_flag=1001030103_,我收工了，大兵还没。 2美国·华盛顿 ​
头条新闻,今天06:13,106,77,0,//weibo.com/1618051664/JE9h26rkU?refer_flag=1001030103_,【#拜登正式宣誓就职美国第46任总统# 就职演说重点都在这了！】1月20日，拜登正式宣誓就职美国第46任总统，随后发表就职演说。他称当天为“美国之日”， 并表示“美国经受了新的考验，美国已奋起迎接挑战”。“人民的意志得到了倾听，人民的意志得到了重视。”他承诺将修复联盟，再次与世界接触，引领 ​
皇马新闻,今天06:32,73,177,0,//weibo.com/1990309453/JE9oFsYlz?refer_flag=1001030103_,耻辱的夜晚。国王杯被一支西班牙第三级别球队西乙Ｂ球队淘汰出局。这场比赛大概就是皇马本赛季的缩影吧。无力吐槽了。拜仁、马竞也被低级别联赛淘汰出局，但是他们是联赛榜首，而我们呢？感觉又是一地鸡毛的一个赛季。大家晚安吧，也说一声早安吧。#皇马国王杯爆冷出局# ​
皇马新闻,今天06:32,85,190,0,//weibo.com/1990309453/JE9oFsYlz?refer_flag=1001030103_,耻辱的夜晚。国王杯被一支西班牙第三级别球队西乙Ｂ球队淘汰出局。这场比赛大概就是皇马本赛季的缩影吧。无力吐槽了。拜仁、马竞也被低级别联赛淘汰出局，但是他们是联赛榜首，而我们呢？感觉又是一地鸡毛的一个赛季。大家晚安吧，也说一声早安吧。#皇马国王杯爆冷出局# ​
王冰汝,今天06:26,373,287,0,//weibo.com/2174585797/JE9mcqcPl?refer_flag=1001030103_,#拜登正式宣誓就职美国第46任总统# #v光计划#新官上任三把火，拜登一口气签署17项行政命令，撤销特朗普政府时期的政策，包括三大领域：新冠疫情，气候环境和移民政策。👉新冠疫情危机重回世界卫生组织；寻求一项1.9万亿美元的纾困法案，旨在加速新冠疫苗的分发，同时为数百万受大流行病影响的美国 ​
思想聚焦,今天06:06,62,45,0,//weibo.com/1742566624/JE9e59CDW?refer_flag=1001030103_,树欲静而风不止，子欲养而亲不待。#长大后最可怕的事情# ​​​​
环球纪录频道,今天06:00,154,4,0,//weibo.com/5867737487/JE9bEaWaX?refer_flag=1001030103_,NHK纪录片《中国文明.王朝交替の秘密》L环球纪录频道的微博视频 ​
头条新闻,今天06:13,114,91,0,//weibo.com/1618051664/JE9h26rkU?refer_flag=1001030103_,【#拜登正式宣誓就职美国第46任总统# 就职演说重点都在这了！】1月20日，拜登正式宣誓就职美国第46任总统，随后发表就职演说。他称当天为“美国之日”， 并表示“美国经受了新的考验，美国已奋起迎接挑战”。“人民的意志得到了倾听，人民的意志得到了重视。”他承诺将修复联盟，再次与世界接触，引领 ​
凤凰王又又,今天06:44,13,133,0,//weibo.com/6498373231/JE9tD4ty7?refer_flag=1001030103_,我收工了，大兵还没。 2美国·华盛顿 ​
思多金,今天06:02,39,13,0,//weibo.com/6003448985/JE9cEuCLP?refer_flag=1001030103_,人家愿意跟你相处的原因有：第一，你能带给人家实用价值。第二，跟你相处能打开眼界。第三，你能倾听别人的想法并发表有价值的见解。第四，你能充分认可别人的价值。第五，你能带给人家愉快的心情。凡遇事，知道的不要全说，看到的不要全信，听到的就地消化。久而久之，气场自成！一一 ​​​大家早上 ​
头条新闻,今天06:13,101,74,0,//weibo.com/1618051664/JE9h26rkU?refer_flag=1001030103_,【#拜登正式宣誓就职美国第46任总统# 就职演说重点都在这了！】1月20日，拜登正式宣誓就职美国第46任总统，随后发表就职演说。他称当天为“美国之日”， 并表示“美国经受了新的考验，美国已奋起迎接挑战”。“人民的意志得到了倾听，人民的意志得到了重视。”他承诺将修复联盟，再次与世界接触，引领 ​
HW前HR,今天06:00,118,97,0,//weibo.com/3626485974/JE9bRsDAu?refer_flag=1001030103_,人类社会不一定富国就会胜过穷国，而是有组织执行力的会胜过没有组织执行力的。如果看中外历史，一定会发现很多例子，就是发达社会被经济落后的国家或者部族灭国了，比如北宋经济文化遥遥领先金，但是被金灭国；南宋经济和文化遥遥领先蒙古，但是南宋被灭了。因为宋空有经济，但是整个社会组织能力， ​
王冰汝,今天06:26,327,246,0,//weibo.com/2174585797/JE9mcqcPl?refer_flag=1001030103_,#拜登正式宣誓就职美国第46任总统# #v光计划#新官上任三把火，拜登一口气签署17项行政命令，撤销特朗普政府时期的政策，包括三大领域：新冠疫情，气候环境和移民政策。👉新冠疫情危机重回世界卫生组织；寻求一项1.9万亿美元的纾困法案，旨在加速新冠疫苗的分发，同时为数百万受大流行病影响的美国 ​
思想聚焦,今天06:06,56,40,0,//weibo.com/1742566624/JE9e59CDW?refer_flag=1001030103_,树欲静而风不止，子欲养而亲不待。#长大后最可怕的事情# ​​​​
皇马新闻,今天06:32,71,175,0,//weibo.com/1990309453/JE9oFsYlz?refer_flag=1001030103_,耻辱的夜晚。国王杯被一支西班牙第三级别球队西乙Ｂ球队淘汰出局。这场比赛大概就是皇马本赛季的缩影吧。无力吐槽了。拜仁、马竞也被低级别联赛淘汰出局，但是他们是联赛榜首，而我们呢？感觉又是一地鸡毛的一个赛季。大家晚安吧，也说一声早安吧。#皇马国王杯爆冷出局# ​
教您弄头发,今天06:00,4,1,0,//weibo.com/2610968961/JE9bEeeLr?refer_flag=1001030103_,s秒赞 2021好运会立马向你飞奔而来❤️🐬🐬​​​​
头条新闻,今天06:13,102,76,0,//weibo.com/1618051664/JE9h26rkU?refer_flag=1001030103_,【#拜登正式宣誓就职美国第46任总统# 就职演说重点都在这了！】1月20日，拜登正式宣誓就职美国第46任总统，随后发表就职演说。他称当天为“美国之日”， 并表示“美国经受了新的考验，美国已奋起迎接挑战”。“人民的意志得到了倾听，人民的意志得到了重视。”他承诺将修复联盟，再次与世界接触，引领 ​
环球纪录频道,今天06:00,143,4,0,//weibo.com/5867737487/JE9bEaWaX?refer_flag=1001030103_,NHK纪录片《中国文明.王朝交替の秘密》L环球纪录频道的微博视频 ​
环球纪录频道,今天06:00,143,4,0,//weibo.com/5867737487/JE9bEaWaX?refer_flag=1001030103_,NHK纪录片《中国文明.王朝交替の秘密》L环球纪录频道的微博视频 ​
央视新闻,今天06:06,156,219,0,//weibo.com/2656274875/JE9esdBkd?refer_flag=1001030103_,【#美国新冠肺炎超2438万例#】美国约翰斯·霍普金斯大学统计数据显示，截至美东时间20日16时22分，美国累计新冠肺炎确诊病例达24382311例，累计死亡病例404898例。过去24小时，美国新增确诊病例171967例，新增死亡病例3770例。（央视记者刘骁骞） ​
思多金,今天06:02,39,13,0,//weibo.com/6003448985/JE9cEuCLP?refer_flag=1001030103_,人家愿意跟你相处的原因有：第一，你能带给人家实用价值。第二，跟你相处能打开眼界。第三，你能倾听别人的想法并发表有价值的见解。第四，你能充分认可别人的价值。第五，你能带给人家愉快的心情。凡遇事，知道的不要全说，看到的不要全信，听到的就地消化。久而久之，气场自成！一一 ​​​大家早上 ​
头条新闻,今天06:13,102,76,0,//weibo.com/1618051664/JE9h26rkU?refer_flag=1001030103_,【#拜登正式宣誓就职美国第46任总统# 就职演说重点都在这了！】1月20日，拜登正式宣誓就职美国第46任总统，随后发表就职演说。他称当天为“美国之日”， 并表示“美国经受了新的考验，美国已奋起迎接挑战”。“人民的意志得到了倾听，人民的意志得到了重视。”他承诺将修复联盟，再次与世界接触，引领 ​
王冰汝,今天06:26,329,248,0,//weibo.com/2174585797/JE9mcqcPl?refer_flag=1001030103_,#拜登正式宣誓就职美国第46任总统# #v光计划#新官上任三把火，拜登一口气签署17项行政命令，撤销特朗普政府时期的政策，包括三大领域：新冠疫情，气候环境和移民政策。👉新冠疫情危机重回世界卫生组织；寻求一项1.9万亿美元的纾困法案，旨在加速新冠疫苗的分发，同时为数百万受大流行病影响的美国 ​
头条新闻,今天06:13,101,74,0,//weibo.com/1618051664/JE9h26rkU?refer_flag=1001030103_,【#拜登正式宣誓就职美国第46任总统# 就职演说重点都在这了！】1月20日，拜登正式宣誓就职美国第46任总统，随后发表就职演说。他称当天为“美国之日”， 并表示“美国经受了新的考验，美国已奋起迎接挑战”。“人民的意志得到了倾听，人民的意志得到了重视。”他承诺将修复联盟，再次与世界接触，引领 ​
凤凰王又又,今天06:44,13,133,0,//weibo.com/6498373231/JE9tD4ty7?refer_flag=1001030103_,我收工了，大兵还没。 2美国·华盛顿 ​
王冰汝,今天06:26,327,246,0,//weibo.com/2174585797/JE9mcqcPl?refer_flag=1001030103_,#拜登正式宣誓就职美国第46任总统# #v光计划#新官上任三把火，拜登一口气签署17项行政命令，撤销特朗普政府时期的政策，包括三大领域：新冠疫情，气候环境和移民政策。👉新冠疫情危机重回世界卫生组织；寻求一项1.9万亿美元的纾困法案，旨在加速新冠疫苗的分发，同时为数百万受大流行病影响的美国 ​
央视新闻,今天06:06,152,219,0,//weibo.com/2656274875/JE9esdBkd?refer_flag=1001030103_,【#美国新冠肺炎超2438万例#】美国约翰斯·霍普金斯大学统计数据显示，截至美东时间20日16时22分，美国累计新冠肺炎确诊病例达24382311例，累计死亡病例404898例。过去24小时，美国新增确诊病例171967例，新增死亡病例3770例。（央视记者刘骁骞） ​
思多金,今天06:02,39,13,0,//weibo.com/6003448985/JE9cEuCLP?refer_flag=1001030103_,人家愿意跟你相处的原因有：第一，你能带给人家实用价值。第二，跟你相处能打开眼界。第三，你能倾听别人的想法并发表有价值的见解。第四，你能充分认可别人的价值。第五，你能带给人家愉快的心情。凡遇事，知道的不要全说，看到的不要全信，听到的就地消化。久而久之，气场自成！一一 ​​​大家早上 ​
王冰汝,今天06:26,327,246,0,//weibo.com/2174585797/JE9mcqcPl?refer_flag=1001030103_,#拜登正式宣誓就职美国第46任总统# #v光计划#新官上任三把火，拜登一口气签署17项行政命令，撤销特朗普政府时期的政策，包括三大领域：新冠疫情，气候环境和移民政策。👉新冠疫情危机重回世界卫生组织；寻求一项1.9万亿美元的纾困法案，旨在加速新冠疫苗的分发，同时为数百万受大流行病影响的美国 ​
央视新闻,今天06:06,152,219,0,//weibo.com/2656274875/JE9esdBkd?refer_flag=1001030103_,【#美国新冠肺炎超2438万例#】美国约翰斯·霍普金斯大学统计数据显示，截至美东时间20日16时22分，美国累计新冠肺炎确诊病例达24382311例，累计死亡病例404898例。过去24小时，美国新增确诊病例171967例，新增死亡病例3770例。（央视记者刘骁骞） ​
凤凰王又又,今天06:44,13,133,0,//weibo.com/6498373231/JE9tD4ty7?refer_flag=1001030103_,我收工了，大兵还没。 2美国·华盛顿 ​
思想聚焦,今天06:06,56,39,0,//weibo.com/1742566624/JE9e59CDW?refer_flag=1001030103_,树欲静而风不止，子欲养而亲不待。#长大后最可怕的事情# ​​​​
环球纪录频道,今天06:00,142,4,0,//weibo.com/5867737487/JE9bEaWaX?refer_flag=1001030103_,NHK纪录片《中国文明.王朝交替の秘密》L环球纪录频道的微博视频 ​
王冰汝,今天06:26,343,261,0,//weibo.com/2174585797/JE9mcqcPl?refer_flag=1001030103_,#拜登正式宣誓就职美国第46任总统# #v光计划#新官上任三把火，拜登一口气签署17项行政命令，撤销特朗普政府时期的政策，包括三大领域：新冠疫情，气候环境和移民政策。👉新冠疫情危机重回世界卫生组织；寻求一项1.9万亿美元的纾困法案，旨在加速新冠疫苗的分发，同时为数百万受大流行病影响的美国 ​
头条新闻,今天06:13,108,79,0,//weibo.com/1618051664/JE9h26rkU?refer_flag=1001030103_,【#拜登正式宣誓就职美国第46任总统# 就职演说重点都在这了！】1月20日，拜登正式宣誓就职美国第46任总统，随后发表就职演说。他称当天为“美国之日”， 并表示“美国经受了新的考验，美国已奋起迎接挑战”。“人民的意志得到了倾听，人民的意志得到了重视。”他承诺将修复联盟，再次与世界接触，引领 ​
皇马新闻,今天06:32,75,179,0,//weibo.com/1990309453/JE9oFsYlz?refer_flag=1001030103_,耻辱的夜晚。国王杯被一支西班牙第三级别球队西乙Ｂ球队淘汰出局。这场比赛大概就是皇马本赛季的缩影吧。无力吐槽了。拜仁、马竞也被低级别联赛淘汰出局，但是他们是联赛榜首，而我们呢？感觉又是一地鸡毛的一个赛季。大家晚安吧，也说一声早安吧。#皇马国王杯爆冷出局# ​
教您弄头发,今天06:00,5,1,0,//weibo.com/2610968961/JE9bEeeLr?refer_flag=1001030103_,s秒赞 2021好运会立马向你飞奔而来❤️🐬🐬​​​​
HW前HR,今天06:00,122,104,0,//weibo.com/3626485974/JE9bRsDAu?refer_flag=1001030103_,人类社会不一定富国就会胜过穷国，而是有组织执行力的会胜过没有组织执行力的。如果看中外历史，一定会发现很多例子，就是发达社会被经济落后的国家或者部族灭国了，比如北宋经济文化遥遥领先金，但是被金灭国；南宋经济和文化遥遥领先蒙古，但是南宋被灭了。因为宋空有经济，但是整个社会组织能力， ​
央视新闻,今天06:06,166,225,0,//weibo.com/2656274875/JE9esdBkd?refer_flag=1001030103_,【#美国新冠肺炎超2438万例#】美国约翰斯·霍普金斯大学统计数据显示，截至美东时间20日16时22分，美国累计新冠肺炎确诊病例达24382311例，累计死亡病例404898例。过去24小时，美国新增确诊病例171967例，新增死亡病例3770例。（央视记者刘骁骞） ​
皇马新闻,今天06:32,75,179,0,//weibo.com/1990309453/JE9oFsYlz?refer_flag=1001030103_,耻辱的夜晚。国王杯被一支西班牙第三级别球队西乙Ｂ球队淘汰出局。这场比赛大概就是皇马本赛季的缩影吧。无力吐槽了。拜仁、马竞也被低级别联赛淘汰出局，但是他们是联赛榜首，而我们呢？感觉又是一地鸡毛的一个赛季。大家晚安吧，也说一声早安吧。#皇马国王杯爆冷出局# ​
思多金,今天06:02,39,13,0,//weibo.com/6003448985/JE9cEuCLP?refer_flag=1001030103_,人家愿意跟你相处的原因有：第一，你能带给人家实用价值。第二，跟你相处能打开眼界。第三，你能倾听别人的想法并发表有价值的见解。第四，你能充分认可别人的价值。第五，你能带给人家愉快的心情。凡遇事，知道的不要全说，看到的不要全信，听到的就地消化。久而久之，气场自成！一一 ​​​大家早上 ​
头条新闻,今天06:13,108,79,0,//weibo.com/1618051664/JE9h26rkU?refer_flag=1001030103_,【#拜登正式宣誓就职美国第46任总统# 就职演说重点都在这了！】1月20日，拜登正式宣誓就职美国第46任总统，随后发表就职演说。他称当天为“美国之日”， 并表示“美国经受了新的考验，美国已奋起迎接挑战”。“人民的意志得到了倾听，人民的意志得到了重视。”他承诺将修复联盟，再次与世界接触，引领 ​
HW前HR,今天06:00,122,104,0,//weibo.com/3626485974/JE9bRsDAu?refer_flag=1001030103_,人类社会不一定富国就会胜过穷国，而是有组织执行力的会胜过没有组织执行力的。如果看中外历史，一定会发现很多例子，就是发达社会被经济落后的国家或者部族灭国了，比如北宋经济文化遥遥领先金，但是被金灭国；南宋经济和文化遥遥领先蒙古，但是南宋被灭了。因为宋空有经济，但是整个社会组织能力， ​
教您弄头发,今天06:00,4,1,0,//weibo.com/2610968961/JE9bEeeLr?refer_flag=1001030103_,s秒赞 2021好运会立马向你飞奔而来❤️🐬🐬​​​​
头条新闻,今天06:13,101,74,0,//weibo.com/1618051664/JE9h26rkU?refer_flag=1001030103_,【#拜登正式宣誓就职美国第46任总统# 就职演说重点都在这了！】1月20日，拜登正式宣誓就职美国第46任总统，随后发表就职演说。他称当天为“美国之日”， 并表示“美国经受了新的考验，美国已奋起迎接挑战”。“人民的意志得到了倾听，人民的意志得到了重视。”他承诺将修复联盟，再次与世界接触，引领 ​
环球纪录频道,今天06:00,142,4,0,//weibo.com/5867737487/JE9bEaWaX?refer_flag=1001030103_,NHK纪录片《中国文明.王朝交替の秘密》L环球纪录频道的微博视频 ​
凤凰王又又,今天06:44,13,133,0,//weibo.com/6498373231/JE9tD4ty7?refer_flag=1001030103_,我收工了，大兵还没。 2美国·华盛顿 ​
央视新闻,今天06:06,152,219,0,//weibo.com/2656274875/JE9esdBkd?refer_flag=1001030103_,【#美国新冠肺炎超2438万例#】美国约翰斯·霍普金斯大学统计数据显示，截至美东时间20日16时22分，美国累计新冠肺炎确诊病例达24382311例，累计死亡病例404898例。过去24小时，美国新增确诊病例171967例，新增死亡病例3770例。（央视记者刘骁骞） ​
HW前HR,今天06:00,122,104,0,//weibo.com/3626485974/JE9bRsDAu?refer_flag=1001030103_,人类社会不一定富国就会胜过穷国，而是有组织执行力的会胜过没有组织执行力的。如果看中外历史，一定会发现很多例子，就是发达社会被经济落后的国家或者部族灭国了，比如北宋经济文化遥遥领先金，但是被金灭国；南宋经济和文化遥遥领先蒙古，但是南宋被灭了。因为宋空有经济，但是整个社会组织能力， ​
凤凰王又又,今天06:44,14,141,0,//weibo.com/6498373231/JE9tD4ty7?refer_flag=1001030103_,我收工了，大兵还没。 2美国·华盛顿 ​
教您弄头发,今天06:00,5,1,0,//weibo.com/2610968961/JE9bEeeLr?refer_flag=1001030103_,s秒赞 2021好运会立马向你飞奔而来❤️🐬🐬​​​​
环球纪录频道,今天06:00,146,4,0,//weibo.com/5867737487/JE9bEaWaX?refer_flag=1001030103_,NHK纪录片《中国文明.王朝交替の秘密》L环球纪录频道的微博视频 ​
王冰汝,今天06:26,343,261,0,//weibo.com/2174585797/JE9mcqcPl?refer_flag=1001030103_,#拜登正式宣誓就职美国第46任总统# #v光计划#新官上任三把火，拜登一口气签署17项行政命令，撤销特朗普政府时期的政策，包括三大领域：新冠疫情，气候环境和移民政策。👉新冠疫情危机重回世界卫生组织；寻求一项1.9万亿美元的纾困法案，旨在加速新冠疫苗的分发，同时为数百万受大流行病影响的美国 ​
教您弄头发,今天06:00,4,1,0,//weibo.com/2610968961/JE9bEeeLr?refer_flag=1001030103_,s秒赞 2021好运会立马向你飞奔而来❤️🐬🐬​​​​
思想聚焦,今天06:06,56,40,0,//weibo.com/1742566624/JE9e59CDW?refer_flag=1001030103_,树欲静而风不止，子欲养而亲不待。#长大后最可怕的事情# ​​​​
凤凰王又又,今天06:44,13,136,0,//weibo.com/6498373231/JE9tD4ty7?refer_flag=1001030103_,我收工了，大兵还没。 2美国·华盛顿 ​
皇马新闻,今天06:32,71,175,0,//weibo.com/1990309453/JE9oFsYlz?refer_flag=1001030103_,耻辱的夜晚。国王杯被一支西班牙第三级别球队西乙Ｂ球队淘汰出局。这场比赛大概就是皇马本赛季的缩影吧。无力吐槽了。拜仁、马竞也被低级别联赛淘汰出局，但是他们是联赛榜首，而我们呢？感觉又是一地鸡毛的一个赛季。大家晚安吧，也说一声早安吧。#皇马国王杯爆冷出局# ​
HW前HR,今天06:00,119,98,0,//weibo.com/3626485974/JE9bRsDAu?refer_flag=1001030103_,人类社会不一定富国就会胜过穷国，而是有组织执行力的会胜过没有组织执行力的。如果看中外历史，一定会发现很多例子，就是发达社会被经济落后的国家或者部族灭国了，比如北宋经济文化遥遥领先金，但是被金灭国；南宋经济和文化遥遥领先蒙古，但是南宋被灭了。因为宋空有经济，但是整个社会组织能力， ​
央视新闻,今天06:06,152,219,0,//weibo.com/2656274875/JE9esdBkd?refer_flag=1001030103_,【#美国新冠肺炎超2438万例#】美国约翰斯·霍普金斯大学统计数据显示，截至美东时间20日16时22分，美国累计新冠肺炎确诊病例达24382311例，累计死亡病例404898例。过去24小时，美国新增确诊病例171967例，新增死亡病例3770例。（央视记者刘骁骞） ​
HW前HR,今天06:00,118,97,0,//weibo.com/3626485974/JE9bRsDAu?refer_flag=1001030103_,人类社会不一定富国就会胜过穷国，而是有组织执行力的会胜过没有组织执行力的。如果看中外历史，一定会发现很多例子，就是发达社会被经济落后的国家或者部族灭国了，比如北宋经济文化遥遥领先金，但是被金灭国；南宋经济和文化遥遥领先蒙古，但是南宋被灭了。因为宋空有经济，但是整个社会组织能力， ​
环球纪录频道,今天06:00,142,4,0,//weibo.com/5867737487/JE9bEaWaX?refer_flag=1001030103_,NHK纪录片《中国文明.王朝交替の秘密》L环球纪录频道的微博视频 ​
头条新闻,今天06:13,101,74,0,//weibo.com/1618051664/JE9h26rkU?refer_flag=1001030103_,【#拜登正式宣誓就职美国第46任总统# 就职演说重点都在这了！】1月20日，拜登正式宣誓就职美国第46任总统，随后发表就职演说。他称当天为“美国之日”， 并表示“美国经受了新的考验，美国已奋起迎接挑战”。“人民的意志得到了倾听，人民的意志得到了重视。”他承诺将修复联盟，再次与世界接触，引领 ​
凤凰王又又,今天06:44,13,133,0,//weibo.com/6498373231/JE9tD4ty7?refer_flag=1001030103_,我收工了，大兵还没。 2美国·华盛顿 ​
环球纪录频道,今天06:00,135,4,0,//weibo.com/5867737487/JE9bEaWaX?refer_flag=1001030103_,NHK纪录片《中国文明.王朝交替の秘密》L环球纪录频道的微博视频 ​
皇马新闻,今天06:32,68,172,0,//weibo.com/1990309453/JE9oFsYlz?refer_flag=1001030103_,耻辱的夜晚。国王杯被一支西班牙第三级别球队西乙Ｂ球队淘汰出局。这场比赛大概就是皇马本赛季的缩影吧。无力吐槽了。拜仁、马竞也被低级别联赛淘汰出局，但是他们是联赛榜首，而我们呢？感觉又是一地鸡毛的一个赛季。大家晚安吧，也说一声早安吧。#皇马国王杯爆冷出局# ​
教您弄头发,今天06:00,4,1,0,//weibo.com/2610968961/JE9bEeeLr?refer_flag=1001030103_,s秒赞 2021好运会立马向你飞奔而来❤️🐬🐬​​​​
王冰汝,今天06:26,316,233,0,//weibo.com/2174585797/JE9mcqcPl?refer_flag=1001030103_,#拜登正式宣誓就职美国第46任总统# #v光计划#新官上任三把火，拜登一口气签署17项行政命令，撤销特朗普政府时期的政策，包括三大领域：新冠疫情，气候环境和移民政策。👉新冠疫情危机重回世界卫生组织；寻求一项1.9万亿美元的纾困法案，旨在加速新冠疫苗的分发，同时为数百万受大流行病影响的美国 ​
思多金,今天06:02,39,13,0,//weibo.com/6003448985/JE9cEuCLP?refer_flag=1001030103_,人家愿意跟你相处的原因有：第一，你能带给人家实用价值。第二，跟你相处能打开眼界。第三，你能倾听别人的想法并发表有价值的见解。第四，你能充分认可别人的价值。第五，你能带给人家愉快的心情。凡遇事，知道的不要全说，看到的不要全信，听到的就地消化。久而久之，气场自成！一一 ​​​大家早上 ​
思想聚焦,今天06:06,57,42,0,//weibo.com/1742566624/JE9e59CDW?refer_flag=1001030103_,树欲静而风不止，子欲养而亲不待。#长大后最可怕的事情# ​​​​
凤凰王又又,今天06:44,14,140,0,//weibo.com/6498373231/JE9tD4ty7?refer_flag=1001030103_,我收工了，大兵还没。 2美国·华盛顿 ​
皇马新闻,今天06:32,73,177,0,//weibo.com/1990309453/JE9oFsYlz?refer_flag=1001030103_,耻辱的夜晚。国王杯被一支西班牙第三级别球队西乙Ｂ球队淘汰出局。这场比赛大概就是皇马本赛季的缩影吧。无力吐槽了。拜仁、马竞也被低级别联赛淘汰出局，但是他们是联赛榜首，而我们呢？感觉又是一地鸡毛的一个赛季。大家晚安吧，也说一声早安吧。#皇马国王杯爆冷出局# ​
环球纪录频道,今天06:00,144,4,0,//weibo.com/5867737487/JE9bEaWaX?refer_flag=1001030103_,NHK纪录片《中国文明.王朝交替の秘密》L环球纪录频道的微博视频 ​
教您弄头发,今天06:00,4,1,0,//weibo.com/2610968961/JE9bEeeLr?refer_flag=1001030103_,s秒赞 2021好运会立马向你飞奔而来❤️🐬🐬​​​​
环球纪录频道,今天06:00,135,4,0,//weibo.com/5867737487/JE9bEaWaX?refer_flag=1001030103_,NHK纪录片《中国文明.王朝交替の秘密》L环球纪录频道的微博视频 ​
王冰汝,今天06:26,316,233,0,//weibo.com/2174585797/JE9mcqcPl?refer_flag=1001030103_,#拜登正式宣誓就职美国第46任总统# #v光计划#新官上任三把火，拜登一口气签署17项行政命令，撤销特朗普政府时期的政策，包括三大领域：新冠疫情，气候环境和移民政策。👉新冠疫情危机重回世界卫生组织；寻求一项1.9万亿美元的纾困法案，旨在加速新冠疫苗的分发，同时为数百万受大流行病影响的美国 ​
头条新闻,今天06:13,97,71,0,//weibo.com/1618051664/JE9h26rkU?refer_flag=1001030103_,【#拜登正式宣誓就职美国第46任总统# 就职演说重点都在这了！】1月20日，拜登正式宣誓就职美国第46任总统，随后发表就职演说。他称当天为“美国之日”， 并表示“美国经受了新的考验，美国已奋起迎接挑战”。“人民的意志得到了倾听，人民的意志得到了重视。”他承诺将修复联盟，再次与世界接触，引领 ​
思想聚焦,今天06:06,54,37,0,//weibo.com/1742566624/JE9e59CDW?refer_flag=1001030103_,树欲静而风不止，子欲养而亲不待。#长大后最可怕的事情# ​​​​
思多金,今天06:02,39,13,0,//weibo.com/6003448985/JE9cEuCLP?refer_flag=1001030103_,人家愿意跟你相处的原因有：第一，你能带给人家实用价值。第二，跟你相处能打开眼界。第三，你能倾听别人的想法并发表有价值的见解。第四，你能充分认可别人的价值。第五，你能带给人家愉快的心情。凡遇事，知道的不要全说，看到的不要全信，听到的就地消化。久而久之，气场自成！一一 ​​​大家早上 ​
思想聚焦,今天06:06,58,42,0,//weibo.com/1742566624/JE9e59CDW?refer_flag=1001030103_,树欲静而风不止，子欲养而亲不待。#长大后最可怕的事情# ​​​​
央视新闻,今天06:06,166,225,0,//weibo.com/2656274875/JE9esdBkd?refer_flag=1001030103_,【#美国新冠肺炎超2438万例#】美国约翰斯·霍普金斯大学统计数据显示，截至美东时间20日16时22分，美国累计新冠肺炎确诊病例达24382311例，累计死亡病例404898例。过去24小时，美国新增确诊病例171967例，新增死亡病例3770例。（央视记者刘骁骞） ​
皇马新闻,今天06:32,75,179,0,//weibo.com/1990309453/JE9oFsYlz?refer_flag=1001030103_,耻辱的夜晚。国王杯被一支西班牙第三级别球队西乙Ｂ球队淘汰出局。这场比赛大概就是皇马本赛季的缩影吧。无力吐槽了。拜仁、马竞也被低级别联赛淘汰出局，但是他们是联赛榜首，而我们呢？感觉又是一地鸡毛的一个赛季。大家晚安吧，也说一声早安吧。#皇马国王杯爆冷出局# ​
教您弄头发,今天06:00,5,1,0,//weibo.com/2610968961/JE9bEeeLr?refer_flag=1001030103_,s秒赞 2021好运会立马向你飞奔而来❤️🐬🐬​​​​
环球纪录频道,今天06:00,146,4,0,//weibo.com/5867737487/JE9bEaWaX?refer_flag=1001030103_,NHK纪录片《中国文明.王朝交替の秘密》L环球纪录频道的微博视频 ​
教您弄头发,今天06:00,4,1,0,//weibo.com/2610968961/JE9bEeeLr?refer_flag=1001030103_,s秒赞 2021好运会立马向你飞奔而来❤️🐬🐬​​​​
HW前HR,今天06:00,119,98,0,//weibo.com/3626485974/JE9bRsDAu?refer_flag=1001030103_,人类社会不一定富国就会胜过穷国，而是有组织执行力的会胜过没有组织执行力的。如果看中外历史，一定会发现很多例子，就是发达社会被经济落后的国家或者部族灭国了，比如北宋经济文化遥遥领先金，但是被金灭国；南宋经济和文化遥遥领先蒙古，但是南宋被灭了。因为宋空有经济，但是整个社会组织能力， ​
环球纪录频道,今天06:00,143,4,0,//weibo.com/5867737487/JE9bEaWaX?refer_flag=1001030103_,NHK纪录片《中国文明.王朝交替の秘密》L环球纪录频道的微博视频 ​
凤凰王又又,今天06:44,13,136,0,//weibo.com/6498373231/JE9tD4ty7?refer_flag=1001030103_,我收工了，大兵还没。 2美国·华盛顿 ​
皇马新闻,今天06:32,71,175,0,//weibo.com/1990309453/JE9oFsYlz?refer_flag=1001030103_,耻辱的夜晚。国王杯被一支西班牙第三级别球队西乙Ｂ球队淘汰出局。这场比赛大概就是皇马本赛季的缩影吧。无力吐槽了。拜仁、马竞也被低级别联赛淘汰出局，但是他们是联赛榜首，而我们呢？感觉又是一地鸡毛的一个赛季。大家晚安吧，也说一声早安吧。#皇马国王杯爆冷出局# ​
思想聚焦,今天06:06,62,45,0,//weibo.com/1742566624/JE9e59CDW?refer_flag=1001030103_,树欲静而风不止，子欲养而亲不待。#长大后最可怕的事情# ​​​​
思多金,今天06:02,44,15,0,//weibo.com/6003448985/JE9cEuCLP?refer_flag=1001030103_,人家愿意跟你相处的原因有：第一，你能带给人家实用价值。第二，跟你相处能打开眼界。第三，你能倾听别人的想法并发表有价值的见解。第四，你能充分认可别人的价值。第五，你能带给人家愉快的心情。凡遇事，知道的不要全说，看到的不要全信，听到的就地消化。久而久之，气场自成！一一 ​​​大家早上 ​
王冰汝,今天06:26,373,287,0,//weibo.com/2174585797/JE9mcqcPl?refer_flag=1001030103_,#拜登正式宣誓就职美国第46任总统# #v光计划#新官上任三把火，拜登一口气签署17项行政命令，撤销特朗普政府时期的政策，包括三大领域：新冠疫情，气候环境和移民政策。👉新冠疫情危机重回世界卫生组织；寻求一项1.9万亿美元的纾困法案，旨在加速新冠疫苗的分发，同时为数百万受大流行病影响的美国 ​
教您弄头发,今天06:00,5,1,0,//weibo.com/2610968961/JE9bEeeLr?refer_flag=1001030103_,s秒赞 2021好运会立马向你飞奔而来❤️🐬🐬​​​​
头条新闻,今天06:13,114,91,0,//weibo.com/1618051664/JE9h26rkU?refer_flag=1001030103_,【#拜登正式宣誓就职美国第46任总统# 就职演说重点都在这了！】1月20日，拜登正式宣誓就职美国第46任总统，随后发表就职演说。他称当天为“美国之日”， 并表示“美国经受了新的考验，美国已奋起迎接挑战”。“人民的意志得到了倾听，人民的意志得到了重视。”他承诺将修复联盟，再次与世界接触，引领 ​
凤凰王又又,今天06:44,13,136,0,//weibo.com/6498373231/JE9tD4ty7?refer_flag=1001030103_,我收工了，大兵还没。 2美国·华盛顿 ​
思多金,今天06:02,39,13,0,//weibo.com/6003448985/JE9cEuCLP?refer_flag=1001030103_,人家愿意跟你相处的原因有：第一，你能带给人家实用价值。第二，跟你相处能打开眼界。第三，你能倾听别人的想法并发表有价值的见解。第四，你能充分认可别人的价值。第五，你能带给人家愉快的心情。凡遇事，知道的不要全说，看到的不要全信，听到的就地消化。久而久之，气场自成！一一 ​​​大家早上 ​
教您弄头发,今天06:00,4,1,0,//weibo.com/2610968961/JE9bEeeLr?refer_flag=1001030103_,s秒赞 2021好运会立马向你飞奔而来❤️🐬🐬​​​​
皇马新闻,今天06:32,71,175,0,//weibo.com/1990309453/JE9oFsYlz?refer_flag=1001030103_,耻辱的夜晚。国王杯被一支西班牙第三级别球队西乙Ｂ球队淘汰出局。这场比赛大概就是皇马本赛季的缩影吧。无力吐槽了。拜仁、马竞也被低级别联赛淘汰出局，但是他们是联赛榜首，而我们呢？感觉又是一地鸡毛的一个赛季。大家晚安吧，也说一声早安吧。#皇马国王杯爆冷出局# ​
思想聚焦,今天06:06,56,40,0,//weibo.com/1742566624/JE9e59CDW?refer_flag=1001030103_,树欲静而风不止，子欲养而亲不待。#长大后最可怕的事情# ​​​​
教您弄头发,今天06:00,4,1,0,//weibo.com/2610968961/JE9bEeeLr?refer_flag=1001030103_,s秒赞 2021好运会立马向你飞奔而来❤️🐬🐬​​​​
HW前HR,今天06:00,120,101,0,//weibo.com/3626485974/JE9bRsDAu?refer_flag=1001030103_,人类社会不一定富国就会胜过穷国，而是有组织执行力的会胜过没有组织执行力的。如果看中外历史，一定会发现很多例子，就是发达社会被经济落后的国家或者部族灭国了，比如北宋经济文化遥遥领先金，但是被金灭国；南宋经济和文化遥遥领先蒙古，但是南宋被灭了。因为宋空有经济，但是整个社会组织能力， ​
央视新闻,今天06:06,162,224,0,//weibo.com/2656274875/JE9esdBkd?refer_flag=1001030103_,【#美国新冠肺炎超2438万例#】美国约翰斯·霍普金斯大学统计数据显示，截至美东时间20日16时22分，美国累计新冠肺炎确诊病例达24382311例，累计死亡病例404898例。过去24小时，美国新增确诊病例171967例，新增死亡病例3770例。（央视记者刘骁骞） ​
思想聚焦,今天06:06,57,42,0,//weibo.com/1742566624/JE9e59CDW?refer_flag=1001030103_,树欲静而风不止，子欲养而亲不待。#长大后最可怕的事情# ​​​​
思多金,今天06:02,39,13,0,//weibo.com/6003448985/JE9cEuCLP?refer_flag=1001030103_,人家愿意跟你相处的原因有：第一，你能带给人家实用价值。第二，跟你相处能打开眼界。第三，你能倾听别人的想法并发表有价值的见解。第四，你能充分认可别人的价值。第五，你能带给人家愉快的心情。凡遇事，知道的不要全说，看到的不要全信，听到的就地消化。久而久之，气场自成！一一 ​​​大家早上 ​
HW前HR,今天06:00,118,97,0,//weibo.com/3626485974/JE9bRsDAu?refer_flag=1001030103_,人类社会不一定富国就会胜过穷国，而是有组织执行力的会胜过没有组织执行力的。如果看中外历史，一定会发现很多例子，就是发达社会被经济落后的国家或者部族灭国了，比如北宋经济文化遥遥领先金，但是被金灭国；南宋经济和文化遥遥领先蒙古，但是南宋被灭了。因为宋空有经济，但是整个社会组织能力， ​
思想聚焦,今天06:06,56,39,0,//weibo.com/1742566624/JE9e59CDW?refer_flag=1001030103_,树欲静而风不止，子欲养而亲不待。#长大后最可怕的事情# ​​​​
头条新闻,今天06:13,101,74,0,//weibo.com/1618051664/JE9h26rkU?refer_flag=1001030103_,【#拜登正式宣誓就职美国第46任总统# 就职演说重点都在这了！】1月20日，拜登正式宣誓就职美国第46任总统，随后发表就职演说。他称当天为“美国之日”， 并表示“美国经受了新的考验，美国已奋起迎接挑战”。“人民的意志得到了倾听，人民的意志得到了重视。”他承诺将修复联盟，再次与世界接触，引领 ​
凤凰王又又,今天06:44,13,133,0,//weibo.com/6498373231/JE9tD4ty7?refer_flag=1001030103_,我收工了，大兵还没。 2美国·华盛顿 ​
王冰汝,今天06:26,327,246,0,//weibo.com/2174585797/JE9mcqcPl?refer_flag=1001030103_,#拜登正式宣誓就职美国第46任总统# #v光计划#新官上任三把火，拜登一口气签署17项行政命令，撤销特朗普政府时期的政策，包括三大领域：新冠疫情，气候环境和移民政策。👉新冠疫情危机重回世界卫生组织；寻求一项1.9万亿美元的纾困法案，旨在加速新冠疫苗的分发，同时为数百万受大流行病影响的美国 ​
思想聚焦,今天06:06,62,45,0,//weibo.com/1742566624/JE9e59CDW?refer_flag=1001030103_,树欲静而风不止，子欲养而亲不待。#长大后最可怕的事情# ​​​​
王冰汝,今天06:26,373,287,0,//weibo.com/2174585797/JE9mcqcPl?refer_flag=1001030103_,#拜登正式宣誓就职美国第46任总统# #v光计划#新官上任三把火，拜登一口气签署17项行政命令，撤销特朗普政府时期的政策，包括三大领域：新冠疫情，气候环境和移民政策。👉新冠疫情危机重回世界卫生组织；寻求一项1.9万亿美元的纾困法案，旨在加速新冠疫苗的分发，同时为数百万受大流行病影响的美国 ​
教您弄头发,今天06:00,5,1,0,//weibo.com/2610968961/JE9bEeeLr?refer_flag=1001030103_,s秒赞 2021好运会立马向你飞奔而来❤️🐬🐬​​​​
凤凰王又又,今天06:44,15,151,0,//weibo.com/6498373231/JE9tD4ty7?refer_flag=1001030103_,我收工了，大兵还没。 2美国·华盛顿 ​
央视新闻,今天06:06,173,236,0,//weibo.com/2656274875/JE9esdBkd?refer_flag=1001030103_,【#美国新冠肺炎超2438万例#】美国约翰斯·霍普金斯大学统计数据显示，截至美东时间20日16时22分，美国累计新冠肺炎确诊病例达24382311例，累计死亡病例404898例。过去24小时，美国新增确诊病例171967例，新增死亡病例3770例。（央视记者刘骁骞） ​
凤凰王又又,今天06:44,15,151,0,//weibo.com/6498373231/JE9tD4ty7?refer_flag=1001030103_,我收工了，大兵还没。 2美国·华盛顿 ​
教您弄头发,今天06:00,5,1,0,//weibo.com/2610968961/JE9bEeeLr?refer_flag=1001030103_,s秒赞 2021好运会立马向你飞奔而来❤️🐬🐬​​​​
HW前HR,今天06:00,132,109,0,//weibo.com/3626485974/JE9bRsDAu?refer_flag=1001030103_,人类社会不一定富国就会胜过穷国，而是有组织执行力的会胜过没有组织执行力的。如果看中外历史，一定会发现很多例子，就是发达社会被经济落后的国家或者部族灭国了，比如北宋经济文化遥遥领先金，但是被金灭国；南宋经济和文化遥遥领先蒙古，但是南宋被灭了。因为宋空有经济，但是整个社会组织能力， ​
王冰汝,今天06:26,373,287,0,//weibo.com/2174585797/JE9mcqcPl?refer_flag=1001030103_,#拜登正式宣誓就职美国第46任总统# #v光计划#新官上任三把火，拜登一口气签署17项行政命令，撤销特朗普政府时期的政策，包括三大领域：新冠疫情，气候环境和移民政策。👉新冠疫情危机重回世界卫生组织；寻求一项1.9万亿美元的纾困法案，旨在加速新冠疫苗的分发，同时为数百万受大流行病影响的美国 ​
环球纪录频道,今天06:00,154,4,0,//weibo.com/5867737487/JE9bEaWaX?refer_flag=1001030103_,NHK纪录片《中国文明.王朝交替の秘密》L环球纪录频道的微博视频 ​
HW前HR,今天06:00,118,97,0,//weibo.com/3626485974/JE9bRsDAu?refer_flag=1001030103_,人类社会不一定富国就会胜过穷国，而是有组织执行力的会胜过没有组织执行力的。如果看中外历史，一定会发现很多例子，就是发达社会被经济落后的国家或者部族灭国了，比如北宋经济文化遥遥领先金，但是被金灭国；南宋经济和文化遥遥领先蒙古，但是南宋被灭了。因为宋空有经济，但是整个社会组织能力， ​
凤凰王又又,今天06:44,13,133,0,//weibo.com/6498373231/JE9tD4ty7?refer_flag=1001030103_,我收工了，大兵还没。 2美国·华盛顿 ​
央视新闻,今天06:06,152,219,0,//weibo.com/2656274875/JE9esdBkd?refer_flag=1001030103_,【#美国新冠肺炎超2438万例#】美国约翰斯·霍普金斯大学统计数据显示，截至美东时间20日16时22分，美国累计新冠肺炎确诊病例达24382311例，累计死亡病例404898例。过去24小时，美国新增确诊病例171967例，新增死亡病例3770例。（央视记者刘骁骞） ​
王冰汝,今天06:26,327,246,0,//weibo.com/2174585797/JE9mcqcPl?refer_flag=1001030103_,#拜登正式宣誓就职美国第46任总统# #v光计划#新官上任三把火，拜登一口气签署17项行政命令，撤销特朗普政府时期的政策，包括三大领域：新冠疫情，气候环境和移民政策。👉新冠疫情危机重回世界卫生组织；寻求一项1.9万亿美元的纾困法案，旨在加速新冠疫苗的分发，同时为数百万受大流行病影响的美国 ​
环球纪录频道,今天06:00,142,4,0,//weibo.com/5867737487/JE9bEaWaX?refer_flag=1001030103_,NHK纪录片《中国文明.王朝交替の秘密》L环球纪录频道的微博视频 ​
王冰汝,今天06:26,316,233,0,//weibo.com/2174585797/JE9mcqcPl?refer_flag=1001030103_,#拜登正式宣誓就职美国第46任总统# #v光计划#新官上任三把火，拜登一口气签署17项行政命令，撤销特朗普政府时期的政策，包括三大领域：新冠疫情，气候环境和移民政策。👉新冠疫情危机重回世界卫生组织；寻求一项1.9万亿美元的纾困法案，旨在加速新冠疫苗的分发，同时为数百万受大流行病影响的美国 ​
皇马新闻,今天06:32,68,172,0,//weibo.com/1990309453/JE9oFsYlz?refer_flag=1001030103_,耻辱的夜晚。国王杯被一支西班牙第三级别球队西乙Ｂ球队淘汰出局。这场比赛大概就是皇马本赛季的缩影吧。无力吐槽了。拜仁、马竞也被低级别联赛淘汰出局，但是他们是联赛榜首，而我们呢？感觉又是一地鸡毛的一个赛季。大家晚安吧，也说一声早安吧。#皇马国王杯爆冷出局# ​
头条新闻,今天06:13,97,71,0,//weibo.com/1618051664/JE9h26rkU?refer_flag=1001030103_,【#拜登正式宣誓就职美国第46任总统# 就职演说重点都在这了！】1月20日，拜登正式宣誓就职美国第46任总统，随后发表就职演说。他称当天为“美国之日”， 并表示“美国经受了新的考验，美国已奋起迎接挑战”。“人民的意志得到了倾听，人民的意志得到了重视。”他承诺将修复联盟，再次与世界接触，引领 ​
思多金,今天06:02,39,13,0,//weibo.com/6003448985/JE9cEuCLP?refer_flag=1001030103_,人家愿意跟你相处的原因有：第一，你能带给人家实用价值。第二，跟你相处能打开眼界。第三，你能倾听别人的想法并发表有价值的见解。第四，你能充分认可别人的价值。第五，你能带给人家愉快的心情。凡遇事，知道的不要全说，看到的不要全信，听到的就地消化。久而久之，气场自成！一一 ​​​大家早上 ​
凤凰王又又,今天06:44,12,132,0,//weibo.com/6498373231/JE9tD4ty7?refer_flag=1001030103_,我收工了，大兵还没。 2美国·华盛顿 ​
思想聚焦,今天06:06,62,45,0,//weibo.com/1742566624/JE9e59CDW?refer_flag=1001030103_,树欲静而风不止，子欲养而亲不待。#长大后最可怕的事情# ​​​​
教您弄头发,今天06:00,5,1,0,//weibo.com/2610968961/JE9bEeeLr?refer_flag=1001030103_,s秒赞 2021好运会立马向你飞奔而来❤️🐬🐬​​​​
头条新闻,今天06:13,114,91,0,//weibo.com/1618051664/JE9h26rkU?refer_flag=1001030103_,【#拜登正式宣誓就职美国第46任总统# 就职演说重点都在这了！】1月20日，拜登正式宣誓就职美国第46任总统，随后发表就职演说。他称当天为“美国之日”， 并表示“美国经受了新的考验，美国已奋起迎接挑战”。“人民的意志得到了倾听，人民的意志得到了重视。”他承诺将修复联盟，再次与世界接触，引领 ​
凤凰王又又,今天06:44,15,151,0,//weibo.com/6498373231/JE9tD4ty7?refer_flag=1001030103_,我收工了，大兵还没。 2美国·华盛顿 ​
HW前HR,今天06:00,132,109,0,//weibo.com/3626485974/JE9bRsDAu?refer_flag=1001030103_,人类社会不一定富国就会胜过穷国，而是有组织执行力的会胜过没有组织执行力的。如果看中外历史，一定会发现很多例子，就是发达社会被经济落后的国家或者部族灭国了，比如北宋经济文化遥遥领先金，但是被金灭国；南宋经济和文化遥遥领先蒙古，但是南宋被灭了。因为宋空有经济，但是整个社会组织能力， ​
思多金,今天06:02,44,15,0,//weibo.com/6003448985/JE9cEuCLP?refer_flag=1001030103_,人家愿意跟你相处的原因有：第一，你能带给人家实用价值。第二，跟你相处能打开眼界。第三，你能倾听别人的想法并发表有价值的见解。第四，你能充分认可别人的价值。第五，你能带给人家愉快的心情。凡遇事，知道的不要全说，看到的不要全信，听到的就地消化。久而久之，气场自成！一一 ​​​大家早上 ​
头条新闻,今天06:13,114,91,0,//weibo.com/1618051664/JE9h26rkU?refer_flag=1001030103_,【#拜登正式宣誓就职美国第46任总统# 就职演说重点都在这了！】1月20日，拜登正式宣誓就职美国第46任总统，随后发表就职演说。他称当天为“美国之日”， 并表示“美国经受了新的考验，美国已奋起迎接挑战”。“人民的意志得到了倾听，人民的意志得到了重视。”他承诺将修复联盟，再次与世界接触，引领 ​
HW前HR,今天06:00,132,109,0,//weibo.com/3626485974/JE9bRsDAu?refer_flag=1001030103_,人类社会不一定富国就会胜过穷国，而是有组织执行力的会胜过没有组织执行力的。如果看中外历史，一定会发现很多例子，就是发达社会被经济落后的国家或者部族灭国了，比如北宋经济文化遥遥领先金，但是被金灭国；南宋经济和文化遥遥领先蒙古，但是南宋被灭了。因为宋空有经济，但是整个社会组织能力， ​
凤凰王又又,今天06:44,15,151,0,//weibo.com/6498373231/JE9tD4ty7?refer_flag=1001030103_,我收工了，大兵还没。 2美国·华盛顿 ​
央视新闻,今天06:06,173,236,0,//weibo.com/2656274875/JE9esdBkd?refer_flag=1001030103_,【#美国新冠肺炎超2438万例#】美国约翰斯·霍普金斯大学统计数据显示，截至美东时间20日16时22分，美国累计新冠肺炎确诊病例达24382311例，累计死亡病例404898例。过去24小时，美国新增确诊病例171967例，新增死亡病例3770例。（央视记者刘骁骞） ​
央视新闻,今天06:06,156,219,0,//weibo.com/2656274875/JE9esdBkd?refer_flag=1001030103_,【#美国新冠肺炎超2438万例#】美国约翰斯·霍普金斯大学统计数据显示，截至美东时间20日16时22分，美国累计新冠肺炎确诊病例达24382311例，累计死亡病例404898例。过去24小时，美国新增确诊病例171967例，新增死亡病例3770例。（央视记者刘骁骞） ​
教您弄头发,今天06:00,4,1,0,//weibo.com/2610968961/JE9bEeeLr?refer_flag=1001030103_,s秒赞 2021好运会立马向你飞奔而来❤️🐬🐬​​​​
思想聚焦,今天06:06,56,40,0,//weibo.com/1742566624/JE9e59CDW?refer_flag=1001030103_,树欲静而风不止，子欲养而亲不待。#长大后最可怕的事情# ​​​​
凤凰王又又,今天06:44,13,136,0,//weibo.com/6498373231/JE9tD4ty7?refer_flag=1001030103_,我收工了，大兵还没。 2美国·华盛顿 ​
头条新闻,今天06:13,102,76,0,//weibo.com/1618051664/JE9h26rkU?refer_flag=1001030103_,【#拜登正式宣誓就职美国第46任总统# 就职演说重点都在这了！】1月20日，拜登正式宣誓就职美国第46任总统，随后发表就职演说。他称当天为“美国之日”， 并表示“美国经受了新的考验，美国已奋起迎接挑战”。“人民的意志得到了倾听，人民的意志得到了重视。”他承诺将修复联盟，再次与世界接触，引领 ​
皇马新闻,今天06:32,71,175,0,//weibo.com/1990309453/JE9oFsYlz?refer_flag=1001030103_,耻辱的夜晚。国王杯被一支西班牙第三级别球队西乙Ｂ球队淘汰出局。这场比赛大概就是皇马本赛季的缩影吧。无力吐槽了。拜仁、马竞也被低级别联赛淘汰出局，但是他们是联赛榜首，而我们呢？感觉又是一地鸡毛的一个赛季。大家晚安吧，也说一声早安吧。#皇马国王杯爆冷出局# ​
环球纪录频道,今天06:00,142,4,0,//weibo.com/5867737487/JE9bEaWaX?refer_flag=1001030103_,NHK纪录片《中国文明.王朝交替の秘密》L环球纪录频道的微博视频 ​
凤凰王又又,今天06:44,13,133,0,//weibo.com/6498373231/JE9tD4ty7?refer_flag=1001030103_,我收工了，大兵还没。 2美国·华盛顿 ​
HW前HR,今天06:00,118,97,0,//weibo.com/3626485974/JE9bRsDAu?refer_flag=1001030103_,人类社会不一定富国就会胜过穷国，而是有组织执行力的会胜过没有组织执行力的。如果看中外历史，一定会发现很多例子，就是发达社会被经济落后的国家或者部族灭国了，比如北宋经济文化遥遥领先金，但是被金灭国；南宋经济和文化遥遥领先蒙古，但是南宋被灭了。因为宋空有经济，但是整个社会组织能力， ​
王冰汝,今天06:26,327,246,0,//weibo.com/2174585797/JE9mcqcPl?refer_flag=1001030103_,#拜登正式宣誓就职美国第46任总统# #v光计划#新官上任三把火，拜登一口气签署17项行政命令，撤销特朗普政府时期的政策，包括三大领域：新冠疫情，气候环境和移民政策。👉新冠疫情危机重回世界卫生组织；寻求一项1.9万亿美元的纾困法案，旨在加速新冠疫苗的分发，同时为数百万受大流行病影响的美国 ​
思想聚焦,今天06:06,57,42,0,//weibo.com/1742566624/JE9e59CDW?refer_flag=1001030103_,树欲静而风不止，子欲养而亲不待。#长大后最可怕的事情# ​​​​
皇马新闻,今天06:32,73,177,0,//weibo.com/1990309453/JE9oFsYlz?refer_flag=1001030103_,耻辱的夜晚。国王杯被一支西班牙第三级别球队西乙Ｂ球队淘汰出局。这场比赛大概就是皇马本赛季的缩影吧。无力吐槽了。拜仁、马竞也被低级别联赛淘汰出局，但是他们是联赛榜首，而我们呢？感觉又是一地鸡毛的一个赛季。大家晚安吧，也说一声早安吧。#皇马国王杯爆冷出局# ​
央视新闻,今天06:06,162,224,0,//weibo.com/2656274875/JE9esdBkd?refer_flag=1001030103_,【#美国新冠肺炎超2438万例#】美国约翰斯·霍普金斯大学统计数据显示，截至美东时间20日16时22分，美国累计新冠肺炎确诊病例达24382311例，累计死亡病例404898例。过去24小时，美国新增确诊病例171967例，新增死亡病例3770例。（央视记者刘骁骞） ​
环球纪录频道,今天06:00,144,4,0,//weibo.com/5867737487/JE9bEaWaX?refer_flag=1001030103_,NHK纪录片《中国文明.王朝交替の秘密》L环球纪录频道的微博视频 ​
思多金,今天06:02,39,13,0,//weibo.com/6003448985/JE9cEuCLP?refer_flag=1001030103_,人家愿意跟你相处的原因有：第一，你能带给人家实用价值。第二，跟你相处能打开眼界。第三，你能倾听别人的想法并发表有价值的见解。第四，你能充分认可别人的价值。第五，你能带给人家愉快的心情。凡遇事，知道的不要全说，看到的不要全信，听到的就地消化。久而久之，气场自成！一一 ​​​大家早上 ​
思多金,今天06:02,39,13,0,//weibo.com/6003448985/JE9cEuCLP?refer_flag=1001030103_,人家愿意跟你相处的原因有：第一，你能带给人家实用价值。第二，跟你相处能打开眼界。第三，你能倾听别人的想法并发表有价值的见解。第四，你能充分认可别人的价值。第五，你能带给人家愉快的心情。凡遇事，知道的不要全说，看到的不要全信，听到的就地消化。久而久之，气场自成！一一 ​​​大家早上 ​
环球纪录频道,今天06:00,146,4,0,//weibo.com/5867737487/JE9bEaWaX?refer_flag=1001030103_,NHK纪录片《中国文明.王朝交替の秘密》L环球纪录频道的微博视频 ​
王冰汝,今天06:26,343,261,0,//weibo.com/2174585797/JE9mcqcPl?refer_flag=1001030103_,#拜登正式宣誓就职美国第46任总统# #v光计划#新官上任三把火，拜登一口气签署17项行政命令，撤销特朗普政府时期的政策，包括三大领域：新冠疫情，气候环境和移民政策。👉新冠疫情危机重回世界卫生组织；寻求一项1.9万亿美元的纾困法案，旨在加速新冠疫苗的分发，同时为数百万受大流行病影响的美国 ​
头条新闻,今天06:13,108,79,0,//weibo.com/1618051664/JE9h26rkU?refer_flag=1001030103_,【#拜登正式宣誓就职美国第46任总统# 就职演说重点都在这了！】1月20日，拜登正式宣誓就职美国第46任总统，随后发表就职演说。他称当天为“美国之日”， 并表示“美国经受了新的考验，美国已奋起迎接挑战”。“人民的意志得到了倾听，人民的意志得到了重视。”他承诺将修复联盟，再次与世界接触，引领 ​
凤凰王又又,今天06:44,14,141,0,//weibo.com/6498373231/JE9tD4ty7?refer_flag=1001030103_,我收工了，大兵还没。 2美国·华盛顿 ​
教您弄头发,今天06:00,4,1,0,//weibo.com/2610968961/JE9bEeeLr?refer_flag=1001030103_,s秒赞 2021好运会立马向你飞奔而来❤️🐬🐬​​​​
王冰汝,今天06:26,342,255,0,//weibo.com/2174585797/JE9mcqcPl?refer_flag=1001030103_,#拜登正式宣誓就职美国第46任总统# #v光计划#新官上任三把火，拜登一口气签署17项行政命令，撤销特朗普政府时期的政策，包括三大领域：新冠疫情，气候环境和移民政策。👉新冠疫情危机重回世界卫生组织；寻求一项1.9万亿美元的纾困法案，旨在加速新冠疫苗的分发，同时为数百万受大流行病影响的美国 ​
凤凰王又又,今天06:44,14,140,0,//weibo.com/6498373231/JE9tD4ty7?refer_flag=1001030103_,我收工了，大兵还没。 2美国·华盛顿 ​
思多金,今天06:02,39,13,0,//weibo.com/6003448985/JE9cEuCLP?refer_flag=1001030103_,人家愿意跟你相处的原因有：第一，你能带给人家实用价值。第二，跟你相处能打开眼界。第三，你能倾听别人的想法并发表有价值的见解。第四，你能充分认可别人的价值。第五，你能带给人家愉快的心情。凡遇事，知道的不要全说，看到的不要全信，听到的就地消化。久而久之，气场自成！一一 ​​​大家早上 ​
皇马新闻,今天06:32,73,177,0,//weibo.com/1990309453/JE9oFsYlz?refer_flag=1001030103_,耻辱的夜晚。国王杯被一支西班牙第三级别球队西乙Ｂ球队淘汰出局。这场比赛大概就是皇马本赛季的缩影吧。无力吐槽了。拜仁、马竞也被低级别联赛淘汰出局，但是他们是联赛榜首，而我们呢？感觉又是一地鸡毛的一个赛季。大家晚安吧，也说一声早安吧。#皇马国王杯爆冷出局# ​
王冰汝,今天06:26,343,261,0,//weibo.com/2174585797/JE9mcqcPl?refer_flag=1001030103_,#拜登正式宣誓就职美国第46任总统# #v光计划#新官上任三把火，拜登一口气签署17项行政命令，撤销特朗普政府时期的政策，包括三大领域：新冠疫情，气候环境和移民政策。👉新冠疫情危机重回世界卫生组织；寻求一项1.9万亿美元的纾困法案，旨在加速新冠疫苗的分发，同时为数百万受大流行病影响的美国 ​
教您弄头发,今天06:00,5,1,0,//weibo.com/2610968961/JE9bEeeLr?refer_flag=1001030103_,s秒赞 2021好运会立马向你飞奔而来❤️🐬🐬​​​​
皇马新闻,今天06:32,75,179,0,//weibo.com/1990309453/JE9oFsYlz?refer_flag=1001030103_,耻辱的夜晚。国王杯被一支西班牙第三级别球队西乙Ｂ球队淘汰出局。这场比赛大概就是皇马本赛季的缩影吧。无力吐槽了。拜仁、马竞也被低级别联赛淘汰出局，但是他们是联赛榜首，而我们呢？感觉又是一地鸡毛的一个赛季。大家晚安吧，也说一声早安吧。#皇马国王杯爆冷出局# ​
央视新闻,今天06:06,166,225,0,//weibo.com/2656274875/JE9esdBkd?refer_flag=1001030103_,【#美国新冠肺炎超2438万例#】美国约翰斯·霍普金斯大学统计数据显示，截至美东时间20日16时22分，美国累计新冠肺炎确诊病例达24382311例，累计死亡病例404898例。过去24小时，美国新增确诊病例171967例，新增死亡病例3770例。（央视记者刘骁骞） ​
HW前HR,今天06:00,122,104,0,//weibo.com/3626485974/JE9bRsDAu?refer_flag=1001030103_,人类社会不一定富国就会胜过穷国，而是有组织执行力的会胜过没有组织执行力的。如果看中外历史，一定会发现很多例子，就是发达社会被经济落后的国家或者部族灭国了，比如北宋经济文化遥遥领先金，但是被金灭国；南宋经济和文化遥遥领先蒙古，但是南宋被灭了。因为宋空有经济，但是整个社会组织能力， ​
王冰汝,今天06:26,343,261,0,//weibo.com/2174585797/JE9mcqcPl?refer_flag=1001030103_,#拜登正式宣誓就职美国第46任总统# #v光计划#新官上任三把火，拜登一口气签署17项行政命令，撤销特朗普政府时期的政策，包括三大领域：新冠疫情，气候环境和移民政策。👉新冠疫情危机重回世界卫生组织；寻求一项1.9万亿美元的纾困法案，旨在加速新冠疫苗的分发，同时为数百万受大流行病影响的美国 ​
思想聚焦,今天06:06,58,42,0,//weibo.com/1742566624/JE9e59CDW?refer_flag=1001030103_,树欲静而风不止，子欲养而亲不待。#长大后最可怕的事情# ​​​​
皇马新闻,今天06:32,75,179,0,//weibo.com/1990309453/JE9oFsYlz?refer_flag=1001030103_,耻辱的夜晚。国王杯被一支西班牙第三级别球队西乙Ｂ球队淘汰出局。这场比赛大概就是皇马本赛季的缩影吧。无力吐槽了。拜仁、马竞也被低级别联赛淘汰出局，但是他们是联赛榜首，而我们呢？感觉又是一地鸡毛的一个赛季。大家晚安吧，也说一声早安吧。#皇马国王杯爆冷出局# ​
思多金,今天06:02,39,13,0,//weibo.com/6003448985/JE9cEuCLP?refer_flag=1001030103_,人家愿意跟你相处的原因有：第一，你能带给人家实用价值。第二，跟你相处能打开眼界。第三，你能倾听别人的想法并发表有价值的见解。第四，你能充分认可别人的价值。第五，你能带给人家愉快的心情。凡遇事，知道的不要全说，看到的不要全信，听到的就地消化。久而久之，气场自成！一一 ​​​大家早上 ​
头条新闻,今天06:13,108,79,0,//weibo.com/1618051664/JE9h26rkU?refer_flag=1001030103_,【#拜登正式宣誓就职美国第46任总统# 就职演说重点都在这了！】1月20日，拜登正式宣誓就职美国第46任总统，随后发表就职演说。他称当天为“美国之日”， 并表示“美国经受了新的考验，美国已奋起迎接挑战”。“人民的意志得到了倾听，人民的意志得到了重视。”他承诺将修复联盟，再次与世界接触，引领 ​
思想聚焦,今天06:06,58,42,0,//weibo.com/1742566624/JE9e59CDW?refer_flag=1001030103_,树欲静而风不止，子欲养而亲不待。#长大后最可怕的事情# ​​​​
思多金,今天06:02,39,13,0,//weibo.com/6003448985/JE9cEuCLP?refer_flag=1001030103_,人家愿意跟你相处的原因有：第一，你能带给人家实用价值。第二，跟你相处能打开眼界。第三，你能倾听别人的想法并发表有价值的见解。第四，你能充分认可别人的价值。第五，你能带给人家愉快的心情。凡遇事，知道的不要全说，看到的不要全信，听到的就地消化。久而久之，气场自成！一一 ​​​大家早上 ​
王冰汝,今天06:26,343,261,0,//weibo.com/2174585797/JE9mcqcPl?refer_flag=1001030103_,#拜登正式宣誓就职美国第46任总统# #v光计划#新官上任三把火，拜登一口气签署17项行政命令，撤销特朗普政府时期的政策，包括三大领域：新冠疫情，气候环境和移民政策。👉新冠疫情危机重回世界卫生组织；寻求一项1.9万亿美元的纾困法案，旨在加速新冠疫苗的分发，同时为数百万受大流行病影响的美国 ​
皇马新闻,今天06:32,75,179,0,//weibo.com/1990309453/JE9oFsYlz?refer_flag=1001030103_,耻辱的夜晚。国王杯被一支西班牙第三级别球队西乙Ｂ球队淘汰出局。这场比赛大概就是皇马本赛季的缩影吧。无力吐槽了。拜仁、马竞也被低级别联赛淘汰出局，但是他们是联赛榜首，而我们呢？感觉又是一地鸡毛的一个赛季。大家晚安吧，也说一声早安吧。#皇马国王杯爆冷出局# ​
HW前HR,今天06:00,122,104,0,//weibo.com/3626485974/JE9bRsDAu?refer_flag=1001030103_,人类社会不一定富国就会胜过穷国，而是有组织执行力的会胜过没有组织执行力的。如果看中外历史，一定会发现很多例子，就是发达社会被经济落后的国家或者部族灭国了，比如北宋经济文化遥遥领先金，但是被金灭国；南宋经济和文化遥遥领先蒙古，但是南宋被灭了。因为宋空有经济，但是整个社会组织能力， ​
环球纪录频道,今天06:00,143,4,0,//weibo.com/5867737487/JE9bEaWaX?refer_flag=1001030103_,NHK纪录片《中国文明.王朝交替の秘密》L环球纪录频道的微博视频 ​
教您弄头发,今天06:00,4,1,0,//weibo.com/2610968961/JE9bEeeLr?refer_flag=1001030103_,s秒赞 2021好运会立马向你飞奔而来❤️🐬🐬​​​​
王冰汝,今天06:26,329,248,0,//weibo.com/2174585797/JE9mcqcPl?refer_flag=1001030103_,#拜登正式宣誓就职美国第46任总统# #v光计划#新官上任三把火，拜登一口气签署17项行政命令，撤销特朗普政府时期的政策，包括三大领域：新冠疫情，气候环境和移民政策。👉新冠疫情危机重回世界卫生组织；寻求一项1.9万亿美元的纾困法案，旨在加速新冠疫苗的分发，同时为数百万受大流行病影响的美国 ​
头条新闻,今天06:13,102,76,0,//weibo.com/1618051664/JE9h26rkU?refer_flag=1001030103_,【#拜登正式宣誓就职美国第46任总统# 就职演说重点都在这了！】1月20日，拜登正式宣誓就职美国第46任总统，随后发表就职演说。他称当天为“美国之日”， 并表示“美国经受了新的考验，美国已奋起迎接挑战”。“人民的意志得到了倾听，人民的意志得到了重视。”他承诺将修复联盟，再次与世界接触，引领 ​
思想聚焦,今天06:06,56,40,0,//weibo.com/1742566624/JE9e59CDW?refer_flag=1001030103_,树欲静而风不止，子欲养而亲不待。#长大后最可怕的事情# ​​​​
教您弄头发,今天06:00,4,1,0,//weibo.com/2610968961/JE9bEeeLr?refer_flag=1001030103_,s秒赞 2021好运会立马向你飞奔而来❤️🐬🐬​​​​
王冰汝,今天06:26,329,248,0,//weibo.com/2174585797/JE9mcqcPl?refer_flag=1001030103_,#拜登正式宣誓就职美国第46任总统# #v光计划#新官上任三把火，拜登一口气签署17项行政命令，撤销特朗普政府时期的政策，包括三大领域：新冠疫情，气候环境和移民政策。👉新冠疫情危机重回世界卫生组织；寻求一项1.9万亿美元的纾困法案，旨在加速新冠疫苗的分发，同时为数百万受大流行病影响的美国 ​
环球纪录频道,今天06:00,143,4,0,//weibo.com/5867737487/JE9bEaWaX?refer_flag=1001030103_,NHK纪录片《中国文明.王朝交替の秘密》L环球纪录频道的微博视频 ​
凤凰王又又,今天06:44,13,136,0,//weibo.com/6498373231/JE9tD4ty7?refer_flag=1001030103_,我收工了，大兵还没。 2美国·华盛顿 ​
思想聚焦,今天06:06,56,40,0,//weibo.com/1742566624/JE9e59CDW?refer_flag=1001030103_,树欲静而风不止，子欲养而亲不待。#长大后最可怕的事情# ​​​​
思多金,今天06:02,39,13,0,//weibo.com/6003448985/JE9cEuCLP?refer_flag=1001030103_,人家愿意跟你相处的原因有：第一，你能带给人家实用价值。第二，跟你相处能打开眼界。第三，你能倾听别人的想法并发表有价值的见解。第四，你能充分认可别人的价值。第五，你能带给人家愉快的心情。凡遇事，知道的不要全说，看到的不要全信，听到的就地消化。久而久之，气场自成！一一 ​​​大家早上 ​
头条新闻,今天06:13,97,71,0,//weibo.com/1618051664/JE9h26rkU?refer_flag=1001030103_,【#拜登正式宣誓就职美国第46任总统# 就职演说重点都在这了！】1月20日，拜登正式宣誓就职美国第46任总统，随后发表就职演说。他称当天为“美国之日”， 并表示“美国经受了新的考验，美国已奋起迎接挑战”。“人民的意志得到了倾听，人民的意志得到了重视。”他承诺将修复联盟，再次与世界接触，引领 ​
环球纪录频道,今天06:00,135,4,0,//weibo.com/5867737487/JE9bEaWaX?refer_flag=1001030103_,NHK纪录片《中国文明.王朝交替の秘密》L环球纪录频道的微博视频 ​
央视新闻,今天06:06,147,216,0,//weibo.com/2656274875/JE9esdBkd?refer_flag=1001030103_,【#美国新冠肺炎超2438万例#】美国约翰斯·霍普金斯大学统计数据显示，截至美东时间20日16时22分，美国累计新冠肺炎确诊病例达24382311例，累计死亡病例404898例。过去24小时，美国新增确诊病例171967例，新增死亡病例3770例。（央视记者刘骁骞） ​
王冰汝,今天06:26,316,233,0,//weibo.com/2174585797/JE9mcqcPl?refer_flag=1001030103_,#拜登正式宣誓就职美国第46任总统# #v光计划#新官上任三把火，拜登一口气签署17项行政命令，撤销特朗普政府时期的政策，包括三大领域：新冠疫情，气候环境和移民政策。👉新冠疫情危机重回世界卫生组织；寻求一项1.9万亿美元的纾困法案，旨在加速新冠疫苗的分发，同时为数百万受大流行病影响的美国 ​
皇马新闻,今天06:32,75,179,0,//weibo.com/1990309453/JE9oFsYlz?refer_flag=1001030103_,耻辱的夜晚。国王杯被一支西班牙第三级别球队西乙Ｂ球队淘汰出局。这场比赛大概就是皇马本赛季的缩影吧。无力吐槽了。拜仁、马竞也被低级别联赛淘汰出局，但是他们是联赛榜首，而我们呢？感觉又是一地鸡毛的一个赛季。大家晚安吧，也说一声早安吧。#皇马国王杯爆冷出局# ​
环球纪录频道,今天06:00,146,4,0,//weibo.com/5867737487/JE9bEaWaX?refer_flag=1001030103_,NHK纪录片《中国文明.王朝交替の秘密》L环球纪录频道的微博视频 ​
HW前HR,今天06:00,122,104,0,//weibo.com/3626485974/JE9bRsDAu?refer_flag=1001030103_,人类社会不一定富国就会胜过穷国，而是有组织执行力的会胜过没有组织执行力的。如果看中外历史，一定会发现很多例子，就是发达社会被经济落后的国家或者部族灭国了，比如北宋经济文化遥遥领先金，但是被金灭国；南宋经济和文化遥遥领先蒙古，但是南宋被灭了。因为宋空有经济，但是整个社会组织能力， ​
央视新闻,今天06:06,166,225,0,//weibo.com/2656274875/JE9esdBkd?refer_flag=1001030103_,【#美国新冠肺炎超2438万例#】美国约翰斯·霍普金斯大学统计数据显示，截至美东时间20日16时22分，美国累计新冠肺炎确诊病例达24382311例，累计死亡病例404898例。过去24小时，美国新增确诊病例171967例，新增死亡病例3770例。（央视记者刘骁骞） ​
王冰汝,今天06:26,343,261,0,//weibo.com/2174585797/JE9mcqcPl?refer_flag=1001030103_,#拜登正式宣誓就职美国第46任总统# #v光计划#新官上任三把火，拜登一口气签署17项行政命令，撤销特朗普政府时期的政策，包括三大领域：新冠疫情，气候环境和移民政策。👉新冠疫情危机重回世界卫生组织；寻求一项1.9万亿美元的纾困法案，旨在加速新冠疫苗的分发，同时为数百万受大流行病影响的美国 ​
思多金,今天06:02,39,13,0,//weibo.com/6003448985/JE9cEuCLP?refer_flag=1001030103_,人家愿意跟你相处的原因有：第一，你能带给人家实用价值。第二，跟你相处能打开眼界。第三，你能倾听别人的想法并发表有价值的见解。第四，你能充分认可别人的价值。第五，你能带给人家愉快的心情。凡遇事，知道的不要全说，看到的不要全信，听到的就地消化。久而久之，气场自成！一一 ​​​大家早上 ​
HW前HR,今天06:00,120,101,0,//weibo.com/3626485974/JE9bRsDAu?refer_flag=1001030103_,人类社会不一定富国就会胜过穷国，而是有组织执行力的会胜过没有组织执行力的。如果看中外历史，一定会发现很多例子，就是发达社会被经济落后的国家或者部族灭国了，比如北宋经济文化遥遥领先金，但是被金灭国；南宋经济和文化遥遥领先蒙古，但是南宋被灭了。因为宋空有经济，但是整个社会组织能力， ​
教您弄头发,今天06:00,4,1,0,//weibo.com/2610968961/JE9bEeeLr?refer_flag=1001030103_,s秒赞 2021好运会立马向你飞奔而来❤️🐬🐬​​​​
凤凰王又又,今天06:44,14,140,0,//weibo.com/6498373231/JE9tD4ty7?refer_flag=1001030103_,我收工了，大兵还没。 2美国·华盛顿 ​
央视新闻,今天06:06,162,224,0,//weibo.com/2656274875/JE9esdBkd?refer_flag=1001030103_,【#美国新冠肺炎超2438万例#】美国约翰斯·霍普金斯大学统计数据显示，截至美东时间20日16时22分，美国累计新冠肺炎确诊病例达24382311例，累计死亡病例404898例。过去24小时，美国新增确诊病例171967例，新增死亡病例3770例。（央视记者刘骁骞） ​
环球纪录频道,今天06:00,146,4,0,//weibo.com/5867737487/JE9bEaWaX?refer_flag=1001030103_,NHK纪录片《中国文明.王朝交替の秘密》L环球纪录频道的微博视频 ​
HW前HR,今天06:00,122,104,0,//weibo.com/3626485974/JE9bRsDAu?refer_flag=1001030103_,人类社会不一定富国就会胜过穷国，而是有组织执行力的会胜过没有组织执行力的。如果看中外历史，一定会发现很多例子，就是发达社会被经济落后的国家或者部族灭国了，比如北宋经济文化遥遥领先金，但是被金灭国；南宋经济和文化遥遥领先蒙古，但是南宋被灭了。因为宋空有经济，但是整个社会组织能力， ​
思多金,今天06:02,39,13,0,//weibo.com/6003448985/JE9cEuCLP?refer_flag=1001030103_,人家愿意跟你相处的原因有：第一，你能带给人家实用价值。第二，跟你相处能打开眼界。第三，你能倾听别人的想法并发表有价值的见解。第四，你能充分认可别人的价值。第五，你能带给人家愉快的心情。凡遇事，知道的不要全说，看到的不要全信，听到的就地消化。久而久之，气场自成！一一 ​​​大家早上 ​
王冰汝,今天06:26,343,261,0,//weibo.com/2174585797/JE9mcqcPl?refer_flag=1001030103_,#拜登正式宣誓就职美国第46任总统# #v光计划#新官上任三把火，拜登一口气签署17项行政命令，撤销特朗普政府时期的政策，包括三大领域：新冠疫情，气候环境和移民政策。👉新冠疫情危机重回世界卫生组织；寻求一项1.9万亿美元的纾困法案，旨在加速新冠疫苗的分发，同时为数百万受大流行病影响的美国 ​
头条新闻,今天06:13,108,79,0,//weibo.com/1618051664/JE9h26rkU?refer_flag=1001030103_,【#拜登正式宣誓就职美国第46任总统# 就职演说重点都在这了！】1月20日，拜登正式宣誓就职美国第46任总统，随后发表就职演说。他称当天为“美国之日”， 并表示“美国经受了新的考验，美国已奋起迎接挑战”。“人民的意志得到了倾听，人民的意志得到了重视。”他承诺将修复联盟，再次与世界接触，引领 ​
爱伪装的花花,2019年12月23日,0,6,0,//weibo.com/5517196917/Im9Ef7aZM?refer_flag=1001030103_,#新年心愿# 新的一年和他们一起继续加油@李易峰 @EDGM-伪装 @片寄凉太RyotaKatayose 1.新型冠状病毒早日消失2.家人永远健康平安3.N1和英语六级能通过4.朱思远能夺冠5.变瘦和化妆技术能更好一点点 ​
Libra麦乐乐乐,2019年12月23日,0,14,0,//weibo.com/2021315007/Im8VyiLYS?refer_flag=1001030103_,🔘可叶‌优三合一益生‌菌：调‌节肠道健‌康，改‌善挑食厌食，积食口‌臭，便秘腹‌泻，促‌进肠道吸‌收，提‌高免疫力🔘可‌叶优果‌冻铁‌元： 补‌铁小能‌手，口感酸酸甜甜，方‌便携‌带，6倍吸收率，一‌天一‌条，给你红润好气‌色#可叶优##益生菌##年会##新品# #招代理# #招代理 一件代发# #新型冠状病毒# #流感# #提高免疫力# 2杭州 
爱伪装的花花,2019年12月23日,0,6,0,//weibo.com/5517196917/Im9Ef7aZM?refer_flag=1001030103_,#新年心愿# 新的一年和他们一起继续加油@李易峰 @EDGM-伪装 @片寄凉太RyotaKatayose 1.新型冠状病毒早日消失2.家人永远健康平安3.N1和英语六级能通过4.朱思远能夺冠5.变瘦和化妆技术能更好一点点 ​
Libra麦乐乐乐,2019年12月23日,0,14,0,//weibo.com/2021315007/Im8VyiLYS?refer_flag=1001030103_,🔘可叶‌优三合一益生‌菌：调‌节肠道健‌康，改‌善挑食厌食，积食口‌臭，便秘腹‌泻，促‌进肠道吸‌收，提‌高免疫力🔘可‌叶优果‌冻铁‌元： 补‌铁小能‌手，口感酸酸甜甜，方‌便携‌带，6倍吸收率，一‌天一‌条，给你红润好气‌色#可叶优##益生菌##年会##新品# #招代理# #招代理 一件代发# #新型冠状病毒# #流感# #提高免疫力# 2杭州 
爱伪装的花花,2019年12月23日,0,6,0,//weibo.com/5517196917/Im9Ef7aZM?refer_flag=1001030103_,#新年心愿# 新的一年和他们一起继续加油@李易峰 @EDGM-伪装 @片寄凉太RyotaKatayose 1.新型冠状病毒早日消失2.家人永远健康平安3.N1和英语六级能通过4.朱思远能夺冠5.变瘦和化妆技术能更好一点点 ​
Libra麦乐乐乐,2019年12月23日,0,14,0,//weibo.com/2021315007/Im8VyiLYS?refer_flag=1001030103_,🔘可叶‌优三合一益生‌菌：调‌节肠道健‌康，改‌善挑食厌食，积食口‌臭，便秘腹‌泻，促‌进肠道吸‌收，提‌高免疫力🔘可‌叶优果‌冻铁‌元： 补‌铁小能‌手，口感酸酸甜甜，方‌便携‌带，6倍吸收率，一‌天一‌条，给你红润好气‌色#可叶优##益生菌##年会##新品# #招代理# #招代理 一件代发# #新型冠状病毒# #流感# #提高免疫力# 2杭州 
爱伪装的花花,2019年12月23日,0,6,0,//weibo.com/5517196917/Im9Ef7aZM?refer_flag=1001030103_,#新年心愿# 新的一年和他们一起继续加油@李易峰 @EDGM-伪装 @片寄凉太RyotaKatayose 1.新型冠状病毒早日消失2.家人永远健康平安3.N1和英语六级能通过4.朱思远能夺冠5.变瘦和化妆技术能更好一点点 ​
Libra麦乐乐乐,2019年12月23日,0,14,0,//weibo.com/2021315007/Im8VyiLYS?refer_flag=1001030103_,🔘可叶‌优三合一益生‌菌：调‌节肠道健‌康，改‌善挑食厌食，积食口‌臭，便秘腹‌泻，促‌进肠道吸‌收，提‌高免疫力🔘可‌叶优果‌冻铁‌元： 补‌铁小能‌手，口感酸酸甜甜，方‌便携‌带，6倍吸收率，一‌天一‌条，给你红润好气‌色#可叶优##益生菌##年会##新品# #招代理# #招代理 一件代发# #新型冠状病毒# #流感# #提高免疫力# 2杭州 
爱伪装的花花,2019年12月23日,0,6,0,//weibo.com/5517196917/Im9Ef7aZM?refer_flag=1001030103_,#新年心愿# 新的一年和他们一起继续加油@李易峰 @EDGM-伪装 @片寄凉太RyotaKatayose 1.新型冠状病毒早日消失2.家人永远健康平安3.N1和英语六级能通过4.朱思远能夺冠5.变瘦和化妆技术能更好一点点 ​
Libra麦乐乐乐,2019年12月23日,0,14,0,//weibo.com/2021315007/Im8VyiLYS?refer_flag=1001030103_,🔘可叶‌优三合一益生‌菌：调‌节肠道健‌康，改‌善挑食厌食，积食口‌臭，便秘腹‌泻，促‌进肠道吸‌收，提‌高免疫力🔘可‌叶优果‌冻铁‌元： 补‌铁小能‌手，口感酸酸甜甜，方‌便携‌带，6倍吸收率，一‌天一‌条，给你红润好气‌色#可叶优##益生菌##年会##新品# #招代理# #招代理 一件代发# #新型冠状病毒# #流感# #提高免疫力# 2杭州 
爱伪装的花花,2019年12月23日,0,6,0,//weibo.com/5517196917/Im9Ef7aZM?refer_flag=1001030103_,#新年心愿# 新的一年和他们一起继续加油@李易峰 @EDGM-伪装 @片寄凉太RyotaKatayose 1.新型冠状病毒早日消失2.家人永远健康平安3.N1和英语六级能通过4.朱思远能夺冠5.变瘦和化妆技术能更好一点点 ​
Libra麦乐乐乐,2019年12月23日,0,14,0,//weibo.com/2021315007/Im8VyiLYS?refer_flag=1001030103_,🔘可叶‌优三合一益生‌菌：调‌节肠道健‌康，改‌善挑食厌食，积食口‌臭，便秘腹‌泻，促‌进肠道吸‌收，提‌高免疫力🔘可‌叶优果‌冻铁‌元： 补‌铁小能‌手，口感酸酸甜甜，方‌便携‌带，6倍吸收率，一‌天一‌条，给你红润好气‌色#可叶优##益生菌##年会##新品# #招代理# #招代理 一件代发# #新型冠状病毒# #流感# #提高免疫力# 2杭州 
爱伪装的花花,2019年12月23日,0,6,0,//weibo.com/5517196917/Im9Ef7aZM?refer_flag=1001030103_,#新年心愿# 新的一年和他们一起继续加油@李易峰 @EDGM-伪装 @片寄凉太RyotaKatayose 1.新型冠状病毒早日消失2.家人永远健康平安3.N1和英语六级能通过4.朱思远能夺冠5.变瘦和化妆技术能更好一点点 ​
Libra麦乐乐乐,2019年12月23日,0,14,0,//weibo.com/2021315007/Im8VyiLYS?refer_flag=1001030103_,🔘可叶‌优三合一益生‌菌：调‌节肠道健‌康，改‌善挑食厌食，积食口‌臭，便秘腹‌泻，促‌进肠道吸‌收，提‌高免疫力🔘可‌叶优果‌冻铁‌元： 补‌铁小能‌手，口感酸酸甜甜，方‌便携‌带，6倍吸收率，一‌天一‌条，给你红润好气‌色#可叶优##益生菌##年会##新品# #招代理# #招代理 一件代发# #新型冠状病毒# #流感# #提高免疫力# 2杭州 
爱伪装的花花,2019年12月23日,0,6,0,//weibo.com/5517196917/Im9Ef7aZM?refer_flag=1001030103_,#新年心愿# 新的一年和他们一起继续加油@李易峰 @EDGM-伪装 @片寄凉太RyotaKatayose 1.新型冠状病毒早日消失2.家人永远健康平安3.N1和英语六级能通过4.朱思远能夺冠5.变瘦和化妆技术能更好一点点 ​
Libra麦乐乐乐,2019年12月23日,0,14,0,//weibo.com/2021315007/Im8VyiLYS?refer_flag=1001030103_,🔘可叶‌优三合一益生‌菌：调‌节肠道健‌康，改‌善挑食厌食，积食口‌臭，便秘腹‌泻，促‌进肠道吸‌收，提‌高免疫力🔘可‌叶优果‌冻铁‌元： 补‌铁小能‌手，口感酸酸甜甜，方‌便携‌带，6倍吸收率，一‌天一‌条，给你红润好气‌色#可叶优##益生菌##年会##新品# #招代理# #招代理 一件代发# #新型冠状病毒# #流感# #提高免疫力# 2杭州 
爱伪装的花花,2019年12月23日,0,6,0,//weibo.com/5517196917/Im9Ef7aZM?refer_flag=1001030103_,#新年心愿# 新的一年和他们一起继续加油@李易峰 @EDGM-伪装 @片寄凉太RyotaKatayose 1.新型冠状病毒早日消失2.家人永远健康平安3.N1和英语六级能通过4.朱思远能夺冠5.变瘦和化妆技术能更好一点点 ​
Libra麦乐乐乐,2019年12月23日,0,14,0,//weibo.com/2021315007/Im8VyiLYS?refer_flag=1001030103_,🔘可叶‌优三合一益生‌菌：调‌节肠道健‌康，改‌善挑食厌食，积食口‌臭，便秘腹‌泻，促‌进肠道吸‌收，提‌高免疫力🔘可‌叶优果‌冻铁‌元： 补‌铁小能‌手，口感酸酸甜甜，方‌便携‌带，6倍吸收率，一‌天一‌条，给你红润好气‌色#可叶优##益生菌##年会##新品# #招代理# #招代理 一件代发# #新型冠状病毒# #流感# #提高免疫力# 2杭州 
爱伪装的花花,2019年12月23日,0,6,0,//weibo.com/5517196917/Im9Ef7aZM?refer_flag=1001030103_,#新年心愿# 新的一年和他们一起继续加油@李易峰 @EDGM-伪装 @片寄凉太RyotaKatayose 1.新型冠状病毒早日消失2.家人永远健康平安3.N1和英语六级能通过4.朱思远能夺冠5.变瘦和化妆技术能更好一点点 ​
Libra麦乐乐乐,2019年12月23日,0,14,0,//weibo.com/2021315007/Im8VyiLYS?refer_flag=1001030103_,🔘可叶‌优三合一益生‌菌：调‌节肠道健‌康，改‌善挑食厌食，积食口‌臭，便秘腹‌泻，促‌进肠道吸‌收，提‌高免疫力🔘可‌叶优果‌冻铁‌元： 补‌铁小能‌手，口感酸酸甜甜，方‌便携‌带，6倍吸收率，一‌天一‌条，给你红润好气‌色#可叶优##益生菌##年会##新品# #招代理# #招代理 一件代发# #新型冠状病毒# #流感# #提高免疫力# 2杭州 
爱伪装的花花,2019年12月23日,0,6,0,//weibo.com/5517196917/Im9Ef7aZM?refer_flag=1001030103_,#新年心愿# 新的一年和他们一起继续加油@李易峰 @EDGM-伪装 @片寄凉太RyotaKatayose 1.新型冠状病毒早日消失2.家人永远健康平安3.N1和英语六级能通过4.朱思远能夺冠5.变瘦和化妆技术能更好一点点 ​
Libra麦乐乐乐,2019年12月23日,0,14,0,//weibo.com/2021315007/Im8VyiLYS?refer_flag=1001030103_,🔘可叶‌优三合一益生‌菌：调‌节肠道健‌康，改‌善挑食厌食，积食口‌臭，便秘腹‌泻，促‌进肠道吸‌收，提‌高免疫力🔘可‌叶优果‌冻铁‌元： 补‌铁小能‌手，口感酸酸甜甜，方‌便携‌带，6倍吸收率，一‌天一‌条，给你红润好气‌色#可叶优##益生菌##年会##新品# #招代理# #招代理 一件代发# #新型冠状病毒# #流感# #提高免疫力# 2杭州 
爱伪装的花花,2019年12月23日,0,6,0,//weibo.com/5517196917/Im9Ef7aZM?refer_flag=1001030103_,#新年心愿# 新的一年和他们一起继续加油@李易峰 @EDGM-伪装 @片寄凉太RyotaKatayose 1.新型冠状病毒早日消失2.家人永远健康平安3.N1和英语六级能通过4.朱思远能夺冠5.变瘦和化妆技术能更好一点点 ​
Libra麦乐乐乐,2019年12月23日,0,14,0,//weibo.com/2021315007/Im8VyiLYS?refer_flag=1001030103_,🔘可叶‌优三合一益生‌菌：调‌节肠道健‌康，改‌善挑食厌食，积食口‌臭，便秘腹‌泻，促‌进肠道吸‌收，提‌高免疫力🔘可‌叶优果‌冻铁‌元： 补‌铁小能‌手，口感酸酸甜甜，方‌便携‌带，6倍吸收率，一‌天一‌条，给你红润好气‌色#可叶优##益生菌##年会##新品# #招代理# #招代理 一件代发# #新型冠状病毒# #流感# #提高免疫力# 2杭州 
爱伪装的花花,2019年12月23日,0,6,0,//weibo.com/5517196917/Im9Ef7aZM?refer_flag=1001030103_,#新年心愿# 新的一年和他们一起继续加油@李易峰 @EDGM-伪装 @片寄凉太RyotaKatayose 1.新型冠状病毒早日消失2.家人永远健康平安3.N1和英语六级能通过4.朱思远能夺冠5.变瘦和化妆技术能更好一点点 ​
Libra麦乐乐乐,2019年12月23日,0,14,0,//weibo.com/2021315007/Im8VyiLYS?refer_flag=1001030103_,🔘可叶‌优三合一益生‌菌：调‌节肠道健‌康，改‌善挑食厌食，积食口‌臭，便秘腹‌泻，促‌进肠道吸‌收，提‌高免疫力🔘可‌叶优果‌冻铁‌元： 补‌铁小能‌手，口感酸酸甜甜，方‌便携‌带，6倍吸收率，一‌天一‌条，给你红润好气‌色#可叶优##益生菌##年会##新品# #招代理# #招代理 一件代发# #新型冠状病毒# #流感# #提高免疫力# 2杭州 
