爱在朝天吼,2020年01月10日,0,0,0,//weibo.com/7336967734/IoS3el66R?refer_flag=1001030103_,【#武汉不明原因肺炎病原体为新型冠状病毒#】据病原检测结果初步评估专家组，本次武汉不明原因的病毒性肺炎病例的病原体初步判定为新型冠状病毒。下一步需结合病原学研究、流行病学调查和临床表现进行专家研判。 O网页链接# ​
可爱推推,2020年01月10日,0,0,0,//weibo.com/7311457763/IoS35v5Ev?refer_flag=1001030103_,【#武汉不明原因肺炎病原体为新型冠状病毒#】据病原检测结果初步评估专家组，本次武汉不明原因的病毒性肺炎病例的病原体初步判定为新型冠状病毒。下一步需结合病原学研究、流行病学调查和临床表现进行专家研判。 O网页链接 ​
香溪源泉668,2020年01月10日,0,0,0,//weibo.com/7340135349/IoS2B794V?refer_flag=1001030103_,【#武汉不明原因肺炎病原体为新型冠状病毒#】据病原检测结果初步评估专家组，本次武汉不明原因的病毒性肺炎病例的病原体初步判定为新型冠状病毒。下一步需结合病原学研究、流行病学调查和临床表现进行专家研判。 O网页链接 ​
爱太极的天使,2020年01月10日,1,0,0,//weibo.com/2257131144/IoRYF0Foh?refer_flag=1001030103_,红外镜瞄准线又是二哥的坎儿了#鹿晗吃火锅涮葡萄##武汉不明原因肺炎病原体为新型冠状病毒##刘筱亭##岳云鹏##秦霄贤##岳云鹏帮孙越P图# L爱太极的天使的微博视频 ​
莎普爱思sh603168,2020年01月10日,1,0,0,//weibo.com/6500550666/IoRYpiMJG?refer_flag=1001030103_,莎普爱思 sh603168 药闻速递 |武汉不明原因的病毒性肺炎疫情病原体初步判定为新型冠状病毒； 澳大利亚阿尔茨海默疫苗将开始人体试验，点击链接查看更多-> O网页链接 ​
蓝睛,2020年01月10日,1,1,0,//weibo.com/6023976411/IoRVoz7Ns?refer_flag=1001030103_,【#评估专家组组长释疑新型冠状病毒#】日前，专家表示，本次不明原因的病毒性肺炎病例的病原体初步判定为新型冠状病毒，下一步需结合病原学研究、流行病学调查和临床表现进行专家研判。据悉，冠状病毒是一类主要引起呼吸道、肠道疾病的病原体。引起此次疫情的新型冠状病毒不同于已发现的人类冠状病毒，对该病毒的深入了解需要进一步科学研究。 L蓝睛的微博视频 
Carfu侃大山,2020年01月10日,0,0,0,//weibo.com/5969676019/IoRTMFayq?refer_flag=1001030103_,@Avril王-
薇信10612673顶级潮牌复刻212号,2020年01月10日,0,0,0,//weibo.com/7061901121/IoRTBtrFJ?refer_flag=1001030103_,如果真是我做的，我现在就不会出现在你的面前。”  林幽兰冷静了一下，心里也觉得似乎真是自己猜错了，这姓苏的女人如果真想害烟儿，烟儿根本无法balenciaga巴黎世家锁扣小高领长袖打底衫逃出来 #武汉不明原因肺炎病原体为新型冠状病毒##CNN称伊朗导弹击中区域没有美国人##不考虑薪水最想从事的工作# ​
薇信10612673顶级潮牌复刻203号,2020年01月10日,0,0,0,//weibo.com/7061118634/IoRTcnlOY?refer_flag=1001030103_,非但力量暴增，而且气息运转之间，他的身手也灵活了许多。他施展起了前世所学的身法灵猿幻影，整个人变成一道幻影一般，快速LV胸口标签长袖衬衫向着石壁上方移动。  转眼，他就已 #大明风华##不考虑薪水最想从事的工作##武汉不明原因肺炎病原体为新型冠状病毒# ​
菩提树下的柠檬,2020年01月10日,0,0,0,//weibo.com/3762818920/IoRPpsx0l?refer_flag=1001030103_,转发微博
心太小白,2020年01月10日,0,0,0,//weibo.com/3849572319/IoRN1F5Dl?refer_flag=1001030103_,转发微博
爱太极的天使,2020年01月10日,0,2,0,//weibo.com/2257131144/IoRMXfQq6?refer_flag=1001030103_,我去，同名害死人#鹿晗吃火锅涮葡萄##武汉不明原因肺炎病原体为新型冠状病毒# L爱太极的天使的微博视频 ​
观沧海985,2020年01月10日,0,0,0,//weibo.com/6544457092/IoRJ1bDhD?refer_flag=1001030103_,//@科技疯汇:#武汉不明原因肺炎病原体为新型冠状病毒# 从1例阳性病人样本中分离出该病毒，电镜下呈现典型的冠状病毒形态。
打滚儿的咸鱼,2020年01月10日,0,0,0,//weibo.com/6135482682/IoRIyvzi8?refer_flag=1001030103_,转发微博
爱太极的天使,2020年01月10日,0,0,0,//weibo.com/2257131144/IoRBNuJ2d?refer_flag=1001030103_,太极掤劲的练习#太极拳##鹿晗吃火锅涮葡萄##迪丽热巴和黄景瑜##岳云鹏##武汉不明原因肺炎病原体为新型冠状病毒##岳云鹏帮孙越P图# L爱太极的天使的微博视频 ​
打不动的奥特曼,2020年01月10日,0,0,0,//weibo.com/6294432122/IoRBm2W1Y?refer_flag=1001030103_,武汉：不明原因病毒性肺炎“真凶”浮出水面 被判定为新型冠状病毒 L河北人的生活的微博视频 ​
若芹德运99ja,2020年01月10日,0,0,0,//weibo.com/6699081571/IoRA7xa2c?refer_flag=1001030103_,实力很强，李家得不到实际利益，也不会轻易把李若溪交到自己手中。  　　可是，商业方面自己该怎么做？  　　钱财他现在#涵亮听南#不缺，先不说他 #武汉不明原因肺炎病原体为新型冠状病毒# ​
祈·晨,2020年01月10日,0,0,0,//weibo.com/1857089870/IoRzKtgYU?refer_flag=1001030103_,转发微博
走召20171933,2020年01月10日,0,0,0,//weibo.com/6462696690/IoRxH5huj?refer_flag=1001030103_,关注//@江干检察:#武汉不明原因肺炎病原体为新型冠状病毒#
煜炘666,2020年01月10日,0,1,0,//weibo.com/3978032835/IoRw2xsDt?refer_flag=1001030103_,武汉不明原因肺炎病原体初步判定 武汉市卫生健康委8日晚间通报，截至7日21时，专家组认为，本次不明原因的病毒性肺炎病例的病原体初步判定为新型冠状病毒。武汉8名不明原因病毒性肺炎患者已于8日治愈出院。 ​
幸福的可可,2020年01月10日,0,0,0,//weibo.com/1457403923/IoRvGoe8V?refer_flag=1001030103_,//@TseMan2017:可以说说具体数据吗？连数字都没有？？现在感染人数多少？？情况得到好转的多少？#武汉发现不明原因肺炎# #武汉不明原因肺炎病原体为新型冠状病毒# #武汉8名不明原因病毒性肺炎患者已出院# #武汉卫健委通报不明原因肺炎#
桃园和麦地,2020年01月10日,0,0,0,//weibo.com/1662482391/IoRvCzOUO?refer_flag=1001030103_,转发微博
广东12320,2020年01月10日,0,0,0,//weibo.com/5711453441/IoRvsuYwi?refer_flag=1001030103_,#武汉不明原因肺炎病原体为新型冠状病毒#【人感染冠状病毒后有什么症状？】常见的可感染人类的冠状病毒（包括229E、NL63、OC43和HKU1型）通常会引起轻度或中度的上呼吸道疾病，如感冒。症状较轻，主要包括流鼻涕、头痛、咳嗽、咽喉痛、发热等。有时会引起下呼吸道疾病，例如肺炎或支气管炎，心肺疾病患 ​  展开全文c
幸福的可可,2020年01月10日,0,0,0,//weibo.com/1457403923/IoRrJpSZv?refer_flag=1001030103_,#武汉发现不明原因肺炎# #武汉不明原因肺炎病原体为新型冠状病毒# #武汉8名不明原因病毒性肺炎患者已出院# #武汉卫健委通报不明原因肺炎#
幸福的可可,2020年01月10日,0,0,0,//weibo.com/1457403923/IoRrcC7MO?refer_flag=1001030103_,#武汉发现不明原因肺炎# #武汉不明原因肺炎病原体为新型冠状病毒# #武汉8名不明原因病毒性肺炎患者已出院# #武汉卫健委通报不明原因肺炎#
尚医邦康,2020年01月10日,0,0,0,//weibo.com/6869649618/IoRrc3WuH?refer_flag=1001030103_,改变世界的十大疫苗：1、天花，发现时间：1798年，曾经致死率最高的疾病，今天已经绝迹2、白喉，疫苗时间：1928年，发作时导致心衰、瘫痪甚至死亡，今天也绝迹3、百日咳 疫苗时间：1914年，喘息样咳嗽、传染率很高的疾病，今天仍然存在少量。4、破伤风 疫苗时间：1933年，不及时接种的仍然有少数5 ​  展开全文c
气势要坚强23456,2020年01月10日,0,0,0,//weibo.com/7112100412/IoRq4iFJe?refer_flag=1001030103_,//@yeba的微博: 来了！新型冠状病毒来了！与2002年所向披靡肆虐中华大地的非典“萨斯病毒”是一家的，在美国全面绞杀中国、中国先正达集团横空出世、中国转基因航母破冰启航、农业部即将颁发转基因玉米大豆安全证书之际的最关键来了！不会是最后一根稻草吧？！念啥好？阿弥陀佛？阿门？欧买噶得？
水里的小鱼儿记得要喝水,2020年01月10日,0,0,0,//weibo.com/6252851262/IoRgJb2Ku?refer_flag=1001030103_,转发微博
幸福的可可,2020年01月10日,4,2,0,//weibo.com/1457403923/IoRfJnMla?refer_flag=1001030103_,不明原因的病毒性肺炎患者的主要临床表现多有发热、乏力、咳嗽、少痰，部分患者随着病情进展出现呼吸困难等症状。实验室检查表现为发病早期白细胞总数正常或降低，淋巴细胞计数下降，部分患者出现肝酶和肌酶水平升高；胸部影像学检查显示双肺多发毛玻璃样渗出影等。本病表现为以肺炎为主的急性严重呼 ​  展开全文c
用户6321147210,2020年01月10日,0,0,0,//weibo.com/6321147210/IoRfJmHny?refer_flag=1001030103_,专家称系新型冠状病毒 武汉不明原因的病毒性肺炎疫情病原学鉴定取得初步进展 O网页链接 ​
新女神OL,2020年01月10日,0,0,0,//weibo.com/6882294032/IoRd5mtTf?refer_flag=1001030103_,亲爱得队长大人们：       明天就是周末啦，大家可以在家睡懒觉，不用早起上班了，想想都很开心，近期由于冬季容易感冒，出现了多例病毒性肺炎，新型冠状病毒（sars变种），小编在这提醒各位队长出门要多穿，如果去人多的地方要记得带上口罩，防止生病哦！（记得点赞哦！😊） ​
塞尔赫娜斯,2020年01月10日,0,0,0,//weibo.com/1711534097/IoRbK73ZZ?refer_flag=1001030103_,//@凤凰网视频:专家组初步判定#武汉不明原因肺炎病原体为新型冠状病毒#。目前为止，已知的人类冠状病毒共有六种。其中四种冠状病毒在人群中较为常见，致病性较低，另外两种冠状病毒为严重急性呼吸综合征冠状病毒和中东呼吸综合征冠状病毒，也就是我们简称的SARS冠状病毒和MERS冠状病毒。http://t.cn/Ai
每伴,2020年01月10日,1,1,0,//weibo.com/1965666922/IoRaEFEts?refer_flag=1001030103_,#育儿##母婴##每伴资讯##武汉发现不明原因肺炎##武汉不明原因肺炎病原体为新型冠状病毒#  武汉出现新型病毒性肺炎，作为家长该如何预防儿童感染？什么是冠状病毒？冠状病毒是否有传染性？冠状病毒肺炎爆发，作为家长，我们如何预防儿童感染肺炎？今天就来给大家讲讲。O网页链接 ​
宁列,2020年01月10日,0,0,0,//weibo.com/1822072685/IoR3EAxJR?refer_flag=1001030103_,转发微博
乌审旗反邪教,2020年01月10日,0,0,0,//weibo.com/6140553777/IoR04oSim?refer_flag=1001030103_,【#武汉不明原因肺炎病原体为新型冠状病毒#】就武汉不明原因的病毒性肺炎疫情病原学鉴定进展问题，截至7日21时，专家组认为，本次不明原因的病毒性肺炎病例的病原体初步判定为新型冠状病毒。
张果嗒嗒嗒,2020年01月10日,0,0,0,//weibo.com/3994796938/IoQZ9EOhy?refer_flag=1001030103_,昨天有个猪V带节奏，说这个新型冠状病毒是sars！ 控评拉黑的能力比科普的能力强@船人老姚 评论配图
衢州检察,2020年01月10日,5,7,0,//weibo.com/5213379204/IoQM5pVVM?refer_flag=1001030103_,武汉不明原因肺炎病原体初步判定专家称系新型冠状病毒O网页链接 ​
李君的世界,2020年01月10日,0,0,0,//weibo.com/1215348874/IoQHCw7Ws?refer_flag=1001030103_,#武汉不明原因肺炎病原体为新型冠状病毒#继续关注，重症患者的治疗情况。 ​
奉节检察,2020年01月10日,0,0,0,//weibo.com/3087580920/IoQDhDciq?refer_flag=1001030103_,【专家称武汉不明原因肺炎病原体为新型冠状病毒】
薇信10612673顶级潮牌复刻568号,2020年01月10日,0,0,0,//weibo.com/7056321722/IoQDgrj2H?refer_flag=1001030103_,“噗”  牛山直接把刚刚喝进嘴里的茶水喷出，gucci古驰经典款校服套装瞪着牛眼，对叶寒大吼大叫道：“你特别让杨小子把我从密室里叫出来，说是有什么十万火急的事情，结果就是想让我出来借你战功卖秘籍不成”  本来他拿着云诀已经进入 #绝代双骄定档0116##武汉不明原因肺炎病原体为新型冠状病毒# ​  展开全文c
奉节检察,2020年01月10日,0,0,0,//weibo.com/3087580920/IoQCwElrQ?refer_flag=1001030103_,【武汉不明原因的病毒性肺炎疫情病原体初步判定为新型冠状病毒】
韩联社中文网微博,2020年01月10日,0,0,0,//weibo.com/3738708562/IoQAxrKJ2?refer_flag=1001030103_,【韩卫生部门请求中国提供#新型冠状病毒# ..】韩国疾病管理本部10日表示，已请求中国政府共享新型冠状病毒的...O网页链接 ​
LOVE伦R嘉Z滴S爽,2020年01月10日,0,0,0,//weibo.com/2823008717/IoQA4cHDL?refer_flag=1001030103_,转发微博
创建无邪乌前旗,2020年01月10日,0,0,0,//weibo.com/6135644110/IoQxR5u7C?refer_flag=1001030103_,【#武汉不明原因肺炎病原体为新型冠状病毒#】
唱文n准求省_p,2020年01月10日,0,0,0,//weibo.com/7367930089/IoQwVcWZX?refer_flag=1001030103_,转发微博
今日最新闻官方微博,2020年01月10日,2,2,0,//weibo.com/1747522104/IoQwjDaCO?refer_flag=1001030103_,【武汉肺炎“不明病毒”确定了！ 病原体系新型冠状病毒】央视新闻发布，就武汉不明原因的病毒性肺炎疫情病原学鉴定进展问题，截至7日晚9点，专家组认为，本次不明原因的病毒性肺炎病例的病原体初步判定为新型冠状病毒。  L今日最新闻官方微博的微博视频 ​
泰山检察,2020年01月10日,0,0,0,//weibo.com/5552719409/IoQtIhZtu?refer_flag=1001030103_,【专家称武汉不明原因肺炎病原体为新型冠状病毒】
碧满塘,2020年01月10日,0,0,0,//weibo.com/2446830672/IoQldq15p?refer_flag=1001030103_,#新型冠状病毒#
为了明天2000,2020年01月10日,0,0,0,//weibo.com/2488409765/IoQk83QUf?refer_flag=1001030103_,专家称系新型冠状病毒 武汉不明原因的病毒性肺炎疫情病原学鉴定取得初步进展 O专家称系新型冠状病毒 武汉不明原因的病毒性肺炎疫情病原学鉴定取得初步进展 ​
天下泉城,2020年01月10日,2,0,0,//weibo.com/2921799343/IoQjmbN4x?refer_flag=1001030103_,【武汉不明原因肺炎病原体 初步判定为新型冠状病毒】日前，专家表示，本次不明原因的病毒性肺炎病例的病原体初步判定为新型冠状病毒，下一步需结合病原学研究、流行病学调查和临床表现进行专家研判。据悉，冠状病毒是一类主要引起呼吸道、肠道疾病的病原体。引起此次疫情的新型冠状病毒不同于已发现的人类冠状病毒，对该病毒的深入了解需要进一步科学研究。#评估专家组组长释疑新型冠状病毒# L天下泉城的微博视频 
Caesar曾KAI,2020年01月10日,0,5,0,//weibo.com/1073895145/IoQjdleSy?refer_flag=1001030103_,新型冠状病毒➕连绵不断的雨和雪子子=足不出户 ​
皱鳃鲨君,2020年01月10日,0,0,0,//weibo.com/6615508553/IoQiZ96WG?refer_flag=1001030103_,//@楓露微紫与blingbling:真快//@iBingo:新型冠状病毒，获得该病毒的全基因组序列。
卍卍佛佛佛卍卍阿弥陀佛卍卍,2020年01月10日,0,0,0,//weibo.com/1934464593/IoQiecd26?refer_flag=1001030103_,#武汉爆料#【#武汉不明原因肺炎病原体为新型冠状病毒# 冠状病毒是啥？科普一下↓】就武汉不明原因的病毒性肺炎疫情病原学鉴定进展问题，截至7日21时，专家组认为，本次不明原因的病毒性肺炎病例的病原体初步判定为新型冠状病毒。冠状病毒病毒到底是什么？记者采访了病原检测结果初步评估专家组组长、中 ​  展开全文c
明珠电视,2020年01月10日,2,0,0,//weibo.com/3516144031/IoQfR0YQn?refer_flag=1001030103_,【#武汉已发现不明原因病毒性肺炎病例44例#一只鹌鹑 可能让你感染肺炎】1月3日，武汉卫健委通报，发现不明原因的病毒性肺炎患者44例。根据最新的消息，本次病例的病原体初步判定为新型冠状病毒。冠状病毒是一类主要引起呼吸道、肠道疾病的病原体。冠状病毒还可以感染猪、牛、猫、犬等多种哺乳动物，以 ​  展开全文c
Tina绮婷,2020年01月10日,0,0,0,//weibo.com/5486939232/IoQe8C8Je?refer_flag=1001030103_,"#午安# 今日热点:1、莱昂纳多救起落水男子2、广东人初次看雪激动到失眠3、今年的浙江新高考考题,又被考生集体吐槽了4、初步判定!武汉不明原因肺炎病原体为新型冠状病毒5、深大某学生因偷拿外卖被抓,被惩罚给每栋宿舍送一份外卖6、广东第二师范学院突然禁止电动车,遭学生集体吐槽更多精彩内容请 ​  展开全文c"
羅德賴,2020年01月10日,0,0,0,//weibo.com/6011936122/IoQdko7Q0?refer_flag=1001030103_,武汉不明肺炎：中国专家初步认定为新型冠状病毒　世卫称仍需分析病源O网页链接; ​
薇信10612673顶级潮牌复刻295号,2020年01月10日,0,0,0,//weibo.com/7072447272/IoQbFjmFi?refer_flag=1001030103_,什么逃啊，老子还没杀过瘾”  “我擦，站住”  “有种你们Acne手工羊绒呢大衣别逃”   #罗志祥张艺兴欢送黄磊领奖##武汉不明原因肺炎病原体为新型冠状病毒##女生睡前vs男生睡前# ​
薇信10612673顶级潮牌复刻389号,2020年01月10日,0,0,0,//weibo.com/7064540034/IoQa2usXE?refer_flag=1001030103_,医生给小宝宝打针的套路，看到最后原谅我dior迪奥浮雕logo提花短袖笑了  L我的同桌潘金莲的秒拍视频 #武汉不明原因肺炎病原体为新型冠状病毒##让人一见钟情的颜值##不考虑薪水最想从事的工作# ​
香港老友記,2020年01月10日,9,105,0,//weibo.com/3752850684/IoQ92rO8R?refer_flag=1001030103_,特區衛生防護中心：武漢肺炎判定為新型冠狀病毒，已要求大陸提供基因排序儘快提供測試祖国反黑站#守護香港##香港警察##武汉不明原因肺炎病原体为新型冠状病毒# ​
山西黎城反邪教,2020年01月10日,0,0,0,//weibo.com/6301454783/IoQ8n5LU7?refer_flag=1001030103_,//@山西长治反邪教: //@山西反邪教:【#武汉不明原因肺炎病原体为新型冠状病毒#】
张友平医生,2020年01月10日,1,1,0,//weibo.com/1065203750/IoQ7Po67V?refer_flag=1001030103_,就武汉不明原因的病毒性肺炎疫情病原学鉴定进展问题，截至7日21时，专家组认为，本次不明原因的病毒性肺炎病例的病原体初步判定为新型冠状病毒。冠状病毒病毒到底是什么？记者采访了病原检测结果初步评估专家组组长、中国工程院院士徐建国，他表示，冠状病毒是一类主要引起呼吸道、肠道疾病的病原体。 ​  展开全文c
庶民哲某,2020年01月10日,0,0,0,//weibo.com/3820828531/IoQ74qcjp?refer_flag=1001030103_,"每日韩国新闻选译标题：中国武汉肺炎疫情“不是SARS,而是新型冠状病毒” / 中, 우한 페렴 “사스 아닌 신종 코로나바이러스” 잠정 판정 来源：#SBS# 首尔放送 O网页链接 ​"
中天電視官方NEWS,2020年01月10日,0,0,0,//weibo.com/1878156541/IoPZTqW4L?refer_flag=1001030103_,【人传人可能性低 我维持现有防疫作为 #武汉肺炎 初判新型冠状病毒# 】大陆武汉市爆发不明原因肺炎，疑似病例累积达59件，重症7件，疾管署昨接获陆方通知，确认病原体初步判定为“新型冠状病毒”，待大陆释出基因序列后，疾管署将自行合成，以利检疫。尽管该病毒不属于已知可传人的6种冠状病毒之一，目前针对检疫、检验、医疗物资整备等，仍会维持现有防疫作为。🙏🙏希望疫情早日控制住！更多详情：O网页链接-----------中时电子报：O网页链接 中时电子报也有App喔！ios戳这→ O网页链接 
幸福的可可,2020年01月10日,0,0,0,//weibo.com/1457403923/IoPY1zjqP?refer_flag=1001030103_,以肺炎为主的急性严重呼吸系统综合征！！#武汉8名不明原因病毒性肺炎患者已出院##武汉发现不明原因肺炎##武汉不明原因肺炎病原体为新型冠状病毒##武汉卫健委通报不明原因肺炎# 『救治组专家:武汉病毒性肺炎患者病情多可得到控制』O救治组专家:武汉病毒性肺炎患者病情多可得到控制 ​
路雷财经,2020年01月10日,1,0,0,//weibo.com/6160930667/IoPXmc7AH?refer_flag=1001030103_,上证指数 sh000001 英媒关注武汉不明原因肺炎病原体初定：新型冠状病毒英媒称，根据中国媒体1月9日报道，针对武汉不明原因的病毒性肺炎疫情病原学鉴定进展问题，专家组认为，本次不明原因的病毒性肺炎病例的病原体初步判定为新型冠状病毒；下一步需结合病原学研究、流行病学调查和临床表现进行专家研判。 
武隆检察,2020年01月10日,0,0,0,//weibo.com/5931879346/IoPXhbJdg?refer_flag=1001030103_,【武汉不明原因的病毒性肺炎疫情病原体初步判定为新型冠状病毒】
武隆检察,2020年01月10日,0,0,0,//weibo.com/5931879346/IoPWHpyel?refer_flag=1001030103_,【专家称武汉不明原因肺炎病原体为新型冠状病毒】
所有风的颜色,2020年01月10日,0,0,0,//weibo.com/5746713250/IoPVW8Dgi?refer_flag=1001030103_,在肺炎闹出的第一天我在天河机场着陆了然后微博上就出现了肺炎二货的我硬是往人堆里挤去各个景点现在想想，是真的头铁#武汉不明原因肺炎病原体为新型冠状病毒##武汉发现不明原因肺炎# ​
吉林省卫生健康委,2020年01月10日,0,0,0,//weibo.com/3500496847/IoPUY9QOB?refer_flag=1001030103_,关注｜新型冠状病毒！武汉不明原因病毒性肺炎疫情病原体初步判定（附专家访谈） O关注｜新型冠状病毒！武汉不明原因病毒性肺炎疫情病原体初步判定（附专家访谈） ​
常学荣--营养健康,2020年01月10日,0,0,0,//weibo.com/2216166832/IoPTjj9u0?refer_flag=1001030103_,专家称系新型冠状病毒 武汉不明原因的病毒性肺炎疫情病原学鉴定取得初步进展 O专家称系新型冠状病毒 武汉不明原因的病毒性肺炎疫情病原学鉴定取得初步进展 ​
常学荣--营养健康,2020年01月10日,0,0,0,//weibo.com/2216166832/IoPRp9Jvr?refer_flag=1001030103_,专家称系新型冠状病毒 武汉不明原因的病毒性肺炎疫情病原学鉴定取得初步进展 O专家称系新型冠状病毒 武汉不明原因的病毒性肺炎疫情病原学鉴定取得初步进展 ​
marry花,2020年01月10日,0,0,0,//weibo.com/1218666152/IoPRa6RJY?refer_flag=1001030103_,【新闻早读】武汉不明肺炎源于新型冠状病毒，这4个症状同时出现一定要重视 O【新闻早读】武汉不明肺炎源于新型冠状病毒，这4个症状同时出现一定要重视 ​
微笑水晶鱼儿,2020年01月10日,0,0,0,//weibo.com/6863031951/IoPQCEQEZ?refer_flag=1001030103_,就武汉不明原因的病毒性肺炎疫情病原学鉴定进展问题，专家组认为，本次不明原因的病毒性肺炎病例的病原体初步判定为新型冠状病毒。 O网页链接 ​
宕昌者鹏亮,2020年01月10日,0,0,0,//weibo.com/1097750105/IoPQlen2I?refer_flag=1001030103_,转发微博
天津市北辰区疾病预防控制中心,2020年01月10日,0,0,0,//weibo.com/6025897513/IoPLc6ZKS?refer_flag=1001030103_,#北辰疾控提醒您##武汉发现不明原因病毒性肺炎重症11例# 病原体初步判定为#新型冠状病毒# ，为此需要了解什么？？@天津健康 @北辰发布 @奏耐天津 ​
高山记要,2020年01月10日,2,0,0,//weibo.com/1900394924/IoPKhDxTN?refer_flag=1001030103_,世卫组织关于中国武汉聚集性肺炎病例的声明2020年1月9日 世卫组织的声明中国当局已经初步确定了一种新型（或新的）冠状病毒，该病毒发现于武汉某住院肺炎患者。中国研究人员通过从一名阳性患者样本中分离出的病毒进行了基因测序。在短时间内初步鉴定出一种新型病毒是一项显著成就，表明中国在管理新 ​  展开全文c
一饮茶尽怜菡,2020年01月10日,0,0,0,//weibo.com/7369027813/IoPIQt83X?refer_flag=1001030103_,#武汉不明原因肺炎病原体为新型冠状病毒# ​
秋菊春花,2020年01月10日,0,0,0,//weibo.com/5543387139/IoPBFpLgW?refer_flag=1001030103_,人文体育①霍华德否认将参加扣篮大赛：只想赢得总冠军。②据美媒体报道，NBA近日宣布对金州勇士队主帅史蒂夫·科尔罚款2.5万美元，原因是科尔在勇士客场与国王的比赛中辱骂裁判。③足协召开新政研讨会：发展足球产业，促进国家经济转型和升级换代。④中国航天科工宣布，1月12日将在我国酒泉卫星发射中心发射快舟富强福号运载火箭，搭载我国低轨宽带通信卫星系统实验验证卫星。⑤近日，2020年联合国生物多样性大会（COP15）会标正式在京公布。会标以不同元素组成一滴“水滴”，也是一粒“种子”的形状。E、社会生活①专家称系新型冠状病毒，武汉不明原因的病毒性肺炎疫情病原学鉴定取得初步进展。②长沙市长：华为鲲鹏计算落户长沙是里程碑事件，支持湘江鲲鹏在长沙先行先试。③济南拟调整网约车准入条件，纯电动车比例不低于80%。④教育部：严厉打击“高考移民”。⑤四川：体育产业总规模力争2023年达2300亿元。 
點新聞dotdotnews,2020年01月10日,0,2,0,//weibo.com/7310744124/IoPzw8Dq5?refer_flag=1001030103_,#點動畫# 【肺炎預防小貼士】內地專家組昨日（9日）初步判定，武漢不明原因肺炎病毒病原體為新型冠狀病毒。香港衞生署衞生防護中心亦宣布，本地季節性流感活躍程度在上周繼續上升，超越基線水平，香港踏入2019／20年冬季流感季節。季節轉換、流感高發，做好預防工作，這些小貼士你要知。 L點新聞dotdotnews的微博视频 
武汉晨报,2020年01月10日,1,0,0,//weibo.com/1736305802/IoPx1zXSJ?refer_flag=1001030103_,#武汉不明原因肺炎病原体为新型冠状病毒# 【救治组专家：武汉病毒性肺炎患者病情，大多数可以得到控制】 ​
用户gdtm8usojy,2020年01月10日,0,0,0,//weibo.com/1045384224/IoPwpeiI1?refer_flag=1001030103_,就武汉不明原因的病毒性肺炎疫情病原学鉴定进展问题，专家组认为武汉病毒性肺炎疫情病原体初步判定系新型冠状病毒 O网页链接 ​
爱太极的天使,2020年01月10日,0,0,0,//weibo.com/2257131144/IoPtDgRWG?refer_flag=1001030103_,据说韩国要把东北火炕申遗，那乡村爱情就应该算是韩剧了吧#鹿晗吃火锅涮葡萄##那方面不行##张鹤伦##秦霄贤##武汉不明原因肺炎病原体为新型冠状病毒##刘筱亭##岳云鹏# ​
武汉身边事,2020年01月10日,0,0,0,//weibo.com/2049368710/IoPtquMML?refer_flag=1001030103_,#武汉身边事# 【世卫组织关于中国武汉聚集性肺炎病例的声明】中国当局已经初步确定了一种新型（或新的）冠状病毒，该病毒发现于武汉某住院肺炎患者。中国研究人员通过从一名阳性患者样本中分离出的病毒进行了基因测序。在短时间内初步鉴定出一种新型病毒是一项显著成就，表明中国在管理新疫情方面的能力有所增强。O网页链接 
薇信10612673顶级潮牌复刻447号,2020年01月10日,0,0,0,//weibo.com/7055318197/IoPt16hy2?refer_flag=1001030103_,又有何用  张堑这声赞叹，一下子变成了最刺耳的嘲讽，仿佛狠狠地扇了黄东岳一个耳光  当然嗤笑ThomBrowne汤姆布朗tb羊绒围巾之余，不少人也思考起了张堑方才的攻击，大多数人根本没看清楚他是怎么躲过黄东岳的剑芒，然后又出现在黄 #曾经拒绝现在却接受的食物##武汉不明原因肺炎病原体为新型冠状病毒##5亿只动物丧生澳大利亚山火# 
XXXLLMs,2020年01月10日,0,0,0,//weibo.com/1281992787/IoPsR4yMI?refer_flag=1001030103_,……//@幸福的可可:武汉卫健委不是说新冠状病毒没有明确的人传人证据吗？交通运输部为什么又说要采取措施应对新病毒对春运的威胁？打脸了？
薇信10612673顶级潮牌复刻034号,2020年01月10日,0,0,0,//weibo.com/7074582112/IoPscyS9T?refer_flag=1001030103_,可能到时候，我只要杀了你，再把晶符夺回来就是了  将晶符送给了叶寒之后，方世杰也得到了允许，终于可以离开这竹屋了。  他欣喜chromehearts克罗心梵文长袖可打底地用最快的速度 #长大后你还收到过红包吗##吃瓜鹅每日速报 线雕脸##武汉不明原因肺炎病原体为新型冠状病毒# ​
天津小站稻,2020年01月10日,0,0,0,//weibo.com/3196022692/IoPrjA2Tx?refer_flag=1001030103_,2020年初武汉出现不明原因肺炎，科学家从病原中发现一种新型冠状病毒。中医认为，天地之间的异常气机变化导致了疫病。现为暖冬，少阳相火加临于太阳寒水，一方面导致人的阳气不能归根，虚火上浮，体质下降；另一方面，暖冬造成热性病邪肆虐——二者合力，形成疫病。养正方为治本，阳气闭藏，邪自不侵。 ​​​ 
用户3886694567,2020年01月10日,0,0,0,//weibo.com/3886694567/IoPrcwPX4?refer_flag=1001030103_,//@贵州省广顺监狱:【#武汉不明原因肺炎病原体系为新型冠状病毒#】
丰都检察,2020年01月10日,0,0,0,//weibo.com/1858798152/IoPqf8T1K?refer_flag=1001030103_,【专家称武汉不明原因肺炎病原体为新型冠状病毒】
车谷城管,2020年01月10日,0,0,0,//weibo.com/3260324130/IoPoR86ym?refer_flag=1001030103_,#车都城管微新闻# 【纱帽街城管中队积极参与集贸市场综合整治行动】针对近期武汉华南海鲜批发市场内发现新型冠状病毒，按照市爱卫办的指示要求纱帽城管结合当前实际，服从纱帽街公共办的统一部署，中队领导班子高度重视、精心筹划、周密组织积极协调纱帽市场安全监督所、纱帽市场管理中心、新兰社区等 ​  展开全文c
选择中医__董洪涛,2020年01月10日,30,22,0,//weibo.com/1442720613/IoPohnVkV?refer_flag=1001030103_,2020年初武汉出现不明原因肺炎，科学家从病原中发现一种新型冠状病毒。中医认为，天地之间的异常气机变化导致了疫病。现为暖冬，少阳相火加临于太阳寒水，一方面导致人的阳气不能归根，虚火上浮，体质下降；另一方面，暖冬造成热性病邪肆虐——二者合力，形成疫病。养正方为治本，阳气闭藏，邪自不侵。 ​
薇信10612673顶级潮牌复刻475号,2020年01月10日,0,0,0,//weibo.com/7056220180/IoP9x94q9?refer_flag=1001030103_,啊  他如何能不愤怒  这一burberry巴宝莉小鹿卫衣怒之下，他立刻就风风火火地带着林烟儿 #武汉不明原因肺炎病原体为新型冠状病毒##刘诗诗草莓果酱唇色##2019最火表情# ​
武汉热门,2020年01月10日,2,1,0,//weibo.com/2197212814/IoP9nnK4H?refer_flag=1001030103_,#武汉不明原因肺炎病原体为新型冠状病毒#【动画科普冠状病毒，做好日常防护措施不必惊慌】武汉病毒性肺炎疫情引发社会广泛关注，经过专家组病原检测，病原体初步判定为新型冠状病毒。而在2002年的非典SARS，2012年的中东呼吸综合征，也是由冠状病毒感染引发。冠状病毒是一类主要引起呼吸道、肠道疾病的病原体，整个病毒颗粒就像一顶帝王的皇冠，因此得名“冠状病毒”。那么，冠状病毒是什么？有什么特点？新型病毒传人吗？在流感高发季，我们应该如何预防被感染？LN视频的微博视频 
贾芘396619,2020年01月10日,0,0,0,//weibo.com/6351624362/IoP8k4Bnj?refer_flag=1001030103_,#千风浩气#　手机里，传来阿木略带嘶哑的声音：“黄守乾，你留在老挝的 #武汉不明原因肺炎病原体为新型冠状病毒# ​
爱太极的天使,2020年01月10日,0,0,0,//weibo.com/2257131144/IoP6WFaEy?refer_flag=1001030103_,最近灰机失事很多啊！刚果布拉柴维尔也凑热闹#鹿晗吃火锅涮葡萄##那方面不行##张鹤伦##刘筱亭##武汉不明原因肺炎病原体为新型冠状病毒##岳云鹏帮孙越P图# L爱太极的天使的微博视频 ​
余生在这里20190218,2020年01月10日,0,0,0,//weibo.com/5346133155/IoP5Tnnxc?refer_flag=1001030103_,就武汉不明原因的病毒性肺炎疫情病原学鉴定进展问题，专家组认为，本次不明原因的病毒性肺炎病例的病原体初步判定为新型冠状病毒。 O网页链接 ​
幸福的可可,2020年01月10日,0,0,0,//weibo.com/1457403923/IoP4XbEPC?refer_flag=1001030103_,`//@幸福的可可:面对有关健康生命的新冠状病毒肺炎疫情，国民想要的，就是武汉卫健委每日通报真实疫情，及时公开透明。#武汉8名不明原因病毒性肺炎患者已出院##武汉发现不明原因肺炎##武汉卫健委通报不明原因肺炎##武汉不明原因肺炎病原体为新型冠状病毒# ​
在海南有我,2020年01月10日,0,2,0,//weibo.com/5996817907/IoP29oVr4?refer_flag=1001030103_,武汉不明原因肺炎“真凶”查明初步判定为新型冠状病毒2020年01月10日　　#天汉之声# 　　据新华社电 日前，就武汉不明原因的病毒性肺炎疫情病原学鉴定进展问题，记者采访了病原检测结果初步评估专家组组长、中国工程院院士徐建国。他表示，专家组认为，本次不明原因的病毒性肺炎病例的病原体初步判定为新型冠状病毒。　　问题一：目前，武汉不明原因的病毒性肺炎疫情病原学鉴定有什么进展？　　徐建国：截至2020年1月7日21时，实验室检出一种新型冠状病毒，获得该病毒的全基因组序列，经核酸检测方法共检出新型冠状病毒阳性结果15例，从1例阳性病人样本中分离出该病毒，电镜下呈现典型的冠状病毒形态。　　专家组认为，本次不明原因的病毒性肺炎病例的病原体初步判定为新型冠状病毒。　　问题二：本次病原学鉴定是如何组织开展的？　　徐建国：组织实验室采用基因组测序、核酸检测、病毒分离等方法对病人的肺泡灌洗液、咽拭子、血液等样本进行病原学检测。　　问题三：确认病原需要哪些程序？　　徐建国：确认引起某流行性疾病的病原，通常要满足以下几点：（1）可疑病原须在病人中均有发现，在病人临床样本中可检测到病原核酸；（2）从病人临床样本中可成功分离到病原；（3）分离的病原感染宿主动物后可引起相同的疾病症状。而病人恢复期血清中该病原的抗体滴度有4倍升高，可帮助确定病原。　　从病人中发现病原的核酸、基因组和抗体证据，短期内可以完成。病原的分离和致病性鉴定等科学研究，则需要数周时间。针对一种新发病原体的特效药物和疫苗研发可能需要数年时间来完成。　　问题四：下一步还要开展哪些工作？　　徐建国：专家组认为，本次不明原因的病毒性肺炎病例的病原体初步判定为新型冠状病毒，下一步需结合病原学研究、流行病学调查和临床表现进行专家研判。　　问题五：什么是冠状病毒？　　徐建国：冠状病毒是一类主要引起呼吸道、肠道疾病的病原体。这类病毒颗粒的表面有许多规则排列的突起，整个病毒颗粒就像一顶帝王的皇冠，因此得名“冠状病毒”。冠状病毒除人类以外，还可感染猪、牛、猫、犬、貂、骆驼、蝙蝠、老鼠、刺猬等多种哺乳动物以及多种鸟类。目前为止，已知的人类冠状病毒共有六种。其中四种冠状病毒在人群中较为常见，致病性较低，一般仅引起类似普通感冒的轻微呼吸道症状。另外两种冠状病毒——严重急性呼吸综合征冠状病毒和中东呼吸综合征冠状病毒，也就是我们简称的SARS冠状病毒和MERS冠状病毒，可引起严重的呼吸系统疾病。引起此次疫情的新型冠状病毒不同于已发现的人类冠状病毒，对该病毒的深入了解需要进一步科学研究。 
广铁集团深圳北火车站,2020年01月10日,0,0,0,//weibo.com/3978337923/IoP1QfW7i?refer_flag=1001030103_,#深北分享# 【#武汉不明原因肺炎病原体为新型冠状病毒#】记者今天从病原检测结果初步评估专家组了解到，截至2020年1月7日21时，实验室检出一种#新型冠状病毒#，获得该病毒的全基因组序列，经核酸检测方法共检出新型冠状病毒阳性结果15例，从1例阳性病人样本中分离出该病毒，电镜下呈现典型的冠状病毒形态。（央视）L新京报我们视频的秒拍视频 
逍遥隨風恨山,2020年01月10日,0,0,0,//weibo.com/7369034392/IoP0BmWos?refer_flag=1001030103_,#截断式眼妆有多美##武汉不明原因肺炎病原体为新型冠状病毒##朴秀荣患躯体化障碍症# ​
薇信10612673顶级潮牌复刻443号,2020年01月10日,0,0,0,//weibo.com/7056189509/IoP0ch8ua?refer_flag=1001030103_,他狂龙战队的成员也全都一下子双目赤红，仿佛看到了仇人一样，死死盯着黄东岳burberry巴宝莉小鹿帽衫  第二百一十三章暴走 #电影野猪##武汉不明原因肺炎病原体为新型冠状病毒##Lisa身材# ​
武汉身边事,2020年01月10日,4,0,0,//weibo.com/2049368710/IoOZo2cJa?refer_flag=1001030103_,#武汉不明原因肺炎病原体为新型冠状病毒#【动画科普冠状病毒，做好日常防护措施不必惊慌】武汉病毒性肺炎疫情引发社会广泛关注，经过专家组病原检测，病原体初步判定为新型冠状病毒。而在2002年的非典SARS，2012年的中东呼吸综合征，也是由冠状病毒感染引发。冠状病毒是一类主要引起呼吸道、肠道疾病的病原体，整个病毒颗粒就像一顶帝王的皇冠，因此得名“冠状病毒”。那么，冠状病毒是什么？有什么特点？新型病毒传人吗？在流感高发季，我们应该如何预防被感染？LN视频的微博视频 
秋水离歌_151,2020年01月10日,0,0,0,//weibo.com/1276715124/IoOYAnFj2?refer_flag=1001030103_,就武汉不明原因的病毒性肺炎疫情病原学鉴定进展问题，专家组认为，本次不明原因的病毒性肺炎病例的病原体初步判定为新型冠状病毒。 O网页链接 ​
法声2020,2020年01月10日,0,0,0,//weibo.com/2496815960/IoOXijFwD?refer_flag=1001030103_,武汉肺炎可能来自新型冠状病毒，会是下一个 SARS 吗？打流感疫苗，勤洗手，必要时佩戴口罩，避免与野生动物接触。O武汉肺炎可能来自新型冠状病毒，会是下一个 SARS 吗？ ​
薇信10612673顶级潮牌复刻336号,2020年01月10日,0,0,0,//weibo.com/7074942997/IoOVJmAVH?refer_flag=1001030103_,上所拥有的巫族秘法比方世杰原本想象中的还要更加宝贵，若是能够得到，他的实力绝对可以暴增  就在方世杰兀自狂喜，脑海之ThomBrowne汤姆布朗TB羊绒帽衫长裤藏青色中甚至已经浮现出你自己得到了巫族秘法，实力暴增之后，名扬 L吉林大冷面的秒拍视频 #武汉不明原因肺炎病原体为新型冠状病毒##戈恩公布从日本逃亡原因##分手前最后一次见面# 
薇信10612673顶级潮牌复刻415号,2020年01月10日,0,0,0,//weibo.com/7065592921/IoOUwk2o8?refer_flag=1001030103_,姑那边，也不会有人敢去伤害她分毫”  听他说的如此自行，林烟儿不禁有些讶异，问道：“你想怎么做”  叶寒笑着缓ThomBrowne汤姆布朗TB滑雪刺绣加棉长裤缓说道：“我将云诀传出去，可不仅仅只 L全世界最美丽的人啊的秒拍视频 #罗志祥张艺兴欢送黄磊领奖##武汉不明原因肺炎病原体为新型冠状病毒##女生睡前vs男生睡前# 
环球TECH,2020年01月10日,0,0,0,//weibo.com/2660940103/IoOUrm1s2?refer_flag=1001030103_,【“新型冠状病毒”该如何防治】就武汉不明原因的病毒性肺炎疫情病原学鉴定进展问题，中国官方媒体9日从病原检测结果初步评估专家组了解到，本次不明原因的病毒性肺炎病例的病原体初步判定为“新型冠状病毒”。什么是冠状病毒，它与同为冠状病毒引起的SARS和中东呼吸综合征有何区别，普通人又应该如何防范呢？O“新型冠状病毒”该如何防治 
据说都喜欢这个调调,2020年01月10日,0,0,0,//weibo.com/1927555560/IoOTb1iti?refer_flag=1001030103_,//@贵州省广顺监狱:【#武汉不明原因肺炎病原体系为新型冠状病毒#】
凌晨两点赶文书,2020年01月10日,0,0,0,//weibo.com/3148936120/IoOSTjPpj?refer_flag=1001030103_,#武汉不明原因肺炎病原体为新型冠状病毒# 【初步判定！武汉不明原因肺炎病原体为新型冠状病毒】就武汉不明原因病毒性肺炎疫情病原学鉴定进展问题，病原检测结果初步评估专家组表示，截至北京时间7日21时，实验室检出一种新型冠状病毒，获得该病毒的全基因组序列，经核酸检测方法共检出新型冠状病毒阳性结果15例，从1例阳性病人样本中分离出该病毒，电镜下呈现典型的冠状病毒形态。专家组认为，本次不明原因的病毒性肺炎病例的病原体初步判定为新型冠状病毒。 
见马鞍山,2020年01月10日,0,0,0,//weibo.com/3222218860/IoORra4ul?refer_flag=1001030103_,【#武汉不明原因肺炎病原体为新型冠状病毒# 冠状病毒是啥？科普一下↓】就武汉不明原因的病毒性肺炎疫情病原学鉴定进展问题，截至7日21时，专家组认为，本次不明原因的病毒性肺炎病例的病原体初步判定为新型冠状病毒。冠状病毒病毒到底是什么？记者采访了病原检测结果初步评估专家组组长、中国工程院院士徐建国。L央视财经的酷燃视频 
幸福的可可,2020年01月10日,0,0,0,//weibo.com/1457403923/IoORn4dsI?refer_flag=1001030103_,转发微博
扬帆启航7541,2020年01月10日,0,0,0,//weibo.com/6492249688/IoOQdvdZ5?refer_flag=1001030103_,//@贵州省广顺监狱:【#武汉不明原因肺炎病原体系为新型冠状病毒#】
爱太极的天使,2020年01月10日,0,4,0,//weibo.com/2257131144/IoOP7hDU5?refer_flag=1001030103_,所以说买特斯拉的都是傻#鹿晗吃火锅涮葡萄##那方面不行##刘筱亭##武汉不明原因肺炎病原体为新型冠状病毒# L爱太极的天使的微博视频 ​
武汉身边事,2020年01月10日,6,1,0,//weibo.com/2049368710/IoOMNCvdd?refer_flag=1001030103_,#武汉爆料# 【#武汉不明原因肺炎病原体为新型冠状病毒# 冠状病毒是啥？科普一下↓】就武汉不明原因的病毒性肺炎疫情病原学鉴定进展问题，截至7日21时，专家组认为，本次不明原因的病毒性肺炎病例的病原体初步判定为新型冠状病毒。冠状病毒病毒到底是什么？记者采访了病原检测结果初步评估专家组组长、 ​  展开全文c
重庆江北中公教育,2020年01月10日,0,0,0,//weibo.com/7189807778/IoOLXEl1C?refer_flag=1001030103_,1.10[国内]#新闻# #热点# 1、主席就乌克兰客机坠毁分别向乌克兰总统泽连斯基、伊朗总统鲁哈尼致慰问电。李总理主持召开国务院常务会议，部署进一步做好清理政府部门和国有企业拖欠民营企业、中小企业账款工作，要求坚决有力一抓到底，部署春节期间市场保供稳价和基本民生保障工作。2、春运大幕今日 ​  展开全文c
早报网,2020年01月10日,40,5,0,//weibo.com/1654134123/IoOLbb21f?refer_flag=1001030103_,【武汉肺炎病原体初判是新型冠状病毒 没有明显人传人证据】中国卫生专家初步判定，武汉爆发不明原因肺炎疫情的病原体为新型冠状病毒，下一步还需结合病原学研究、流行病学调查和临床表现，才能了解确切病源与扩散方式。香港医界呼吁大陆尽快公布病毒的基因图谱，以助力检测怀疑个案。（到联合早报网看 ​  展开全文c
爱太极的天使,2020年01月10日,0,0,0,//weibo.com/2257131144/IoOKFwsX4?refer_flag=1001030103_,哎哟，小情人的土味情话真甜#鹿晗吃火锅涮葡萄##那方面不行##武汉不明原因肺炎病原体为新型冠状病毒##岳云鹏帮孙越P图##岳云鹏# L爱太极的天使的微博视频 ​
012奢侈潮牌复刻微信a29adg,2020年01月10日,0,0,0,//weibo.com/7057817742/IoOIl2PqZ?refer_flag=1001030103_,虎族，报一下之前叶寒一直叫他小猫咪的仇。吓唬完叶寒之后，它又提出这么一个欺骗华袍老者的计划，想表现自己的指挥balenciaga巴黎世家锁扣小高领长袖打底衫能力不会比叶寒差，逼得叶寒不得不按照他所说的来，这才让他心满意足了。  叶寒很快收起了那傀儡分 #女子投诉快递员遭登门暴打# ​  展开全文c
顺德区疾病预防控制中心,2020年01月10日,0,0,0,//weibo.com/3236476674/IoOIbl3vI?refer_flag=1001030103_,【武汉不明肺炎病原体今明确！是这个东西…… 】武汉市“不明原因肺炎”疫情持续引发关注近日，从病原检测结果初步评估专家组传来消息本次不明原因的病毒性肺炎病例的病原体初步判定为新型冠状病毒O武汉不明肺炎病原体今明确！是这个东西…… ​
小土豆是potato,2020年01月10日,0,0,0,//weibo.com/5611569479/IoOIa6UiR?refer_flag=1001030103_,//@贵州省广顺监狱:【#武汉不明原因肺炎病原体系为新型冠状病毒#】
koofee_559,2020年01月10日,0,0,0,//weibo.com/1831850710/IoOD3lGGt?refer_flag=1001030103_,6种冠状病毒里面有2种高致病性，新型的第7种，我只能呵呵！！！
大连苏宁易购生活广场,2020年01月10日,0,0,0,//weibo.com/3223976764/IoOAumdYN?refer_flag=1001030103_,1. 平均起薪7103元，上海2019届高校毕业生就业报告出炉2. 2019安徽检察典型案例：女子反杀施暴者被认定为正当防卫3. 山东回应“四百公里过路费超千元”：收费异常，误收的将返还4. 南宁一医院率先开展安检并承诺全院医护：伤医？先踏过协警5. 西安一理发店老板为员工发百万年终奖：其中64万交员工父母6. 养子与亲母相认导致赡养纠纷，六旬养父砍伤养子妻子、丈母娘7. 家人报警“8岁男孩走失”：原是独自徒步两小时回校拿作业本8. 最高法裁定陆风X7抄袭路虎案：驳回再审申请，赔150万元9. 武汉不明原因的病毒性肺炎疫情病原体初步判定为新型冠状病毒10. 中国专家率先发现：黄连素有助预防结直肠癌切除后复发11. 伊朗公布乌克兰飞机坠毁初步报告：飞机出现技术问题试图返航12. 两中国公民在美被捕，外交部要求美方保障中国公民合法权益 
京迈有味生活,2020年01月10日,0,0,0,//weibo.com/7333945019/IoOzujGmw?refer_flag=1001030103_,#武汉不明原因肺炎病原体为新型冠状病毒##我的健康“肽”度#
陨星陨星我爱你,2020年01月10日,0,0,0,//weibo.com/6364468032/IoOz0cvfd?refer_flag=1001030103_,//@江宁婆婆:新型冠状病毒
爱太极的天使,2020年01月10日,0,0,0,//weibo.com/2257131144/IoOxB2xyg?refer_flag=1001030103_,自己找认识的#鹿晗吃火锅涮葡萄##张鹤伦##那方面不行##秦霄贤##刘筱亭##岳云鹏帮孙越P图##武汉不明原因肺炎病原体为新型冠状病毒# L爱太极的天使的微博视频 ​
合肥雷军,2020年01月10日,0,0,0,//weibo.com/6573556262/IoOx3jSva?refer_flag=1001030103_,//@科技疯汇:#武汉不明原因肺炎病原体为新型冠状病毒# 从1例阳性病人样本中分离出该病毒，电镜下呈现典型的冠状病毒形态。
婵豆逗,2020年01月10日,0,0,0,//weibo.com/2434529270/IoOvTesx4?refer_flag=1001030103_,快转微博
瞅见美女就闹心,2020年01月10日,0,0,0,//weibo.com/3763795053/IoOteBVKQ?refer_flag=1001030103_,武汉不明原因的病毒性肺炎疫情病原体初步判定为新型冠状病毒@QQ浏览器 O网页链接 ​
sama美腰不见了,2020年01月10日,0,0,0,//weibo.com/2345462657/IoOrsqddD?refer_flag=1001030103_,有点恐怖
BTV都市晚高峰,2020年01月10日,1,0,0,//weibo.com/1882137803/IoOrbhMTE?refer_flag=1001030103_,【#武汉不明原因肺炎病原体初步判定#为新型冠状病毒】就武汉不明原因的病毒性肺炎疫情病原学鉴定进展问题，截至7日21时，专家组认为，本次不明原因的病毒性肺炎病例的病原体初步判定为新型冠状病毒。获得该病毒的全基因组序列，经核酸检测方法共检出新型冠状病毒阳性结果15例，从1例阳性病人样本中分离 ​  展开全文c
上饶协和医院赵主任,2020年01月10日,0,1,0,//weibo.com/6371542403/IoOfF8idW?refer_flag=1001030103_,#上饶身边事# #上饶协和医院#《最新！武汉不明原因肺炎病原体为新型冠状病毒，如何应对？》  O最新！武汉不明原因肺炎病原体为新型冠状病毒，如何应对？ ​
布洛分制造局,2020年01月10日,0,0,0,//weibo.com/7270849859/IoOeGugZT?refer_flag=1001030103_,#布洛分制造局# #武汉发现不明原因肺炎# 武汉不明原因肺炎病原体初步判定为新型冠状病毒，被命名为 HCoV-WuHan1。当前情况，该吃吃，该喝喝，无需恐慌，不传谣不信谣。要说注意的话，就是不要吃来路不明的野味（野生动物上可能携带大量未确认病原体），鸡鸭鱼肉难道不香么？ ​
独对夕阳,2020年01月10日,0,0,0,//weibo.com/1609392080/IoOdYvwPD?refer_flag=1001030103_,//@jrry86://@yeba的微博: 来了！新型冠状病毒来了！与2002年所向披靡肆虐中华大地的非典“萨斯病毒”是一家的，在美国全面绞杀中国、中国先正达集团横空出世、中国转基因航母破冰启航、农业部即将颁发转基因玉米大豆安全证书之际的最关键来了！不会是最后一根稻草吧？！念啥好？阿弥陀佛？阿门？欧买
荆楚名医汇,2020年01月10日,0,1,0,//weibo.com/7091526133/IoOcgExK9?refer_flag=1001030103_,【#武汉不明原因肺炎病原体为新型冠状病毒# 冠状病毒是啥？科普一下↓】就武汉不明原因的病毒性肺炎疫情病原学鉴定进展问题，截至7日21时，专家组认为，本次不明原因的病毒性肺炎病例的病原体初步判定为新型冠状病毒。冠状病毒病毒到底是什么？记者采访了病原检测结果初步评估专家组组长、中国工程院院 ​  展开全文c
用户6475814200,2020年01月10日,0,0,0,//weibo.com/6475814200/IoObQ8DSI?refer_flag=1001030103_,武汉肺炎：疫情病原体初步判定为新型冠状病毒_手机新浪网  O武汉肺炎：疫情病原体初步判定为新型冠状病毒 ​
爱太极的天使,2020年01月10日,0,0,0,//weibo.com/2257131144/IoObhvhbV?refer_flag=1001030103_,兵器影像 好运接龙#鹿晗吃火锅涮葡萄##张鹤伦##武汉不明原因肺炎病原体为新型冠状病毒##刘筱亭##秦霄贤##那方面不行# L爱太极的天使的微博视频 ​
zy陈子叶,2020年01月10日,0,0,0,//weibo.com/7306065163/IoOb6AvSm?refer_flag=1001030103_,早～武汉的天气一如既往的冷到不想上班 #武汉天气吐槽#   在这里告诉大家注意保暖 不然你过年在隔离室过多委屈#武汉不明原因肺炎病原体为新型冠状病毒# ​
第一财经YiMagazine,2020年01月10日,4,4,0,//weibo.com/1315591982/IoOaLzA5X?refer_flag=1001030103_,【#武汉不明原因肺炎病原体为新型冠状病毒# 武汉肺炎病原体确认为新型冠状病毒】据新华社1月9日消息，针对此前武汉不明原因的病毒性肺炎疫情，评估专家组组长、中国工程院院士徐建国表示，本次病例的病原体初步判定为新型冠状病毒。截至1月5日上午8时，武汉共报告符合不明原因的病毒性肺炎诊断患者59例 ​  展开全文c
Babycare官博,2020年01月10日,1,3,0,//weibo.com/5574668770/IoO9V0jVM?refer_flag=1001030103_,#武汉肺炎为新型冠状病毒# 这个季节是各种传染病的高发期，注意以下三点，宝贝远离传染病：1.少带孩子去人流密集的地方，减少被传染的可能2.在家记得多通风，让阳光充分照射3.勤用babycare洗手液洗手，护手除菌，干净不干燥~ ​
小土豆是potato,2020年01月10日,0,0,0,//weibo.com/5611569479/IoO9sm3HQ?refer_flag=1001030103_,//@贵州省广顺监狱: 【#武汉不明原因肺炎病原体系为新型冠状病毒#】
重庆中公教育,2020年01月10日,0,0,0,//weibo.com/1563926084/IoO8PCoXu?refer_flag=1001030103_,#中公早报# #时政热点# 今日热点时事信息汇总：1、应美方邀请，中共中央政治局委员、国务院副总理、中美全面经济对话中方牵头人刘鹤将于13日至15日率团访问华盛顿，与美方签署第一阶段经贸协议。2、最高法9日发布10个长江经济带生态环境司法保护典型案例，7件系违法向长江干支流偷排、直排污染物的刑 ​  展开全文c
淡定的小妮,2020年01月10日,0,0,0,//weibo.com/1634807807/IoO6hfSMl?refer_flag=1001030103_,就武汉不明原因的病毒性肺炎疫情病原学鉴定进展问题，专家组认为，本次不明原因的病毒性肺炎病例的病原体初步判定为新型冠状病毒。那么肺炎到底是怎么回事呢？ O网页链接 ​
亿心国际,2020年01月10日,0,0,0,//weibo.com/6399394114/IoO5ctXpj?refer_flag=1001030103_,长知识了//@蕨代霜蛟: 武汉被证明是新型的冠状病毒、真相大白。但其实中文里早有预言：冠状病毒一旦翻新就会引发疾病、并将这一规律归纳为【冠新病】。中文的浩瀚深远、举世无双。 O网页链接
内科加全科执业医师七妹君雨,2020年01月10日,0,0,0,//weibo.com/2233060075/IoO4ZuqFQ?refer_flag=1001030103_,本次的主要更新是：#健康中国2030# #武汉不明原因肺炎病原体为新型冠状病毒# 【冠状病毒是一类主要引起呼吸道、肠道疾病...更多资讯，请持续关注。健康圈微博精选 ​
沙坪坝检察,2020年01月10日,0,0,0,//weibo.com/3536775713/IoO4GhXmA?refer_flag=1001030103_,【专家称武汉不明原因肺炎病原体为新型冠状病毒】
爱太极的天使,2020年01月10日,0,0,0,//weibo.com/2257131144/IoO4mcgjK?refer_flag=1001030103_,秦霄贤vs梅长苏#那方面不行##秦霄贤##武汉不明原因肺炎病原体为新型冠状病毒##刘筱亭##岳云鹏##鹿晗吃火锅涮葡萄# L爱太极的天使的微博视频 ​
沙坪坝检察,2020年01月10日,0,1,0,//weibo.com/3536775713/IoO4h8qii?refer_flag=1001030103_,【武汉不明原因的病毒性肺炎疫情病原体初步判定为新型冠状病毒】
十里香酒业,2020年01月10日,0,0,0,//weibo.com/5576231921/IoO3Tu1Fw?refer_flag=1001030103_,燕阵早新闻| 2020年1月10日星期五  在这里，一起读懂世界1、商务部：刘鹤13-15日率团访美 签署第一阶段协议2、英国：哈里和梅根宣布拟放弃英国“高级”皇室成员身份 将工作实现财务独立3、媒体：发布普京到访大马士革消息后 叙利亚总统府推特账号被封4、能源：石油天然气上游市场准入全面放开5、 ​  展开全文c
爱邻汇,2020年01月10日,0,0,0,//weibo.com/7337648782/IoO2HkoKW?refer_flag=1001030103_,"2020.1.10,爱邻汇1分钟“知粤事”#广州播报# #番禺播报# 1.回家了！春运首趟列车今晨开出今日零点12分，满载1822名旅客的K6630次列车从广州站开出2.自春运首日起，广州站和广州东站试行铁路出站旅客免安检换乘地铁3. 今年将在春运中首次投入使用“便携式移车器”，并利用无人机加装喇叭远程操控 ​  展开全文c"
淡定的小妮,2020年01月10日,0,0,0,//weibo.com/1634807807/IoO2AwHul?refer_flag=1001030103_,就武汉不明原因的病毒性肺炎疫情病原学鉴定进展问题，专家组认为，本次不明原因的病毒性肺炎病例的病原体初步判定为新型冠状病毒。 O网页链接 ​
薇信10612673顶级潮牌复刻479号,2020年01月10日,0,0,0,//weibo.com/7055349415/IoO1Iuu7z?refer_flag=1001030103_,外国人在中国遇到的尴尬事！ThomBrowne汤姆布朗tb羊绒围巾！  LLe平淡的秒拍视频 #武汉不明原因肺炎病原体为新型冠状病毒##央视还原女子反杀醉汉案经过##2020年的第一个梦想# ​
顶级奢侈潮牌复刻工作室042号,2020年01月10日,0,0,0,//weibo.com/5277898121/IoO1IrdOo?refer_flag=1001030103_,，进行了诸多VLONE×CLOT中国龙长袖伪装，但是叶寒依旧很快找到了一些线索，顺藤摸瓜，边来到了一个让他觉得可疑的地方。  果然，不多时他的灵识探查范围之内，就出现了两个人。  “嗖”  叶寒一 #杨紫吐槽李现合照动作##萌娃特种兵式匍匐前进##武汉不明原因肺炎病原体为新型冠状病毒# ​
炎黄健康,2020年01月10日,0,0,0,//weibo.com/5862018214/IoO1jnQi8?refer_flag=1001030103_,武汉本次不明原因的病毒性肺炎病例的病原体初步判定为“新型冠状病毒”，这种新型冠状病毒远远没有SARS和MERS严重。目前为止，已知的人类冠状病毒共有六种。其中四种冠状病毒在人群中较为常见，致病性较低，另外两种冠状病毒，可引起严重的呼吸系统疾病。引起此次疫情的新型冠状病毒不同于已发现的人类 ​  展开全文c
重庆早班车,2020年01月10日,0,0,0,//weibo.com/5273360314/IoO140rq6?refer_flag=1001030103_,#武汉不明原因肺炎病原体为新型冠状病毒#【动画科普冠状病毒，做好日常防护措施不必惊慌】武汉病毒性肺炎疫情引发社会广泛关注，经过专家组病原检测，病原体初步判定为新型冠状病毒。而在2002年的非典SARS，2012年的中东呼吸综合征，也是由冠状病毒感染引发。冠状病毒是一类主要引起呼吸道、肠 ​  展开全文c
达州辣妈,2020年01月10日,0,0,0,//weibo.com/5276970286/IoO0HdIei?refer_flag=1001030103_,#武汉不明原因肺炎病原体为新型冠状病毒#【动画科普冠状病毒，做好日常防护措施不必惊慌】武汉病毒性肺炎疫情引发社会广泛关注，经过专家组病原检测，病原体初步判定为新型冠状病毒。而在2002年的非典SARS，2012年的中东呼吸综合征，也是由冠状病毒感染引发。冠状病毒是一类主要引起呼吸道、肠 ​  展开全文c
禁毒法治,2020年01月10日,0,0,0,//weibo.com/2044446315/IoO0Gm9sO?refer_flag=1001030103_,#武汉不明原因肺炎病原体为新型冠状病毒#【怎样预防肺炎你了解吗？？】肺炎的症状及发病原因是什么？下面是大多数常见肺炎的发病机制，一起通过视频让更多人了解下！#卢靖姗短发##2600年前人脑保存完好#   L医视频的微博视频 ​
宣汉圈,2020年01月10日,0,0,0,//weibo.com/5270182296/IoO0savhB?refer_flag=1001030103_,#武汉不明原因肺炎病原体为新型冠状病毒#【动画科普冠状病毒，做好日常防护措施不必惊慌】武汉病毒性肺炎疫情引发社会广泛关注，经过专家组病原检测，病原体初步判定为新型冠状病毒。而在2002年的非典SARS，2012年的中东呼吸综合征，也是由冠状病毒感染引发。冠状病毒是一类主要引起呼吸道、肠 ​  展开全文c
爱太极的天使,2020年01月10日,0,0,0,//weibo.com/2257131144/IoO033AaC?refer_flag=1001030103_,看完就知道，整个七队都被二哥嚯嚯光了#那方面不行##刘筱亭##武汉不明原因肺炎病原体为新型冠状病毒##鹿晗吃火锅涮葡萄##岳云鹏##岳云鹏帮孙越P图# L爱太极的天使的微博视频 ​
宣汉圈,2020年01月10日,0,0,0,//weibo.com/5270182296/IoNZYAeud?refer_flag=1001030103_,#武汉不明原因肺炎病原体为新型冠状病毒#【动画科普冠状病毒，做好日常防护措施不必惊慌】武汉病毒性肺炎疫情引发社会广泛关注，经过专家组病原检测，病原体初步判定为新型冠状病毒。而在2002年的非典SARS，2012年的中东呼吸综合征，也是由冠状病毒感染引发。冠状病毒是一类主要引起呼吸道、肠 ​  展开全文c
