晨光摘閱會友互相閱讀觀,2020年01月16日,0,0,0,//weibo.com/3247654494/IpN5zEGTt?refer_flag=1001030103_,『每经17点丨倪萍发文悼念赵忠祥：我想你，舍不得你走；特朗普、姆努钦喊话苹果：要跟政府合作；日本确诊首例新型冠状病毒病例，患者已出院 | 每日经济新闻』O每经17点丨倪萍发文悼念赵忠祥：我想你，舍不得你走；特朗普、姆努钦喊话苹果：要跟政府合作；日本确诊首例新型冠状病毒病例，患者已出院 ​
黑白相间的奇怪远古熊类,2020年01月16日,1,0,0,//weibo.com/1328949810/IpN5vh4O2?refer_flag=1001030103_,现在是说不排除人传人//@哦哟哇啦哪能啦 ://@MarvelousAnn :不是说不会人传人吗 春运之后不堪设想
你胸小别说话3399,2020年01月16日,0,0,0,//weibo.com/7281066215/IpN59nIPS?refer_flag=1001030103_,生活，是晨起暮落。日子，是柴米油盐。走过的路，经过的事，看过的风景，已经随着光阴渐行渐远，不必哀叹，也无需伤感，珍惜当下，恬淡随意地生活，便是浅浅的快乐。 #武汉不明原因肺炎病原体为新型冠状病毒# ​
一般社员李·Spielberg,2020年01月16日,0,0,0,//weibo.com/5485643413/IpN50e2wJ?refer_flag=1001030103_,转发微博
睿笠,2020年01月16日,0,0,0,//weibo.com/2069314764/IpN4DtW7X?refer_flag=1001030103_,转发微博
七荤八素过日脚,2020年01月16日,2,0,0,//weibo.com/2655199391/IpN4j69CX?refer_flag=1001030103_,//@MarvelousAnn:不是说不会人传人吗 春运之后不堪设想
喵逗你玩,2020年01月16日,0,0,0,//weibo.com/1717594541/IpN3svlAY?refer_flag=1001030103_,不是不人与人传染吗？难道是这个日本人也去了海鲜市场
法务老司机,2020年01月16日,5,1,0,//weibo.com/1497460042/IpMWGz8rl?refer_flag=1001030103_,#日本确诊首例新型冠状病毒病例#事件背后，信任重建是如此的困难！转眼都快二十年了，负面的印记依然还是烙印人的脑中！一次不付责任的决定，一生抺不去的印像。过去我们就是这样干的，而且不是一次两次，而是几十年。现在如此，未来也不可能绝迹！只是手法和程度的区别而已！ ​
Tokei桑,2020年01月16日,0,0,0,//weibo.com/1652559683/IpMWFrdfr?refer_flag=1001030103_,转发微博
小谈你好棒,2020年01月16日,0,0,0,//weibo.com/6449873166/IpMVU9aJI?refer_flag=1001030103_,//@Yoo酱酱酱:原来早就有新闻了 那就转一个这个吧…不管怎么样建议戴口罩，对谁都好
吉林新闻综合广播,2020年01月16日,1,1,0,//weibo.com/2637031565/IpMTrocIG?refer_flag=1001030103_,【日本确诊首例新型冠状病毒病例 患者已出院】日本厚生劳动省16日公布，在神奈川县居住的一名30多岁男子被确诊为日本国内首例感染新型冠状病毒的病例，这名患者已经在15日出院。　　厚生劳动省当天发布的公报说，神奈川县医疗机构14日报告了一例曾到过中国武汉市的肺炎病例。这名患者于1月6日到神奈川 ​  展开全文c
hellicca,2020年01月16日,0,0,0,//weibo.com/1737005853/IpMSJEMdC?refer_flag=1001030103_,转发微博
用户6695292128,2020年01月16日,0,0,0,//weibo.com/6695292128/IpMScgQBr?refer_flag=1001030103_,#日本确诊首例新型冠状病毒病例出院#一个人快要死的时候很可怕也很难过，为什么?因为，他能看到你们活着的时候看不到的东西。他看到那么多鬼神都在向他讨债，所以感到很痛苦，好难过，也只能听任摆布。“引接亡人”就是说你前几世的父母或你的亲朋眷属把你接到恶鬼道。事实上是百千恶道鬼神变现来接你 ​  展开全文c
樱花雨凌瑶,2020年01月16日,0,0,0,//weibo.com/7332259087/IpMQWgspv?refer_flag=1001030103_,#泰国新型冠状病毒病例为武汉游客# ​
丝拉丝啦,2020年01月16日,0,0,0,//weibo.com/1751423053/IpMQRenHx?refer_flag=1001030103_,春运人口流动大
沫小初188,2020年01月16日,0,0,0,//weibo.com/6778662457/IpMOFyWTL?refer_flag=1001030103_,#日本确诊首例新型冠状病毒病例出院#
是要变优秀的阿瑾呀_,2020年01月16日,0,2,0,//weibo.com/5100111832/IpMOdcvF4?refer_flag=1001030103_,打开weibo看到热搜，一个是日本男子从武汉出差回国后发现第一例新型冠状病毒病例，在还没有正式确定原因的时候，你可以推测。但是看日本广播字里行间的意思就是都是我们的错，我？？？？？？？再一个就是泰国扣押中国乘客并私自对乘客进行搜身，事实证明是假的，被冤枉，我又一次？？？？？？？为数不多感兴趣的语言国家都是这个样子，我真的是mmp 
邹健论道,2020年01月16日,2,1,0,//weibo.com/2475737537/IpMNswU0k?refer_flag=1001030103_,以我粗浅的生物学知识，我都知道，美国人发现有一些细菌在面对抗生素的时候可以伪装自己，从而逃过抗生素打击，一旦停用抗生素马上就恢复，而且毒性更强大。比如有一种细菌面临抗生素打击的时候，可以把自己的细胞壁脱掉，然后躲在尿道尿液中。因为尿液的渗透压和细胞内部的渗透压是一样的，所以没有细胞壁保护，也不至于被细胞内部的液压自我爆炸。这些细菌一旦探测到抗生素停用以后，短短几个小时之内就会重新生出细胞壁，而且快速分裂，然后继续开始攻击人体。所以新型冠状病毒这么好就被控制，我是觉得有蹊跷。 
一只小鹿栖常早,2020年01月16日,0,0,0,//weibo.com/2427244343/IpMM6Dzqe?refer_flag=1001030103_,转发微博
等到李钟硕的西柚女孩,2020年01月16日,0,0,0,//weibo.com/7187743537/IpMLcbIBT?refer_flag=1001030103_,#日本确诊首例新型冠状病毒病例出院#想到之前看过说南北极冰山里面冻的细菌病毒，由于气候变暖冰山融化，细菌病毒随着海水流到各个地方，或者进入海洋生物体内，然后被人类吃了 ​
刨丁解羊,2020年01月16日,0,0,0,//weibo.com/1449531193/IpMKAFtXJ?refer_flag=1001030103_,转发微博
邹健论道,2020年01月16日,2,0,0,//weibo.com/2475737537/IpMJM9MwT?refer_flag=1001030103_,第1代萨斯病毒作为基因工程的早期产品，自我变异和保持毒性能力都比较差，所以天气暖和了就灭绝了。这十几年美国人在基因工程方面投入了巨大的人力物力，成绩非常巨大。我相信新型冠状病毒的毒性和自我变异能力会让人大开眼界。立贴求证。 ​
知世-搜狐,2020年01月16日,3,3,0,//weibo.com/6384589361/IpMJc4a5k?refer_flag=1001030103_,日本贸易振兴机构表示，有156家日企位于武汉及其周边城市，这些公司正加强防范措施，以防止员工感染与新型冠状病毒有关的肺炎。汽车零件制造商Yorozu已指示员工从1月9日起推迟前往武汉和广州的商务旅行，该公司还要求从中国返回日本的员工进行体检。日本著名零售商永旺集团则在武汉的八家商店里，通过 ​  展开全文c
信丰发布,2020年01月16日,1,1,0,//weibo.com/3947884922/IpMJ7jmdp?refer_flag=1001030103_,【#日本确诊首例新型冠状病毒病例出院#】据新华社，日本厚生劳动省16日公布，在神奈川县居住的一名30多岁男子被确诊为日本国内首例感染新型冠状病毒的病例，这名患者已经在15日出院。　　厚生劳动省当天发布的公报说，神奈川县医疗机构14日报告了一例曾到过中国武汉市的肺炎病例。这名患者于1月6日到 ​  展开全文c
用户7315721310,2020年01月16日,0,0,0,//weibo.com/7315721310/IpMIznKWB?refer_flag=1001030103_,#日本确诊首例新型冠状病毒病例出院#
腿长112的卷毛大伟,2020年01月16日,0,0,0,//weibo.com/1501315265/IpMHVuhkb?refer_flag=1001030103_,转发微博
吃肉少女吃不胖,2020年01月16日,0,0,0,//weibo.com/6198692264/IpMFgzrXG?refer_flag=1001030103_,#日本确诊首例新型冠状病毒病例出院#哎，推特上都说了，那个在日本确认得这个病的是中国人男性，之前去过武汉被传染了…… ​
acbs传奇,2020年01月16日,0,0,0,//weibo.com/3956356440/IpMEMbLy4?refer_flag=1001030103_,从武汉回家了，看到这个信息想把自己隔离起来…
超多优惠购,2020年01月16日,0,0,0,//weibo.com/2523203062/IpMEslKXu?refer_flag=1001030103_,#泰国新型冠状病毒病例为武汉游客# 【芙清旗舰店】医美祛痘面膜  【今天一片只要12.9，新款首推】芙清新品医美祛痘面膜，控油清痘，闭口粉刺，敏感修复，补水保湿，给您一款专业的祛痘面膜，械字号。医用无菌生产，三甲临床认证！   【10元券】微博专享限时领券 ​
邹健论道,2020年01月16日,2,0,0,//weibo.com/2475737537/IpMCSf0NI?refer_flag=1001030103_,我们在新型冠状病毒这个问题上的宣传思路应该得调整一下。如果还是往什么果子狸身上去找原因，那么我们一带一路贸易伙伴被传染了，那就得找我们赔偿啊，会影响到我们和他们之间的经济和外交关系。我们现在应该宣传，我们也是受害者，我们是被人投了毒的。 ​
桓台检察,2020年01月16日,0,0,0,//weibo.com/5463935364/IpMCw4jBr?refer_flag=1001030103_,#日本确认首例新型冠状病毒病例#【日本神奈川男子前往武汉后回国，发现患上肺炎】据日本NHK网站16日报道，日本厚生劳动省表示，一名居住在日本神奈川的男子在前往武汉后回国，发现患上肺炎。经日本国立感染症研究所检测，这名男子被确认感染新型冠状病毒。这是日本国内确诊的首例#新型冠状病毒#病例。 ​  展开全文c
鱼儿LR,2020年01月16日,2,1,0,//weibo.com/1100253921/IpMC2vaUz?refer_flag=1001030103_,新型冠状病毒，即目前武汉发生的“不明原因导致的新型肺炎”病毒…这是日本国内确诊的首个病例，患者是一名家住神奈川县，30多岁的中国男子，1月3日他在武汉时，就出现发烧症状。1月6日从武汉返回日本，男子服用过退烧药，机场检疫“顺利”通过…1月16日上午，日本厚生劳动省紧急召开记者会，正式对外 ​  展开全文c
微微万象民生直通车A,2020年01月16日,0,0,0,//weibo.com/1791010393/IpMBZgQLf?refer_flag=1001030103_,【#日本设立隔离检疫区# 患新型冠状病毒肺炎男子曾前往武汉】日本厚生劳动省16日发布通报称，发现日本首例新型冠状病毒感染确诊病例。该患者为一名30多岁的中国籍男子，曾经前往武汉，目前在日本神奈川县居住。据报道，该男子已于15日出院，相关部门正在确认其在武汉去过的地方以及回日本后的行动等详 ​  展开全文c
服部半藏_正成,2020年01月16日,0,0,0,//weibo.com/6916730047/IpMAj1EpJ?refer_flag=1001030103_,我擦 现在是春运 可要注意
邹健论道,2020年01月16日,2,0,0,//weibo.com/2475737537/IpMzq2ULB?refer_flag=1001030103_,美国人这招挺毒啊。新型冠状病毒具有人传人的能力，这个已经得到了武汉卫健委的确认。我们有综合系统能力，可以控制这个在国内的传染。但是我们的一带一路贸易伙伴，他们可没有这个实力。一旦这个传播到了一带一路国家，他们只能够限制我国公民入境。如果这个病在他们国内蔓延开来，经济受损，对于 ​  展开全文c
安徽商贸学院警务室,2020年01月16日,1,1,0,//weibo.com/3243757400/IpMzecRjZ?refer_flag=1001030103_,【#日本设立隔离检疫区# 患新型冠状病毒肺炎男子曾前往武汉】日本厚生劳动省16日发布通报称，发现日本首例新型冠状病毒感染确诊病例。该患者为一名30多岁的中国籍男子，曾经前往武汉，目前在日本神奈川县居住。据报道，该男子已于15日出院，相关部门正在确认其在武汉去过的地方以及回日本后的行动等详 ​  展开全文c
利鸿_95,2020年01月16日,0,0,0,//weibo.com/7341458655/IpMyP4j41?refer_flag=1001030103_,转发微博
韩嘉星,2020年01月16日,0,0,0,//weibo.com/5495371357/IpMy507RU?refer_flag=1001030103_,转发微博
尐尐船炼,2020年01月16日,0,0,0,//weibo.com/6468275576/IpMwEmiBB?refer_flag=1001030103_,#日本确认首例新型冠状病毒病例#在我记忆的银河系里，童年趣事如繁星点点，每件事都让我记忆[囧]犹新。唯有一件事让我印象最深刻，至今想起来仍让我忍俊不禁。 ​
明净如莲,2020年01月16日,1,2,0,//weibo.com/1366033840/IpMwolvhk?refer_flag=1001030103_,#冠状病毒# 是一类主要引起呼吸道、肠道疾病的微生物。到目前已经知道的人类冠状病毒有6种。其中4种在人群中较常见，一般以上呼吸道感染症状为主。另2种冠状病毒，就是SARS和MERS，具有较高的致病性，可引发致死性肺炎，是目前危害最大、最受关注的新型冠状病毒。 2杭州 ​
荷塘月色605,2020年01月16日,0,0,0,//weibo.com/1374767721/IpMvKbKEY?refer_flag=1001030103_,一名居住在日本神奈川的男子在前往武汉后回国，被确认感染新型冠状病毒。 O日本厚生劳动省：日本国内确认首例新型冠状病毒病例 ​
靖灏贤荣,2020年01月16日,0,0,0,//weibo.com/6468979600/IpMvuv0Mf?refer_flag=1001030103_,#日本确认首例新型冠状病毒病例#能牵手的时候，请别肩并肩；能拥抱的时候，请别手牵手。能相爱的时候，请别说分开；拥有了爱情，请别去碰暧昧。 ​
乐祖舟,2020年01月16日,0,0,0,//weibo.com/6466990229/IpMt98iGC?refer_flag=1001030103_,#日本确认首例新型冠状病毒病例#简单的三人沙发，黄橙搭配的抱枕，与墙上的挂画相呼应，顿时点亮的客厅空间的主色调。 ​
BJTV图说宝鸡,2020年01月16日,0,0,0,//weibo.com/3305819203/IpMszmH37?refer_flag=1001030103_,【#日本确诊首例新型冠状病毒病例出院#】据新华社，日本厚生劳动省16日公布，在神奈川县居住的一名30多岁男子被确诊为日本国内首例感染新型冠状病毒的病例，这名患者已经在15日出院。　　厚生劳动省当天发布的公报说，神奈川县医疗机构14日报告了一例曾到过中国武汉市的肺炎病例。这名患者于1月6日到神奈川县医疗机构就诊。日本国立感染症研究所15日晚经检测确认，患者样本呈新型冠状病毒阳性。公报还说，这名患者由于恢复良好，目前已经出院在家休养。　　厚生劳动省并未公布确诊患者国籍。@新华视点 
敬榕杭先,2020年01月16日,0,0,0,//weibo.com/6468357561/IpMsxiknq?refer_flag=1001030103_,#日本确认首例新型冠状病毒病例#【职场新人的执行力力问题】1、不知道干什么；2、不知道怎么干；3、干起来不顺畅，4、不知道干好了有什么好处；5、知道干不好没什么坏处。。。解决方式：1、目标明确；2、方法可行；3、流程合理；4、激励到位；5、考核有效，说理宜明不宜深，下令宜简不宜繁，指示宜细不宜短。 
Belial7秀,2020年01月16日,0,0,0,//weibo.com/6455966773/IpMrXARSK?refer_flag=1001030103_,#日本确认首例新型冠状病毒病例#这个社会变化太多，女人不好让自我的心也荒来荒去，懂得持续内心平和的女人，就象闹市中的一间静谧的茶馆，让人忍不住想歇足休息。 ​
摄影嘉偉Vivi丘,2020年01月16日,0,0,0,//weibo.com/6468274747/IpMrU2ieU?refer_flag=1001030103_,#日本确认首例新型冠状病毒病例#在我记忆的银河系里，童年趣事如繁星点点，每件事都让我记忆犹新。唯有一件事让我印象最深刻，至今想起来仍让我忍俊不禁。 ​
词语380,2020年01月16日,0,0,0,//weibo.com/6616884945/IpMqz1Vfu?refer_flag=1001030103_,一发出去，#昊嘉笑柳#记者马上就像闻到了血的苍蝇一样，最近几天几乎所有话题都对准了这部被预言为超越 #泰国发现1例新型冠状病毒病例# ​
小林華城,2020年01月16日,0,0,0,//weibo.com/3288603392/IpMqkwVxu?refer_flag=1001030103_,#日本确认首例新型冠状病毒病例#觉得比起美国的流感还好了。感觉被大家集体关注就一点，这事发生在中国。不过本次处理得也是很快，不像以前香港/美国的。都死了几千人了( ​
茗纪秀昂,2020年01月16日,0,0,0,//weibo.com/6456185106/IpMqkwUEg?refer_flag=1001030103_,#日本确认首例新型冠状病毒病例#柯基犬：哼~窝才不跟你们这群大长腿玩呢 ​
动机资本,2020年01月16日,0,0,0,//weibo.com/5150292848/IpMo79urK?refer_flag=1001030103_,武汉新型冠状病毒肺炎来了，百姓如何应对？已经明确，武汉不明原因肺炎是由“新型冠状病毒”引发的。我们怎样做到针对性预防？经过2003年SARS的洗礼，我们国家已经有一套成熟的公共卫生防控措施，这是政府行为；进到医院，医院也有一套完整的院感防控措施，这两者不在今天讨论范围。我们今天讨论的是：我们老百姓如何做好自我防控、预防被感染的知识。 2003年以前，所知的能够导致人类发病的“冠状病毒”是4类，2003年以后又有了SARS冠状病毒（SARS-CoV）、中东呼吸综合征冠状病毒（MERS-CoV），现共计6类。这6类冠状病毒都是具有传染性，传播方式与普通感冒、流感等呼吸道感染性疾病一致，适用于呼吸道传染性疾病预防的通用法则。O武汉新型冠状病毒肺炎来了，百姓如何应对？ 
正政昌,2020年01月16日,0,0,0,//weibo.com/6468900556/IpMn4pPWH?refer_flag=1001030103_,#日本确认首例新型冠状病毒病例#世上只有妈妈好，有妈的孩子草草草！ ​
城市信报,2020年01月16日,1,0,0,//weibo.com/1704588860/IpMmYs4vQ?refer_flag=1001030103_,【#日本确诊首例新型冠状病毒病例出院#】据新华社，日本厚生劳动省16日公布，在神奈川县居住的一名30多岁男子被确诊为日本国内首例感染新型冠状病毒的病例，这名患者已经在15日出院。　　厚生劳动省当天发布的公报说，神奈川县医疗机构14日报告了一例曾到过中国武汉市的肺炎病例。这名患者于1月6日到神奈川县医疗机构就诊。日本国立感染症研究所15日晚经检测确认，患者样本呈新型冠状病毒阳性。公报还说，这名患者由于恢复良好，目前已经出院在家休养。　　厚生劳动省并未公布确诊患者国籍。 
高维生命体,2020年01月16日,0,0,0,//weibo.com/5419654153/IpMmTr0jW?refer_flag=1001030103_,#日本确诊首例新型冠状病毒病例出院# ​
临诞勤帜,2020年01月16日,0,0,0,//weibo.com/6424363290/IpMmQuBtI?refer_flag=1001030103_,#日本确认首例新型冠状病毒病例#【这些星座真的可以笑到最后】冠军（天蝎座：有谋略）、亚军（射手座：不怕死）、季军（白羊座：打不倒）、第四名（狮子座）、第五名（摩羯座）、第六名（水瓶座）、第七名（双鱼座）、第八名（金牛座）、第九名（双子座）、第十名（巨蟹座）、第十一名（处女座）、第十二名（天秤座）。 
欣达可,2020年01月16日,0,0,0,//weibo.com/6431583578/IpMmDcWaR?refer_flag=1001030103_,#日本确认首例新型冠状病毒病例#【上班族健身小动作】①起床：拉伸放松。[去旅行]早晨做全身的关节活动和韧带拉伸放松。②等车或坐车：踮脚运动。身体站直，双脚与髋关节同宽，提起脚后跟，缓慢放下，反复进行30次，练习3组。③下班途中：双脚交替站立。 ​
市场星报,2020年01月16日,0,0,0,//weibo.com/1403611582/IpMmuFolY?refer_flag=1001030103_,【日本确诊首例新型冠状病毒病例 患者已出院】日本厚生劳动省16日公布，在神奈川县居住的一名30多岁男子被确诊为日本国内首例感染新型冠状病毒的病例，这名患者已经在15日出院。　　厚生劳动省当天发布的公报说，神奈川县医疗机构14日报告了一例曾到过中国武汉市的肺炎病例。这名患者于1月6日到神奈川县医疗机构就诊。日本国立感染症研究所15日晚经检测确认，患者样本呈新型冠状病毒阳性。公报还说，这名患者由于恢复良好，目前已经出院在家休养。　　厚生劳动省并未公布确诊患者国籍。@新华视点 
百变女王生活馆贡,2020年01月16日,0,0,0,//weibo.com/6455668450/IpMmpDcgl?refer_flag=1001030103_,#日本确认首例新型冠状病毒病例#就算，眼前的这个他，千般好，万般好，处处是优点，他不爱你，这个缺点，女人永远改变不了。 ​
海蓝之星海王星,2020年01月16日,4,8,0,//weibo.com/1409652497/IpMmh3ZYX?refer_flag=1001030103_,【两名武汉游客入境越南被隔离】据越南快报报道，两名从武汉出发的中国旅客，14日在入境越南岘港机场时，经体温检测有发烧症状，事后被进行隔离观察与治疗。这两名中国旅客参加了同一个旅行团，分别是一名22岁男子和一名3岁男孩。越南卫生部已成立工作小组召开紧急会议讨论预防新型冠状病毒的措施。 ​​​ 
八点三十六分,2020年01月16日,0,0,0,//weibo.com/2872727734/IpMm1EUuI?refer_flag=1001030103_,转发微博
咸宁大小事爆料,2020年01月16日,0,8,0,//weibo.com/1888781280/IpMlpAIbr?refer_flag=1001030103_,虚惊一场，#日本确诊首例新型冠状病毒病例出院#小日本你干什么呢？没有病说有病？是炫耀你的医术高超吗？#说真话知真相# ​
内江中区公安,2020年01月16日,0,0,0,//weibo.com/5787481830/IpMl9AMS1?refer_flag=1001030103_,【#日本确诊首例新型冠状病毒病例出院#】据新华社，日本厚生劳动省16日公布，在神奈川县居住的一名30多岁男子被确诊为日本国内首例感染新型冠状病毒的病例，这名患者已经在15日出院。　　厚生劳动省当天发布的公报说，神奈川县医疗机构14日报告了一例曾到过中国武汉市的肺炎病例。这名患者于1月6日到神奈川县医疗机构就诊。日本国立感染症研究所15日晚经检测确认，患者样本呈新型冠状病毒阳性。公报还说，这名患者由于恢复良好，目前已经出院在家休养。　　厚生劳动省并未公布确诊患者国籍。 2内江 
内江中区公安,2020年01月16日,0,0,0,//weibo.com/5787481830/IpMkzwTi7?refer_flag=1001030103_,#日本确诊首例新型冠状病毒病例出院#希望疫情早日平息。 2内江 ​
用喜剧收尾坚,2020年01月16日,0,0,0,//weibo.com/6455856579/IpMkyFN7p?refer_flag=1001030103_,#日本确认首例新型冠状病毒病例#童年，好似一池湖水，清澈见底。长大以后，才会对童年有如诗如画般的感悟。 ​
内江中区公安,2020年01月16日,0,0,0,//weibo.com/5787481830/IpMk84tLM?refer_flag=1001030103_,【#日本确诊首例新型冠状病毒病例出院#】据新华社，日本厚生劳动省16日公布，在神奈川县居住的一名30多岁男子被确诊为日本国内首例感染新型冠状病毒的病例，这名患者已经在15日出院。　　厚生劳动省当天发布的公报说，神奈川县医疗机构14日报告了一例曾到过中国武汉市的肺炎病例。这名患者于1月6日到 ​  展开全文c
YSU-夜云,2020年01月16日,0,0,0,//weibo.com/6249379778/IpMigyKeE?refer_flag=1001030103_,#日本确诊首例新型冠状病毒病例出院#腾讯旗下游戏英雄联盟近期推出“王国机神”系列皮肤售卖，该系列皮肤均带有浓厚的日本风格，说是为日本人量身定做也不为过，但在中国新春佳节即将来临之际，该游戏策划将“王国机神”系列皮肤强行作为中国鼠年限定皮肤进行高价售卖，并将其中一款皮肤命名为“王国机神驰狼”，经查，“驰狼”与青龙白虎朱雀玄武四大瑞兽不同，它带给人民的不是幸福安康，而是灾难。据山海经记载：“蛇山，有兽焉，其状如狐，而白尾长耳，名驰狼，见则国内有兵。”意为驰狼出现，则国家有战乱。在以和为贵的中国，在人民普遍希冀安居乐业的中国，在中国最重要的节日春节到来之际，英雄联盟策划将带有日本风格的凶兽作为中国鼠年限定皮肤进行高价售卖，其心可诛，我认为他们有panguoruhua之嫌，建议有关部门详查英雄联盟策划部，并取缔“王国机神”鼠年限定标志和“驰狼”之名，此外，也请相关部门详查英雄联盟国服商城商品价格远远高于外服价格一事。 
山点霏,2020年01月16日,0,0,0,//weibo.com/6468295962/IpMifmvML?refer_flag=1001030103_,#日本确认首例新型冠状病毒病例#老板：“就加一点嘛！” ​
小闲区块链,2020年01月16日,0,0,0,//weibo.com/1598471867/IpMhU4ibB?refer_flag=1001030103_,#日本确认首例新型冠状病毒病例# 还说不是人与人传染 ​
蔓临景致,2020年01月16日,0,0,0,//weibo.com/6432924172/IpMhvi6UX?refer_flag=1001030103_,#日本确认首例新型冠状病毒病例#因为未来是你自己的，只有你自己能给自己最大的安全感。别忘了答应自己要做的事，别忘记自己想去的地方，不管爱情那有多难，有多远。 ​
彼德林奇国,2020年01月16日,0,0,0,//weibo.com/6455667877/IpMhoqIks?refer_flag=1001030103_,#日本确认首例新型冠状病毒病例#当一个他对女人说：分手吧。请不要哭泣和流泪，应该笑着说：等你说这话很久了。然后转身走掉。 ​
中国老龄事业发展基金会,2020年01月16日,0,0,0,//weibo.com/7240604595/IpMh9p0fS?refer_flag=1001030103_,#每日健康资讯# 【日本确诊首例新型冠状病毒病例 患者已出院】日本厚生劳动省16日公布，在神奈川县居住的一名30多岁男子被确诊为日本国内首例感染新型冠状病毒的病例，这名患者已经在15日出院。　　厚生劳动省当天发布的公报说，神奈川县医疗机构14日报告了一例曾到过中国武汉市的肺炎病例。这名患者于1月6日到神奈川县医疗机构就诊。日本国立感染症研究所15日晚经检测确认，患者样本呈新型冠状病毒阳性。公报还说，这名患者由于恢复良好，目前已经出院在家休养。厚生劳动省并未公布确诊患者国籍。@新华视点 2北京 
谷亚岷_724,2020年01月16日,0,0,0,//weibo.com/2948263315/IpMgchYBl?refer_flag=1001030103_,#日本确诊首例新型冠状病毒病例出院#
香港衛視HKS,2020年01月16日,5,4,0,//weibo.com/2712601544/IpMg13sIC?refer_flag=1001030103_,【日本确认首例新型冠状病毒病例 患者曾去过武汉】日本厚生劳动省16日发布通报称，该国发现首例新型冠状病毒感染确诊病例。该患者为一名30多岁的中国籍男子，曾经前往武汉，目前在日本神奈川县居住。通报称，该男子1月3日出现发热症状，6日从武汉市回到日本接受诊断，10日开始住院，之后症状恢复正常，15日出院。厚生劳动省称，该男子没有靠近过武汉市的华南海鲜批发市场，但认为他可能在中国与其他患者接触过，正在确认他在武汉去过的地方以及回日本后的行动。厚生劳动省表示，目前虽然无法排除新病毒有限度人传人的可能性，但也没发现持续人传人的明确证据，当局会加强入境口岸的检疫工作。日本官房长官菅义伟表示，政府会就厚生劳动省的措施展开全面应对。菅义伟又表示，因应新型病毒，首相官邸的危机管理中心已设立了情报联络室，设立日期为15日。据悉，日本厚生劳动省已经开始在各地检疫站展示海报，同时将对所有入境游客进行热像测试，以测量他们的体温，并准备了专门的诊断试剂。O网页链接 
欢立满荷,2020年01月16日,0,0,0,//weibo.com/6468062216/IpMfvrDo1?refer_flag=1001030103_,#日本确认首例新型冠状病毒病例#树形篮球架（Basket Tree），一棵树形的篮球桩上拥有五个高低不同的篮板，可以满足各个年龄层次及不同身高的人打篮球的需要。当然，灌篮也就轻而易举了。 ​
羽义匀翠,2020年01月16日,0,0,0,//weibo.com/6432106268/IpMeYFjAY?refer_flag=1001030103_,#日本确认首例新型冠状病毒病例#爱情是什么？就是亲亲嘴皮子，住着小房子，有点小银子，养个小胖子，一起提着菜篮子，搂着小脖子，踱着脚丫子，逛着小巷子，洗着菜盘子，最后两人坐着家中的老椅子，带带小孙子，聊聊好日子，幸幸福福一辈子。 ​
骆驼的灯塔,2020年01月16日,0,0,0,//weibo.com/6588985287/IpMeXbA4N?refer_flag=1001030103_,"我分享了【每经17点丨倪萍发文悼念赵忠祥：我想你，舍不得你走；特朗普、姆努钦喊话苹果：要跟政府合作；日本确诊首例新型冠状病毒病例，患者已出院_手机搜狐网】, 快来看吧！ | O每经17点丨倪萍发文悼念赵忠祥：我想你，舍不得你走；特朗普、姆努钦喊话苹果：要跟政府合作；日本确诊首例新型冠状病毒病例，患者已出院 ​"
啊子蓝,2020年01月16日,0,0,0,//weibo.com/6455331936/IpMePbRpY?refer_flag=1001030103_,#泰国新型冠状病毒病例为武汉游客# 有一个老木匠在退休前雇主请他建最后一所房子，木匠想想答应了，可是他已心不在焉，不仅简化手艺，更偷工减料。当房子盖好后，雇主把房子的钥匙亲手交给木匠，动情地说房子是给他的退休礼物。木匠因此后悔不已...正如木匠，每个人拥有什么样的成果都是用自己的双手建造出来的！ 
军菊璐,2020年01月16日,0,0,0,//weibo.com/6347851689/IpMdT0EIj?refer_flag=1001030103_,#日本确认首例新型冠状病毒病例#事业无需惊天动地，有成就行；情意无需甜言蜜语，真诚就行；金钱无需取之不尽，够用就行；身体无需长命百岁，健康就行；朋友无需以数而论，有知己就行！ ​
科湘浪晴开,2020年01月16日,0,0,0,//weibo.com/6456202154/IpMdAkYJV?refer_flag=1001030103_,#日本确认首例新型冠状病毒病例#【车辆停留多长时间熄火才省油】发动机不工作，肯定不烧油，但是每次的点熄火，油耗是很大的。其实，等灯时间超过2分钟，是可能熄火的，但要是1分钟内，完全没有必要熄火了，点熄火费油，同时，火花塞的点火次数也是的寿命的，频繁的点火会快速降低火花塞寿命。 ​
sml327503_yu,2020年01月16日,0,0,0,//weibo.com/5352157241/IpMdknjPV?refer_flag=1001030103_,#日本确诊首例新型冠状病毒病例出院#浮云一别后流水十年间。 ​​​
巩繁晴,2020年01月16日,0,0,0,//weibo.com/6347846805/IpMcOdvQt?refer_flag=1001030103_,#日本确认首例新型冠状病毒病例#真正的忙，是事业里浑然忘我； 真正的退，是处世时自然低调； 真正的进，是做事中泰然担当； 真正的静，是生命里寂然悟道。 ​
羊城晚报,2020年01月16日,1,0,0,//weibo.com/1497087080/IpMcKFa24?refer_flag=1001030103_,【日本确诊首例新型冠状病毒病例 患者已出院】日本厚生劳动省16日公布，在神奈川县居住的一名30多岁男子被确诊为日本国内首例感染新型冠状病毒的病例，这名患者已经在15日出院。　　厚生劳动省当天发布的公报说，神奈川县医疗机构14日报告了一例曾到过中国武汉市的肺炎病例。这名患者于1月6日到神奈川县医疗机构就诊。日本国立感染症研究所15日晚经检测确认，患者样本呈新型冠状病毒阳性。公报还说，这名患者由于恢复良好，目前已经出院在家休养。　　厚生劳动省并未公布确诊患者国籍。@新华视点 
抚州黎川发布,2020年01月16日,1,1,0,//weibo.com/3546862743/IpMczaHOR?refer_flag=1001030103_,#日本确诊首例新型冠状病毒病例出院#还有人记得吗？中东呼吸综合症 L秒拍视频 . ​
FM1007福建交通广播,2020年01月16日,0,0,0,//weibo.com/1709712454/IpMc6dlbv?refer_flag=1001030103_,转发微博
抹不去的悸动_411,2020年01月16日,1,2,0,//weibo.com/5326076916/IpMbP2cVA?refer_flag=1001030103_,#日本确认首例新型冠状病毒病例#春节准备出游，打算买口罩防护一下，大家有推荐吗？ ​
震澄灵,2020年01月16日,0,0,0,//weibo.com/6347853465/IpMb7ytam?refer_flag=1001030103_,#日本确认首例新型冠状病毒病例#年青时做到三种选择，能够成就你事业的梦想。一是选择乐观的积极心态，确定人生目标和奋斗方向，这是你发展事业的精神支柱。 ​
韩式风采2011古,2020年01月16日,0,0,0,//weibo.com/6466130767/IpMaHCxlI?refer_flag=1001030103_,#日本确认首例新型冠状病毒病例#女人钟爱足球就俩原因：一看帅哥；二看看还有没有更帅的帅哥。 ​
东方今报,2020年01月16日,0,0,0,//weibo.com/1672519561/IpMaxxfe6?refer_flag=1001030103_,【#日本确诊首例新型冠状病毒病例出院#】据新华社，日本厚生劳动省16日公布，在神奈川县居住的一名30多岁男子被确诊为日本国内首例感染新型冠状病毒的病例，这名患者已经在15日出院。　　厚生劳动省当天发布的公报说，神奈川县医疗机构14日报告了一例曾到过中国武汉市的肺炎病例。这名患者于1月6日到 ​  展开全文c
刨丁解羊,2020年01月16日,0,0,0,//weibo.com/1449531193/IpM99eEGu?refer_flag=1001030103_,转发微博
阿瑟谷子,2020年01月16日,0,1,0,//weibo.com/1921451997/IpM7SmOsq?refer_flag=1001030103_,#日本确认首例新型冠状病毒病例# 本地人还是武汉、香港或曼谷流动人口？是否与武汉新型冠状病毒同种同源同特性？至关重要。看来，均为武汉输入性患者。🐟 2成都·上东国际 ​
靖媛房,2020年01月16日,0,0,0,//weibo.com/6330856548/IpM6QfMjy?refer_flag=1001030103_,#日本确认首例新型冠状病毒病例#天下大事必做于细，古今事业必成于实。这是低调者做事的原则。低调的人能脚踏实地，着眼现实，不断提高执行力。他们能做到真正地静下心来，一件一件抓落实 ​
刨丁解羊,2020年01月16日,0,0,0,//weibo.com/1449531193/IpM6qz9yR?refer_flag=1001030103_,转发微博
LonelyShepherd,2020年01月16日,0,3,0,//weibo.com/1623691610/IpM6ltU6t?refer_flag=1001030103_,为什么要把新型肺炎叫武汉肺炎…能不能换个名字？城市知名度是上去了，形象没了。国外不知道武汉的人很多，现在一提都晓得，“就是最近肺炎那个地方吧“。公司谈武汉色变[Emm]#武汉发现不明原因肺炎##武汉不明原因肺炎病原体为新型冠状病毒# @武汉身边事 @平安武汉 ​
刨丁解羊,2020年01月16日,0,0,0,//weibo.com/1449531193/IpM6bv3m8?refer_flag=1001030103_,转发微博
翀峥南洲,2020年01月16日,0,0,0,//weibo.com/6432923364/IpM67k3Bn?refer_flag=1001030103_,#日本确认首例新型冠状病毒病例#两个人要成为爱人容易，但要组成家庭却很难。因为只靠爱情不能相守一辈子，白头偕老需要更多东西。爱情不是一种身份，而是一种责任。 ​
新金融深度,2020年01月16日,0,0,0,//weibo.com/6543730054/IpM54lkF0?refer_flag=1001030103_,【日本神奈川男子前往武汉后回国，发现患上肺炎】#日本确认首例新型冠状病毒病例#据日本NHK网站16日报道，日本厚生劳动省表示，一名居住在日本神奈川的男子在前往武汉后回国，发现患上肺炎。经日本国立感染症研究所检测，这名男子被确认感染新型冠状病毒。这是日本国内确诊的首例#新型冠状病毒#病例。L世面的秒拍视频 
大龙攀祥,2020年01月16日,0,0,0,//weibo.com/6431456155/IpM4hyAOc?refer_flag=1001030103_,#日本确认首例新型冠状病毒病例#详细说明：不用通过定制橱柜，也能把整个厨房畸零空间利用起来，门边立体橱柜把空间变规整，棱角分明厨房线条展现简约大方。 ​
今天_金丰,2020年01月16日,5,42,0,//weibo.com/1778488742/IpM459xDd?refer_flag=1001030103_,设计美学#日本确诊首例新型冠状病毒病例出院#日本绘画：小原古邨 作品欣赏#艺术##封面图##绘画参考##设计美学##遇见艺术##时尚# ​
票斗淮,2020年01月16日,0,0,0,//weibo.com/6345078015/IpM2Uatxc?refer_flag=1001030103_,#日本确认首例新型冠状病毒病例#成功有很多种，事业的成功是小成，人生的成功才是大成。先要有追求事业成功的想法和行动，将来才可能有人生的成功。无论追求哪种成功，都需要作出明智的取舍。 ​
广东台触电新闻,2020年01月16日,0,0,0,//weibo.com/6054450374/IpM2prULx?refer_flag=1001030103_,#新华社快讯# 【#日本确诊首例新型冠状病毒病例# 患者已出院】日本厚生劳动省16日公布，在神奈川县居住的一名30多岁男子被确诊为日本国内首例感染新型冠状病毒的病例，这名患者已经在15日出院。　　厚生劳动省当天发布的公报说，神奈川县医疗机构14日报告了一例曾到过中国武汉市的肺炎病例。这名患者于1月6日到神奈川县医疗机构就诊。日本国立感染症研究所15日晚经检测确认，患者样本呈新型冠状病毒阳性。公报还说，这名患者由于恢复良好，目前已经出院在家休养。　　厚生劳动省并未公布确诊患者国籍。（新华社 记者姜俏梅） 
正义天使666888,2020年01月16日,0,0,0,//weibo.com/6993264081/IpM2lkLvj?refer_flag=1001030103_,#日本确诊首例新型冠状病毒病例出院#O网页链接 ​
wenziyan穗,2020年01月16日,0,0,0,//weibo.com/6468268464/IpM1X6fGL?refer_flag=1001030103_,#日本确认首例新型冠状病毒病例#当汽水变成啤酒，当小人书变成科普读本，当红领巾变成领带，当奥特曼短袖变成西装革履。童年真的离我们而去了。愿你像个小孩一样快乐。 ​
中普法律学校,2020年01月16日,0,0,0,//weibo.com/5324217002/IpM1NiYKb?refer_flag=1001030103_,#中普说法# 【动画科普冠状病毒，做好日常防护措施不必惊慌】#日本确认首例新型冠状病毒病例#冠状病毒是什么？有什么特点？新型病毒传人吗在流感高发季，我们应该如何预防被感染？LN视频的微博视频 ​
阮眉狈们核,2020年01月16日,0,0,0,//weibo.com/6171142034/IpM1porCj?refer_flag=1001030103_,【#武汉不明原因肺炎导致1人死亡#】#武汉通报不明原因肺炎情况# ，初步诊断有新型冠状病毒感染的肺炎病例41例，其中已出院2例、重症7例、死亡1例，其余患者病情稳定。 #专家解读武汉不明原因肺炎#，表示已初步判定是由一种新型冠状病毒引起，目前来看该病毒的致病性较弱，病患病情和整体疫情处于可控状 ...展开全文c 
央视网,2020年01月16日,20,22,0,//weibo.com/3266943013/IpM0axIo4?refer_flag=1001030103_,#日本确认首例新型冠状病毒病例#【日本神奈川男子前往武汉后回国，发现患上肺炎】据日本NHK网站16日报道，日本厚生劳动省表示，一名居住在日本神奈川的男子在前往武汉后回国，发现患上肺炎。经日本国立感染症研究所检测，这名男子被确认感染新型冠状病毒。这是日本国内确诊的首例#新型冠状病毒#病例。L世面的秒拍视频 
owshi2013,2020年01月16日,0,0,0,//weibo.com/2650831983/IpM0aeUxh?refer_flag=1001030103_,病原学检测结果提示新型冠状病毒核酸阳性，死亡诊断为重症肺炎，急性呼吸窘迫综合征（重度），脓毒性休克，多器官功能衰竭，严重酸碱代谢紊乱，肝硬化，直接死亡原因为呼吸循环衰竭 ​
中青河南,2020年01月16日,0,0,0,//weibo.com/3200353973/IpLZRCyRz?refer_flag=1001030103_,【#日本确诊首例新型冠状病毒病例出院#】据新华社，日本厚生劳动省16日公布，在神奈川县居住的一名30多岁男子被确诊为日本国内首例感染新型冠状病毒的病例，这名患者已经在15日出院。
用户6054070882,2020年01月16日,0,0,0,//weibo.com/6054070882/IpLZauY7f?refer_flag=1001030103_,《境外发现新型冠状病毒肺炎患者，春节出行，这些预防知识要牢记》在其他国家发现“武汉肺炎”病例，WHO对此表示并不意外。O网页链接 ​
cznamc12463,2020年01月16日,0,0,0,//weibo.com/5330498588/IpLYFu8rI?refer_flag=1001030103_,#中国已分享新型冠状病毒基因序列信息#人类在发展，病毒也在变异， 病毒永远防不胜防，希望尽快有治疗方案，早发现病毒能尽早攻克病毒，早日康复！ ​
第二个视角,2020年01月16日,0,0,0,//weibo.com/1872399580/IpLXQ5EJH?refer_flag=1001030103_,#日本确诊首例新型冠状病毒病例出院#同在地球村，大家都重视就好。 ​
在听雨的声音,2020年01月16日,0,39,0,//weibo.com/7007804344/IpLX57KTH?refer_flag=1001030103_,#日本确诊首例新型冠状病毒病例出院#这病传染不，都来中国🇨🇳了，注意防范，省得引起人们的恐慌。 L在听雨的声音的微博视频 ​
香港老友記,2020年01月16日,4,18,0,//weibo.com/3752850684/IpLWSovqk?refer_flag=1001030103_,【日本确诊首例武汉新型冠状病毒病例】日本神奈川县确诊一名新型冠状病毒病例，该患者曾去过武汉，期间可能与病毒感染者有过密切接触。祖国反黑站#守護香港##武汉发现不明原因肺炎##2019年赴港游客减少14.2%# ​
自由拍客V,2020年01月16日,0,0,0,//weibo.com/1712842993/IpLWztieJ?refer_flag=1001030103_,病毒：日本确认首例新型冠状病毒病例，患者此前去过武汉 mala.cn/t/15844445 2南充·仪陇县 ​
日本医游-赴日健康指南,2020年01月16日,0,0,0,//weibo.com/7289704125/IpLWzti8g?refer_flag=1001030103_,日本确认首例新型肺炎，请大家注意厚生劳动省6月16日报道，一名在神奈川县的30岁男性因为在武汉滞留过，被确认为肺炎感染。这是日本首例确诊患者。除该名男性外，没有其他可疑的感染病例，厚生劳动省表示“传播的可能性很低”。据厚生劳动省称，这名男子于1月3日在武汉逗留期间有发烧症状，并于1月6日返回日本。于10日住院，并于15日出院。国立传染病研究所的在15日做了一项测试发现了新的冠状病毒。他目前正在家里休养，没有发烧，但有轻微的咳嗽。根据保健所调查，和该名患病男子同住的家人，以及他接触过的医护人员尚无发现可疑的感染患者。厚生劳动省说：“目前，我们认为在日常生活中受到感染的风险极低。希望只当做一般的传染病来处理。神奈川县也发声明说，没必要过分担心。目前，临近中国的春节长假。对于即将到来的中国游客入境高峰，为了更好的应对新型肺炎，日本成田机场已经开始采取严格的管控措施，包括加强人体测温的检查。大家也要十分注意，戴口罩，勤洗手，尽量避免去人多的地方。身体出现不适、发热等症状，及时就医。信息来源于网络，如果有侵权，请联系我们处理！ 
今晚报,2020年01月16日,0,0,0,//weibo.com/1960785875/IpLW7EC7M?refer_flag=1001030103_,【#日本确诊首例新型冠状病毒病例出院#】据新华社，日本厚生劳动省16日公布，在神奈川县居住的一名30多岁男子被确诊为日本国内首例感染新型冠状病毒的病例，这名患者已经在15日出院。　　厚生劳动省当天发布的公报说，神奈川县医疗机构14日报告了一例曾到过中国武汉市的肺炎病例。这名患者于1月6日到神奈川县医疗机构就诊。日本国立感染症研究所15日晚经检测确认，患者样本呈新型冠状病毒阳性。公报还说，这名患者由于恢复良好，目前已经出院在家休养。　　厚生劳动省并未公布确诊患者国籍。 
瞎子仙子,2020年01月16日,0,0,0,//weibo.com/1278650282/IpLVzravQ?refer_flag=1001030103_,#日本确认首例新型冠状病毒病例#武汉现在跟过街老鼠似的祝大家鼠年大吉吧 ​
大连治安支队,2020年01月16日,0,0,0,//weibo.com/2044228767/IpLVszJEk?refer_flag=1001030103_,【#日本确诊首例新型冠状病毒病例出院#】
小二哥166,2020年01月16日,2,3,0,//weibo.com/5729857848/IpLVfl3tt?refer_flag=1001030103_,论神评这位网友可真行#日本确诊首例新型冠状病毒病例出院# ​
王奇医生,2020年01月16日,0,2,0,//weibo.com/5690917099/IpLVbtcNY?refer_flag=1001030103_,可以预防 也可以控制
铜川检察,2020年01月16日,1,0,0,//weibo.com/5117294211/IpLUUiKRZ?refer_flag=1001030103_,#日本确认首例新型冠状病毒病例#【日本神奈川男子前往武汉后回国，发现患上肺炎】据日本NHK网站16日报道，日本厚生劳动省表示，一名居住在日本神奈川的男子在前往武汉后回国，发现患上肺炎。经日本国立感染症研究所检测，这名男子被确认感染新型冠状病毒。这是日本国内确诊的首例#新型冠状病毒#病例  ​  展开全文c
FM963,2020年01月16日,0,0,0,//weibo.com/1963863007/IpLUM4LiZ?refer_flag=1001030103_,#每经整点播#【每经17点回顾丨日本确诊首例新型冠状病毒病例 患者已出院】据新华社，日本厚生劳动省16日公布，在神奈川县居住的一名30多岁男子被确诊为日本国内首例感染新型冠状病毒的病例，这名患者已经在15日出院。厚生劳动省当天发布的公报说，神奈川县医疗机构14日报告了一例曾到过中国武汉市的肺 ​  展开全文c
傻呼呼de快乐,2020年01月16日,0,10,0,//weibo.com/5255335989/IpLULa139?refer_flag=1001030103_,“非洲之傲”列车是世界上最宽敞的豪华专列，每一节车厢都是从世界各地收集来的古董，透露着一种穿越时代的古典奢华，欧美贵族将其称为“铁轨上的邮轮”和“流动的五星级酒店”。 #泰国新型冠状病毒病例为武汉游客#       #泰国新型冠状病毒病例为武汉游客# ​
忘名闭心,2020年01月16日,0,0,0,//weibo.com/5840115464/IpLTRDaxX?refer_flag=1001030103_,不知道这回的新型冠状病毒源自哪里，根据上次SARS病毒发现在穿山甲里有同类元素（妈蛋我曾被请吃过穿山甲的，吓死了），我斗胆猜测一下这个变异的新型冠状病毒是来自……既然武汉海鲜市场发现数人被传染，甲壳类食品的可能性比较大，比如甲鱼？（以后再也不吃这类东西了）我瞎猜的，因为知道甲鱼的细菌 ​  展开全文c
我是阿蒙,2020年01月16日,0,0,0,//weibo.com/1463815305/IpLT85UDI?refer_flag=1001030103_,转发微博
新民周刊,2020年01月16日,1,2,0,//weibo.com/1681029540/IpLSD6sRq?refer_flag=1001030103_,【#日本确诊首例新型冠状病毒病例出院#】据新华社，日本厚生劳动省16日公布，在神奈川县居住的一名30多岁男子被确诊为日本国内首例感染新型冠状病毒的病例，这名患者已经在15日出院。　　厚生劳动省当天发布的公报说，神奈川县医疗机构14日报告了一例曾到过中国武汉市的肺炎病例。这名患者于1月6日到 ​  展开全文c
华商报,2020年01月16日,0,0,0,//weibo.com/1717833412/IpLRKouVG?refer_flag=1001030103_,【#日本确诊首例新型冠状病毒病例出院#】据新华社，日本厚生劳动省16日公布，在神奈川县居住的一名30多岁男子被确诊为日本国内首例感染新型冠状病毒的病例，这名患者已经在15日出院。　　厚生劳动省当天发布的公报说，神奈川县医疗机构14日报告了一例曾到过中国武汉市的肺炎病例。这名患者于1月6日到 ​  展开全文c
zhangbo1018_766,2020年01月16日,0,0,0,//weibo.com/2741631783/IpLRBfxJl?refer_flag=1001030103_,//@西峯:张永振教授领导的协作团队确认武汉新型冠状病毒是bat-SARS的变种//@邢立达: 这次的应变速度和处置方式比以前好多了呢//@开水族馆的生物男:不是SARS那还好一点，不知道究竟是啥病原
T路余T,2020年01月16日,0,0,0,//weibo.com/6314257961/IpLQdg20D?refer_flag=1001030103_,#日本确诊首例新型冠状病毒病例出院#没想到会这样 ​
忘名闭心,2020年01月16日,0,0,0,//weibo.com/5840115464/IpLPOrw6y?refer_flag=1001030103_,五毒是什么？吃喝嫖赌抽。第一位就是吃，乱吃东西害死人。上回SARS病毒就是源自穿山甲，这回的新型冠状病毒不知源自哪里？估计也是个怪异食品里的、人类消化不了的什么东西。快过春节了，不要乱吃！不要乱吃！！不要乱吃！！！重要的事情说三遍。 ​
北京大兴,2020年01月16日,0,0,0,//weibo.com/2590508324/IpLPEnNSI?refer_flag=1001030103_,【#日本确诊首例新型冠状病毒病例出院#】在神奈川县居住的一名30多岁男子被确诊为日本国内首例感染新型冠状病毒的病例，这名患者已经在15日出院。 ​
FM974珠江经济台,2020年01月16日,0,0,0,//weibo.com/1770165364/IpLPuo4LD?refer_flag=1001030103_,【#日本确诊首例新型冠状病毒病例出院#】据新华社，日本厚生劳动省16日公布，在神奈川县居住的一名30多岁男子被确诊为日本国内首例感染新型冠状病毒的病例，这名患者已经在15日出院。　　厚生劳动省当天发布的公报说，神奈川县医疗机构14日报告了一例曾到过中国武汉市的肺炎病例。这名患者于1月6日到 ​  展开全文c
闻来闻往,2020年01月16日,0,0,0,//weibo.com/2796365507/IpLPldNoh?refer_flag=1001030103_,【每经17点丨倪萍发文悼念赵忠祥：我想你，舍不得你走；特朗普、姆努钦喊话苹果：要跟政府合作；日本确诊首例新型冠状病毒病例，患者已出院 | 每日经济新闻】分享给你一起看O每经17点丨倪萍发文悼念赵忠祥：我想你，舍不得你走；特朗普、姆努钦喊话苹果：要跟政府合作；日本确诊首例新型冠状病毒病例，患者已出院分享来自绿茶浏览器！ ​
王自荣,2020年01月16日,3,5,0,//weibo.com/1155439107/IpLP2BVkP?refer_flag=1001030103_,#武汉发现不明原因肺炎#还是@联合国 说得清楚。#武汉肺炎为新型冠状病毒##日本确认首例新型冠状病毒病例# ​
朝阳少帅,2020年01月16日,0,0,0,//weibo.com/1297335240/IpLOUk4oq?refer_flag=1001030103_,#日本确诊首例新型冠状病毒病例出院#武汉 新型病毒的发源地 还有一位去过泰国的 入境必须测试体温 2北京 ​
龙泉驿大面,2020年01月16日,0,0,0,//weibo.com/3198141792/IpLNCw85z?refer_flag=1001030103_,【#日本确诊首例新型冠状病毒病例出院#】据新华社，日本厚生劳动省16日公布，在神奈川县居住的一名30多岁男子被确诊为日本国内首例感染新型冠状病毒的病例，这名患者已经在15日出院。　　厚生劳动省当天发布的公报说，神奈川县医疗机构14日报告了一例曾到过中国武汉市的肺炎病例。这名患者于1月6日到 ​  展开全文c
科技日报,2020年01月16日,1,0,0,//weibo.com/3515639462/IpLMcrLdx?refer_flag=1001030103_,【#日本确诊首例新型冠状病毒病例出院#】据新华社，日本厚生劳动省16日公布，在神奈川县居住的一名30多岁男子被确诊为日本国内首例感染新型冠状病毒的病例，这名患者已经在15日出院。厚生劳动省当天发布的公报说，神奈川县医疗机构14日报告了一例曾到过中国武汉市的肺炎病例。这名患者于1月6日到神奈 ​  展开全文c
凤凰卫视欧洲台,2020年01月16日,2,3,0,//weibo.com/1741801024/IpLLXErc9?refer_flag=1001030103_,【日本确认首例新型冠状病毒病例，患者此前去过武汉】据日本NHK网站1月16日报道，日本厚生劳动省表示，一名居住在日本神奈川的30岁男子在前往武汉后回国，发现患上肺炎。经日本国立感染症研究所检测，这名男子被确认感染新型冠状病毒。这是日本国内确诊的首例新型冠状病毒病例。 ​​​​公报还说，这 ​  展开全文c
晶报,2020年01月16日,1,0,0,//weibo.com/1677991972/IpLKxEXkb?refer_flag=1001030103_,【#日本确诊首例新型冠状病毒病例出院#】据新华社，日本厚生劳动省16日公布，在神奈川县居住的一名30多岁男子被确诊为日本国内首例感染新型冠状病毒的病例，这名患者已经在15日出院。　　厚生劳动省当天发布的公报说，神奈川县医疗机构14日报告了一例曾到过中国武汉市的肺炎病例。这名患者于1月6日到神奈川县医疗机构就诊。日本国立感染症研究所15日晚经检测确认，患者样本呈新型冠状病毒阳性。公报还说，这名患者由于恢复良好，目前已经出院在家休养。　　厚生劳动省并未公布确诊患者国籍。@新华视点 
魔画精灵,2020年01月16日,0,0,0,//weibo.com/5975415482/IpLKotHlr?refer_flag=1001030103_,#日本确认首例新型冠状病毒病例#该名患者是居住在日本神奈川县的中国人？ L魔画精灵的微博视频 ​
大公報-大公網,2020年01月16日,4,2,0,//weibo.com/1895431523/IpLJXjwmf?refer_flag=1001030103_,#新华社快讯# 【#日本确诊首例新型冠状病毒病例# 患者已出院】日本厚生劳动省16日公布，在神奈川县居住的一名30多岁男子被确诊为日本国内首例感染新型冠状病毒的病例，这名患者已经在15日出院。　　厚生劳动省当天发布的公报说，神奈川县医疗机构14日报告了一例曾到过中国武汉市的肺炎病例。这名患者于1月6日到神奈川县医疗机构就诊。日本国立感染症研究所15日晚经检测确认，患者样本呈新型冠状病毒阳性。公报还说，这名患者由于恢复良好，目前已经出院在家休养。　　厚生劳动省并未公布确诊患者国籍。（记者姜俏梅）@新华视点 
环球时报,2020年01月16日,22,35,0,//weibo.com/1974576991/IpLJW8w2Q?refer_flag=1001030103_,【#日本确诊首例新型冠状病毒病例出院#】据新华社，日本厚生劳动省16日公布，在神奈川县居住的一名30多岁男子被确诊为日本国内首例感染新型冠状病毒的病例，这名患者已经在15日出院。　　厚生劳动省当天发布的公报说，神奈川县医疗机构14日报告了一例曾到过中国武汉市的肺炎病例。这名患者于1月6日到神奈川县医疗机构就诊。日本国立感染症研究所15日晚经检测确认，患者样本呈新型冠状病毒阳性。公报还说，这名患者由于恢复良好，目前已经出院在家休养。　　厚生劳动省并未公布确诊患者国籍。 
中国日报,2020年01月16日,9,26,0,//weibo.com/1663072851/IpLJW8vSG?refer_flag=1001030103_,【#日本确诊首例新型冠状病毒病例# 患者已出院】日本厚生劳动省16日公布，在神奈川县居住的一名30多岁男子被确诊为日本国内首例感染新型冠状病毒的病例，这名患者已经在15日出院。　　厚生劳动省当天发布的公报说，神奈川县医疗机构14日报告了一例曾到过中国武汉市的肺炎病例。这名患者于1月6日到神奈川县医疗机构就诊。日本国立感染症研究所15日晚经检测确认，患者样本呈新型冠状病毒阳性。公报还说，这名患者由于恢复良好，目前已经出院在家休养。　　厚生劳动省并未公布确诊患者国籍。@新华视点 
扬子晚报,2020年01月16日,2,2,0,//weibo.com/1653603955/IpLJW6CMq?refer_flag=1001030103_,【#日本确诊首例新型冠状病毒病例# 患者已出院】日本厚生劳动省16日公布，在神奈川县居住的一名30多岁男子被确诊为日本国内首例感染新型冠状病毒的病例，这名患者已经在15日出院。　　厚生劳动省当天发布的公报说，神奈川县医疗机构14日报告了一例曾到过中国武汉市的肺炎病例。这名患者于1月6日到神奈川县医疗机构就诊。日本国立感染症研究所15日晚经检测确认，患者样本呈新型冠状病毒阳性。公报还说，这名患者由于恢复良好，目前已经出院在家休养。　　厚生劳动省并未公布确诊患者国籍。@新华网 
CGTN,2020年01月16日,9,13,0,//weibo.com/3173633817/IpLJME2An?refer_flag=1001030103_,"【#日本确认首例新型冠状病毒病例# 患者曾去武汉 目前已出院】A pneumonia patient infected with coronavirus in Japan was released from the hospital after treatment, the country's health ministry said Thursday. The patient, in his 30s, had a fever on January 3 during his travel in Wuhan, China, where the outbreak took place. He returned to Japan on January 6 and went to the hospital on the same day. He had been hospitalized for five days since January 10 and was released on Wednesday as the symptoms relieved. According to the ministry, the man didn't go to the seafood market in Wuhan, which is believed to be the source of the outbreak. For more: O网页链接 "
中国网直播,2020年01月16日,0,0,0,//weibo.com/1884488621/IpLJhDEp6?refer_flag=1001030103_,【日本确诊首例新型冠状病毒病例 患者已出院】日本厚生劳动省16日公布，在神奈川县居住的一名30多岁男子被确诊为日本国内首例感染新型冠状病毒的病例，这名患者已经在15日出院。　　厚生劳动省当天发布的公报说，神奈川县医疗机构14日报告了一例曾到过中国武汉市的肺炎病例。这名患者于1月6日到神奈川县医疗机构就诊。日本国立感染症研究所15日晚经检测确认，患者样本呈新型冠状病毒阳性。公报还说，这名患者由于恢复良好，目前已经出院在家休养。　　厚生劳动省并未公布确诊患者国籍。 
渭南日报社,2020年01月16日,0,0,0,//weibo.com/1994238825/IpLJ5fFNc?refer_flag=1001030103_,【#日本确诊首例新型冠状病毒病例出院#】据新华社，日本厚生劳动省16日公布，在神奈川县居住的一名30多岁男子被确诊为日本国内首例感染新型冠状病毒的病例，这名患者已经在15日出院。　　厚生劳动省当天发布的公报说，神奈川县医疗机构14日报告了一例曾到过中国武汉市的肺炎病例。这名患者于1月6日到神奈川县医疗机构就诊。日本国立感染症研究所15日晚经检测确认，患者样本呈新型冠状病毒阳性。公报还说，这名患者由于恢复良好，目前已经出院在家休养。　　厚生劳动省并未公布确诊患者国籍。 
MH猪猪妈,2020年01月16日,0,25,0,//weibo.com/1933655857/IpLIoowCq?refer_flag=1001030103_,今天去卫生局开会，s z 已经有一例确诊新型冠状病毒🦠。五例不确诊。香港70例。不允许公布，大家注意防范，勤洗手，多通风，戴口罩😷 ​
辽沈晚报,2020年01月16日,0,0,0,//weibo.com/1801817195/IpLIhhUzv?refer_flag=1001030103_,【#日本确诊首例新型冠状病毒病例出院#】据新华社，日本厚生劳动省16日公布，在神奈川县居住的一名30多岁男子被确诊为日本国内首例感染新型冠状病毒的病例，这名患者已经在15日出院。　　厚生劳动省当天发布的公报说，神奈川县医疗机构14日报告了一例曾到过中国武汉市的肺炎病例。这名患者于1月6日到神奈川县医疗机构就诊。日本国立感染症研究所15日晚经检测确认，患者样本呈新型冠状病毒阳性。公报还说，这名患者由于恢复良好，目前已经出院在家休养。　　厚生劳动省并未公布确诊患者国籍。 
人民网,2020年01月16日,39,80,0,//weibo.com/2286908003/IpLHLnl92?refer_flag=1001030103_,【日本确诊首例新型冠状病毒病例 患者已出院】日本厚生劳动省16日公布，在神奈川县居住的一名30多岁男子被确诊为日本国内首例感染新型冠状病毒的病例，这名患者已经在15日出院。　　厚生劳动省当天发布的公报说，神奈川县医疗机构14日报告了一例曾到过中国武汉市的肺炎病例。这名患者于1月6日到神奈川县医疗机构就诊。日本国立感染症研究所15日晚经检测确认，患者样本呈新型冠状病毒阳性。公报还说，这名患者由于恢复良好，目前已经出院在家休养。　　厚生劳动省并未公布确诊患者国籍。@新华视点 
福检在线,2020年01月16日,5,6,0,//weibo.com/3279318417/IpLHKtWGd?refer_flag=1001030103_,【#日本确诊首例新型冠状病毒病例# 患者已出院】日本厚生劳动省16日公布，在神奈川县居住的一名30多岁男子被确诊为日本国内首例感染新型冠状病毒的病例，这名患者已经在15日出院。　　厚生劳动省当天发布的公报说，神奈川县医疗机构14日报告了一例曾到过中国武汉市的肺炎病例。这名患者于1月6日到神奈川县医疗机构就诊。日本国立感染症研究所15日晚经检测确认，患者样本呈新型冠状病毒阳性。公报还说，这名患者由于恢复良好，目前已经出院在家休养。　　厚生劳动省并未公布确诊患者国籍。 
潇湘妮妮,2020年01月16日,0,0,0,//weibo.com/1279092957/IpLHzxEmj?refer_flag=1001030103_,转发微博
优医邦在线,2020年01月16日,0,0,0,//weibo.com/5596647468/IpLHtAYwx?refer_flag=1001030103_,【#日本首例新型冠状病毒患者已出院#】据新华社东京1月16日消息，日本厚生劳动省16日公布，在神奈川县居住的一名30多岁男子被确诊为日本国内首例感染新型冠状病毒的病例，这名患者已经在15日出院。这名男子自称没有去过华南海鲜批发市场，厚劳省认为该男子有可能在武汉期间与详细情况不明的肺炎患者发生过密切接触。 
叮铃哐当响,2020年01月16日,0,0,0,//weibo.com/6414750437/IpLHom0jj?refer_flag=1001030103_,转发微博
炽热的咆哮,2020年01月16日,1,0,0,//weibo.com/3125481495/IpLGiDlbH?refer_flag=1001030103_,//@-坂月-:红飞机//@病院坂佐鸟: 哦豁…//@开水族馆的生物男:比预想的严重啊//@维港健康:这...
锦绣青羊,2020年01月16日,14,5,0,//weibo.com/1906874803/IpLGhrEQN?refer_flag=1001030103_,【通俗易懂的冠状病毒科普】不明原因肺炎初步判定！它的罪魁祸首是个什么鬼？相信经过了武汉不明肺炎事件后，大家对肺炎应该有了更深的认识，在9号的时候，专家对这场肺炎的罪魁祸首，也有了初步判定：新型冠状病毒！那么什么是冠状病毒🦠呢？又该如何预防呢？戳图↓↓科普了解（博文来源：混子 ​  展开全文c
天眼新闻,2020年01月16日,0,0,0,//weibo.com/7030322196/IpLFFBAdE?refer_flag=1001030103_,#日本确认首例新型冠状病毒病例# 【日本确诊首例新型冠状病毒病例，患者已出院】日本厚生劳动省16日公布，在神奈川县居住的一名30多岁男子被确诊为日本国内首例感染新型冠状病毒的病例，这名患者已经在15日出院。O网页链接 ​
广安政法,2020年01月16日,0,0,0,//weibo.com/3104796307/IpLFCoQQy?refer_flag=1001030103_,【#日本确诊首例新型冠状病毒病例出院#】
乖乖大笨猫,2020年01月16日,0,0,0,//weibo.com/2135777823/IpLEC5tWu?refer_flag=1001030103_,//@北京_王小雨天干炸丸子了:饭前便后。。。//@北京罗儿胡同:小心总是没错。//@北京_王小雨天干炸丸子了:好像没萨斯严重啊//@北京罗儿胡同:转发微博
燕粟NESTSOUL代餐,2020年01月16日,0,0,0,//weibo.com/7266537826/IpLEj7hRp?refer_flag=1001030103_,【#日本确诊首例新型冠状病毒病例出院#】据新华社，日本厚生劳动省16日公布，在神奈川县居住的一名30多岁男子被确诊为日本国内首例感染新型冠状病毒的病例，这名患者已经在15日出院。　　厚生劳动省当天发布的公报说，神奈川县医疗机构14日报告了一例曾到过中国武汉市的肺炎病例。这名患者于1月6日到 ​  展开全文c
孤单呼吸整齐,2020年01月16日,0,0,0,//weibo.com/6115201521/IpLDUCPjG?refer_flag=1001030103_,#KOK体育上线#  泰国发现1例新型冠状病毒病例  巴萨梅若大空翼，罗仅松仁技！傻编看热闹，球迷看球艺！皇马成就C罗，是商业足球的胜利！皇马放弃C罗，是现实足球的游戏！C罗很励志，但也很淘气。二十年后，人们会忘记C罗，但谁都会记得梅西！ ​
军事论潭,2020年01月16日,0,6,0,//weibo.com/6112526877/IpLDQvehp?refer_flag=1001030103_,博爱精神 【日本神奈川男子前往武汉后回国，发现患上肺炎】据日本NHK网站16日报道，日本厚生劳动省表示，一名居住在日本神奈川的男子在前往武汉后回国，发现患上肺炎。经日本国立感染症研究所检测，这名男子被确认感染新型冠状病毒。这是日本国内确诊的首例#新型冠状病毒#病例。#博爱精神# ​
纸巾,2020年01月16日,0,0,0,//weibo.com/1652888655/IpLDM4SGI?refer_flag=1001030103_,转发微博
纸巾,2020年01月16日,0,0,0,//weibo.com/1652888655/IpLDJEdjb?refer_flag=1001030103_,转发微博
来栖時雨at早乙女學園,2020年01月16日,0,0,0,//weibo.com/1716042161/IpLDFy9bY?refer_flag=1001030103_,#日本确认首例新型冠状病毒病例#吓得我上地铁前赶紧戴返个口罩 ​
韩联社中文网微博,2020年01月16日,0,2,0,//weibo.com/3738708562/IpLCfuXP1?refer_flag=1001030103_,【武汉肺炎蔓延日泰 韩国加强...】#韩国时局# 韩国疾病管理本部16日表示，鉴于日本和泰国也确诊新型冠状病毒肺炎患者，韩国将加强社区防控... ​
阳泉日报--阳泉新闻网,2020年01月16日,0,0,0,//weibo.com/2486181921/IpLBOCl68?refer_flag=1001030103_,【如何防护冠状病毒感染】据世卫，中国出现的新型冠状病毒目前已出现有限度的人与人传播，主要以家庭群聚为主，但仍然具备广泛传播的潜在可能。春节走亲访友，一定要做好防护：1.保持手卫生；2.咳嗽或打喷嚏时捂住口鼻；3.安全饮食，肉蛋类彻底做熟；4.尽量避免与任何表现出有呼吸道疾病症状（如咳嗽和打喷嚏等）的人密切接触；避免近距离接触野生动物或活牲畜；5.不要随地吐痰。详情：O网页链接 
山西黎城反邪教,2020年01月16日,0,0,0,//weibo.com/6301454783/IpLBLjM3E?refer_flag=1001030103_,//@山西长治反邪教: //@山西反邪教:【#泰国新型冠状病毒病例为武汉游客#】
新华视点,2020年01月16日,155,107,0,//weibo.com/1699432410/IpLBGDAJB?refer_flag=1001030103_,#新华社快讯# 【#日本确诊首例新型冠状病毒病例# 患者已出院】日本厚生劳动省16日公布，在神奈川县居住的一名30多岁男子被确诊为日本国内首例感染新型冠状病毒的病例，这名患者已经在15日出院。　　厚生劳动省当天发布的公报说，神奈川县医疗机构14日报告了一例曾到过中国武汉市的肺炎病例。这名患者于1月6日到神奈川县医疗机构就诊。日本国立感染症研究所15日晚经检测确认，患者样本呈新型冠状病毒阳性。公报还说，这名患者由于恢复良好，目前已经出院在家休养。　　厚生劳动省并未公布确诊患者国籍。（记者姜俏梅） 
明镜大海,2020年01月16日,0,0,0,//weibo.com/2549836102/IpLATgqQS?refer_flag=1001030103_,转发微博
Annnnnnn__,2020年01月16日,0,0,0,//weibo.com/1771750100/IpLzc3QOW?refer_flag=1001030103_,//@Yunikue://@Yoo酱酱酱:原来早就有新闻了 那就转一个这个吧…不管怎么样建议戴口罩，对谁都好
看看新闻全球眼,2020年01月16日,3,0,0,//weibo.com/6268375888/IpLzbuwd0?refer_flag=1001030103_,【设立隔离检疫区！#日本确认首例新型冠状病毒病例# 患者曾前往武汉】日本厚生劳动省1月16日发布通报称，国内发现首例新型冠状病毒感染确诊病例。该患者为一名30多岁的中国籍男子，曾经前往武汉，目前在日本神奈川县居住。日本政府正在加强对入境口岸的检疫工作，以应对即将到来的春节旅游高峰。数据显 ​  展开全文c
慧眼看日本,2020年01月16日,0,0,0,//weibo.com/3237442900/IpLz5g8V0?refer_flag=1001030103_,#日本観光##日本确认首例新型冠状病毒病例# 后，东京成田机场检疫所加强对来自武汉航班的检疫，并贴出告示（图1），所有人员通过热成像对人体表面温度进行确认以外，呼吁有发热、咳嗽等症状的人主动提出，即使吃了感冒药热度下降，也要提出来。成田机场是首都圈唯一有武汉直航班机的机场。 ​
武汉金晓,2020年01月16日,1,8,0,//weibo.com/1040731452/IpLyMCNYo?refer_flag=1001030103_,日本和泰国相继发现源头来自武汉的病毒性肺炎患者，说明病毒确实还在街头继续传播，马上就到春运高峰了，这是全人类最大规模的人口迁移，对武汉来说是一个大考验。 #日本确认首例新型冠状病毒病例# ​
贵州共青团,2020年01月16日,2,0,0,//weibo.com/2707274307/IpLyz4yOK?refer_flag=1001030103_,【动画科普冠状病毒，做好日常防护措施不必惊慌】#日本确认首例新型冠状病毒病例#冠状病毒是什么？有什么特点？新型病毒传人吗在流感高发季，我们应该如何预防被感染？LN视频的微博视频 ​​​
智减营养研究所,2020年01月16日,0,0,0,//weibo.com/6787588423/IpLxWElli?refer_flag=1001030103_,#日本确认首例新型冠状病毒病例#有个奇怪的地方是，为什么除了武汉发布的病例之外，其余都是在国外发现的呢 ​
丽江政法,2020年01月16日,0,0,0,//weibo.com/6363694281/IpLxSvbcY?refer_flag=1001030103_,世界卫生组织 ：目前没有证据显示武汉#新型冠状病毒# 存在人际传播
丽江政法,2020年01月16日,0,0,0,//weibo.com/6363694281/IpLxNcxVs?refer_flag=1001030103_,武汉肺炎病原体为新型冠状病毒 科普贴：我们该如何预防
世界的劲头,2020年01月16日,0,0,0,//weibo.com/1801607901/IpLuf5jTk?refer_flag=1001030103_,@w小薇薇w
嘉澍运华7,2020年01月16日,0,0,0,//weibo.com/6706507908/IpLu6tcrH?refer_flag=1001030103_,汪#欧洲杯#汪汪汪汪汪  L安利姬的秒拍视频 #泰国发现1例新型冠状病毒病例# ​
瑶山之家,2020年01月16日,0,1,0,//weibo.com/1661865453/IpLtTs9V3?refer_flag=1001030103_,​1月16日，农历腊月廿二，星期四1、教育部：2020年起取消自主招生，推出强基计划。2、梅德韦杰夫宣布俄政府全体辞职。3、“2019全球AI公司五强”公布，百度上榜名列全球第四。4、泰国新型冠状病毒病例为武汉游客，武汉卫健委：不排除有限人传人可能，但持续人传人风险较低。5、伊朗逮捕导弹 ​  展开全文c
千月LV,2020年01月16日,0,0,0,//weibo.com/1660055847/IpLsSg6xk?refer_flag=1001030103_,#日本确认首例新型冠状病毒病例#  此地已封 ​
青春兴平,2020年01月16日,0,0,0,//weibo.com/2319560740/IpLsh1Ns6?refer_flag=1001030103_,【动画科普冠状病毒，做好日常防护措施不必惊慌】#日本确认首例新型冠状病毒病例#冠状病毒是什么？有什么特点？新型病毒传人吗在流感高发季，我们应该如何预防被感染？LN视频的微博视频 ​​​
每日经济新闻,2020年01月16日,3,2,0,//weibo.com/1649173367/IpLrKdZmp?refer_flag=1001030103_,#每经整点播#【每经17点丨日本确诊首例新型冠状病毒病例 患者已出院】据新华社，日本厚生劳动省16日公布，在神奈川县居住的一名30多岁男子被确诊为日本国内首例感染新型冠状病毒的病例，这名患者已经在15日出院。厚生劳动省当天发布的公报说，神奈川县医疗机构14日报告了一例曾到过中国武汉市的肺炎病 ​  展开全文c
三秦青年,2020年01月16日,1,0,0,//weibo.com/2241948204/IpLqRgADd?refer_flag=1001030103_,【动画科普冠状病毒，做好日常防护措施不必惊慌】#日本确认首例新型冠状病毒病例#冠状病毒是什么？有什么特点？新型病毒传人吗在流感高发季，我们应该如何预防被感染？LN视频的微博视频 ​
川台影响四川栏目组,2020年01月16日,0,0,0,//weibo.com/5290717276/IpLqA6UBS?refer_flag=1001030103_,【日本神奈川男子前往武汉后回国，发现患上肺炎】据日本NHK网站16日报道，日本厚生劳动省表示，一名居住在日本神奈川的男子在前往武汉后回国，发现患上肺炎。经日本国立感染症研究所检测，这名男子被确认感染新型冠状病毒。这是日本国内确诊的首例#新型冠状病毒#病例L世面的秒拍视频 ​
张凡benzhuzhu,2020年01月16日,0,0,0,//weibo.com/1866825220/IpLqn6opG?refer_flag=1001030103_,【日本确诊首例武汉新型冠状病毒病例】日本神奈川县确诊一名新型冠状病毒病例，该患者曾去过武汉，期间可能与病毒感染者有过密切接触。O日本确诊首例武汉新型冠状病毒病例 ​​​
平安曲靖,2020年01月16日,1,0,0,//weibo.com/3672346913/IpLoYdYcB?refer_flag=1001030103_,【武汉肺炎病原体为新型冠状病毒 科普贴：我们该如何预防？】
简单富婆丁利利,2020年01月16日,0,0,0,//weibo.com/2846034672/IpLoX2Ytx?refer_flag=1001030103_,//@Yoo醬醬醬 :原来早就有新闻了 那就轉一個這個吧…不管怎麼樣建議戴口罩，對誰都好
平安曲靖,2020年01月16日,0,0,0,//weibo.com/3672346913/IpLoQxfPq?refer_flag=1001030103_,【世界卫生组织 ：目前没有证据显示武汉#新型冠状病毒# 存在人际传播】
my710912,2020年01月16日,0,0,0,//weibo.com/1649202443/IpLoBbokH?refer_flag=1001030103_,//@肠精:转发微博
岁月静好之无风,2020年01月16日,0,0,0,//weibo.com/1223238551/IpLorssE1?refer_flag=1001030103_,日本出现首宗武汉新型冠状病毒肺炎病例。共同社报道，日本厚生劳动省称，日本国内首次确认的新型肺炎感染者是居住在神奈川县的30多岁中国籍男性。他于本月6日从武汉市回到日本，10日住院，15日康复后出院。日本当局目前正在与各部门协议，开展防疫工作。中国以及世界卫生组织此前判定，该病毒属于新型 ​  展开全文c
大仙女fairy喵喵,2020年01月16日,0,11,0,//weibo.com/5288355425/IpLlUvD0E?refer_flag=1001030103_,#泰国新型冠状病毒病例为武汉游客#      #泰国新型冠状病毒病例为武汉游客# 【哈佛情商小测试，200满分， 你得了多少？】EQ比IQ对成功的帮助要大，这已是一个常识。哈佛心理学系博士戴尼尔·高尔曼为情商的测试做了一些努力，通过对这些问题的回答，您可获得一个关于自己EQ的粗略感性印象（问题共10个 ​  展开全文c
超高校级的大鳯,2020年01月16日,0,0,0,//weibo.com/5489571962/IpLlFa1tg?refer_flag=1001030103_,//@Yoo酱酱酱:原来早就有新闻了 那就转一个这个吧…不管怎么样建议戴口罩，对谁都好
