用户5821614825,2020年01月20日,0,0,0,//weibo.com/5821614825/IqptHxrcx?refer_flag=1001030103_,转发微博
醉清风居住的街道,2020年01月20日,0,0,0,//weibo.com/1739516981/IqptHyDfv?refer_flag=1001030103_,转发微博
sanda爱丽丝,2020年01月20日,0,0,0,//weibo.com/6039032766/IqptHyEZR?refer_flag=1001030103_,转发微博
Victoria钰,2020年01月20日,0,0,0,//weibo.com/2242591250/IqptHyFKC?refer_flag=1001030103_,转发微博
陆决河,2020年01月20日,0,1,0,//weibo.com/5876597062/IqptHfO7a?refer_flag=1001030103_,转发微博
新浪广东河源,2020年01月20日,0,0,0,//weibo.com/7366464225/IqptHeCfy?refer_flag=1001030103_,#钟南山表示不一定非戴N95口罩#一般外科口罩也可以起到阻止飞沫传播的作用//@新浪广东河源:钟南山：#新型冠状病毒传染性比SARS弱#//@新浪广东河源:钟南山：#新型冠状病毒肺炎很可能来自野味#
身体健康的浅浅,2020年01月20日,0,0,0,//weibo.com/3210124273/IqptHeDbP?refer_flag=1001030103_,大家做好防护工作吧。。。感谢医生，请不要再伤害医生了。。。。
西部老齐,2020年01月20日,0,0,0,//weibo.com/1954915042/IqptHeDhl?refer_flag=1001030103_,【#境内确诊217例新型冠状病毒肺炎病例#山东出现一例疑似病例！】截至今日18时，我国境内累计报告新型冠状病毒感染的肺炎病例224例，其中确诊病例217例（武汉198例，北京5例，广东14例）；疑似病例7例（四川2例，云南1例，上海2例，广西壮族自治区1例，山东1例）。日本通报确诊病例1例，泰国通报确诊病 ​  展开全文c
软欣,2020年01月20日,0,0,0,//weibo.com/5542919631/IqptHeDHZ?refer_flag=1001030103_,转发微博
_风起_云散_,2020年01月20日,0,0,0,//weibo.com/5870085297/IqptGE5H9?refer_flag=1001030103_,大家都要保护好自己呀！
哈尼的猫,2020年01月20日,0,2,0,//weibo.com/1249107822/IqptGE74t?refer_flag=1001030103_,上海确诊一例新型肺炎，我在三个网购平台买了600的口罩，基本都是缺货状态，最早的一单要22号才能收到，还不带过滤阀门的 ​
王者归来200712,2020年01月20日,0,0,0,//weibo.com/5626348827/IqptGEgiz?refer_flag=1001030103_,转发微博
QHD_SP,2020年01月20日,0,0,0,//weibo.com/1759543495/IqptGEiR3?refer_flag=1001030103_,是不是应该紧急取消过年放假了？我觉得有这个可能。
QingDoud_,2020年01月20日,0,0,0,//weibo.com/5701625253/IqptH0nU5?refer_flag=1001030103_,#武汉新增136例新型冠状病毒肺炎病例# 见过出门带两层口罩的我嘛…… ​
zetwy,2020年01月20日,0,0,0,//weibo.com/1897548217/IqptH0pRP?refer_flag=1001030103_,//@小葡萄和小槐花:转发微博
Ngraaa,2020年01月20日,0,0,0,//weibo.com/1108824127/IqptGE65E?refer_flag=1001030103_,转发微博
NSCTH,2020年01月20日,0,0,0,//weibo.com/5961072049/IqptGmDQj?refer_flag=1001030103_,确定人传人
NeiNei-YAN,2020年01月20日,0,0,0,//weibo.com/1880243952/IqptG61u2?refer_flag=1001030103_,转发微博
I-Tho-Nix,2020年01月20日,0,0,0,//weibo.com/2783158655/IqptG646H?refer_flag=1001030103_,//@魔群:转发微博
啊权爱喝果茶,2020年01月20日,0,0,0,//weibo.com/2778905911/IqptG64ta?refer_flag=1001030103_,希望大家都注意安全，平安健康过年🙏
琪琪国王-Jocelyn,2020年01月20日,0,0,0,//weibo.com/5507685274/IqptG6ZAn?refer_flag=1001030103_,#境内确诊217例新型冠状病毒肺炎病例#我真是够够的贪生怕死一人了刚出现这个病例上热搜的时候根本就没放心上逐渐的越来越多的占据热搜的篇幅刚刚才看完连线钟南山的讲话片段说不出来什么感受 不是说2020年会好的吗第一个月都没过完呀好像连台州都有了 ​
SciKnight,2020年01月20日,0,0,0,//weibo.com/2418196695/IqptG6ZX9?refer_flag=1001030103_,转发微博
小十九酱锵锵锵,2020年01月20日,0,0,0,//weibo.com/1566470131/IqptG71Wv?refer_flag=1001030103_,//@辣条娘:确认人传人。大家注意防护//@四镰://@秋田六千://@纯良英俊的笑了笑:⚠️//@这是一个很高冷的ID:一定要注意啊//@月亮与八芝士:注意戴口罩真的//@205号居民:大家请一定要做好个人防护 //@不吃菜XBS:一定要注意😷
米饭烊,2020年01月20日,0,0,0,//weibo.com/6335404115/IqptFt3uU?refer_flag=1001030103_,🙏🙏//@胖虎侠:🙏
滢滢笑语,2020年01月20日,0,0,0,//weibo.com/1713828704/IqptFrROL?refer_flag=1001030103_,转发微博
多乐之年,2020年01月20日,0,0,0,//weibo.com/5945424093/IqptFblQj?refer_flag=1001030103_,转发微博
偷懒的窦房结,2020年01月20日,0,0,0,//weibo.com/5282021453/IqptFbnom?refer_flag=1001030103_,转发微博
楼宇烟烽,2020年01月20日,0,0,0,//weibo.com/5573380877/IqptFbnGY?refer_flag=1001030103_,转发微博
呱呱呱瓜呱,2020年01月20日,0,0,0,//weibo.com/5336416574/IqptFbofO?refer_flag=1001030103_,转发微博
澜更深,2020年01月20日,0,0,0,//weibo.com/5662934265/IqptFcE4Y?refer_flag=1001030103_,转发微博
Tam_jing,2020年01月20日,0,0,0,//weibo.com/1915186733/IqptFcExD?refer_flag=1001030103_,看到钟南山，心安定了。
叽里咕噜爱说话_,2020年01月20日,0,0,0,//weibo.com/2173838090/IqptFdAiO?refer_flag=1001030103_,看到钟南山院士了感觉就安心不少
小橘yo-yo,2020年01月20日,0,0,0,//weibo.com/2670822873/IqptFdDbH?refer_flag=1001030103_,年前出去玩的计划取消……
ZYDTB,2020年01月20日,0,0,0,//weibo.com/7369666863/IqptEAXrD?refer_flag=1001030103_,#境内确诊217例新型冠状病毒肺炎病例##杨幂粉丝造同事黄谣# ym#杨幂粉丝撕逼成精#  ym #杨幂粉丝造同事黄谣# ym#杨幂粉丝撕逼成精#  ym #杨幂粉丝造同事黄谣# ym#杨幂粉丝撕逼成精#  ym #杨幂粉丝造同事黄谣# ​
林有雨月有光,2020年01月20日,0,0,0,//weibo.com/5994661876/IqptEhYki?refer_flag=1001030103_,一切要顺利啊，我们国家加油💪
昵称越来越难起,2020年01月20日,0,0,0,//weibo.com/5774003548/IqptEgOCL?refer_flag=1001030103_,转发微博
岁月静好的小胖子,2020年01月20日,0,0,0,//weibo.com/6571409746/IqptEgRS3?refer_flag=1001030103_,//@于丹:大家保护好自己，再谨慎都不多余。危机面前，保证自己的安全既是对自己负责，也是为顺利度过这次考验贡献出自己的力量。
2016风雨任平生,2020年01月20日,0,0,0,//weibo.com/2086767627/IqptEgSgx?refer_flag=1001030103_,转发微博
骑驴小棋童,2020年01月20日,0,0,0,//weibo.com/5394068396/IqptEjh3k?refer_flag=1001030103_,转发微博
权拽跟_D,2020年01月20日,0,1,0,//weibo.com/5640902409/IqptEkc3D?refer_flag=1001030103_,病从口入腊鸡 吃什么野味 迟早吃si
月亮说我美,2020年01月20日,0,0,0,//weibo.com/3917344310/IqptEkctK?refer_flag=1001030103_,转发微博
是胖子鸭,2020年01月20日,0,0,0,//weibo.com/5621917631/IqptEkd2O?refer_flag=1001030103_,#钟南山肯定新型冠状病毒肺炎人传人#一个11号从武汉回来的人在努力安慰自己没问题🙉嗯没问题 2张家界·慈利县 ​
Emily0711,2020年01月20日,0,0,0,//weibo.com/6579679263/IqptE2xcI?refer_flag=1001030103_,转发微博
咖啡店打烊,2020年01月20日,0,0,0,//weibo.com/3025932973/IqptE1CfV?refer_flag=1001030103_,怕了
边缘艾草,2020年01月20日,0,0,0,//weibo.com/7284442655/IqptE1DBo?refer_flag=1001030103_,转发微博
甄的栗子酱,2020年01月20日,0,0,0,//weibo.com/5450351078/IqptE2xOA?refer_flag=1001030103_,转发
瘦风皱水,2020年01月20日,0,0,0,//weibo.com/1494898377/IqptDnueQ?refer_flag=1001030103_,#新型冠状病毒肺炎很可能来自野味# 爱吃野生动物的都是人吗？ ​
超级无敌美少女七七,2020年01月20日,0,0,0,//weibo.com/6980548106/IqptDnsUU?refer_flag=1001030103_,转发微博
RainbowRoses,2020年01月20日,0,0,0,//weibo.com/2164821473/IqptDnuMR?refer_flag=1001030103_,转发微博
李玉_ily9pk,2020年01月20日,0,0,0,//weibo.com/1776424773/IqptDpVJW?refer_flag=1001030103_,//@谷大白话:转发微博
花晨月夕v,2020年01月20日,0,0,0,//weibo.com/6063412574/IqptDoCXh?refer_flag=1001030103_,分享网易新闻《钟南山:新型肺炎没有特效药 春节得病人数还会增加》O钟南山:全民提高警惕 不会重复17年前的SARS疫情 来自@网易新闻客户端 #网易新闻# ​
老c队长,2020年01月20日,3,3,0,//weibo.com/3098456133/IqptD99Cq?refer_flag=1001030103_,【钟南山：14个医护人员感染新型冠状病毒】对于新型冠状病毒感染的肺炎疫情的形势研判，钟南山院士表示，围绕着有新型冠状病毒的病人因为护理各方面，14个医务人员受到感染。钟南山院士表示，出现人传人和医务人员感染的情况，是非常重要的标志。病例数增加较多的原因较复杂。 ​
猛熊嗅蔷薇,2020年01月20日,0,0,0,//weibo.com/2251971055/IqptD5O30?refer_flag=1001030103_,因果循环报应不爽！好好吃点家养的牲畜就行了，非他妈吃野味！过年大家都平平安安🙏
水鲸球,2020年01月20日,0,0,0,//weibo.com/2271306252/IqptCvgC2?refer_flag=1001030103_,转发微博
拧小檬52,2020年01月20日,0,0,0,//weibo.com/5600701601/IqptCu8dq?refer_flag=1001030103_,转发微博
蓝云杉Blue,2020年01月20日,0,0,0,//weibo.com/2238512040/IqptCvdIT?refer_flag=1001030103_,//@苏家桥://@严锋: //@芳草碧连天VVV:钟南山访问要点记录： 1、确认可以人传人，基于武汉和广东案例。 2、有医务人员被传染。 3、源头目前不清楚，但可能是竹鼠、獾这种野生动物（尽量别去碰野味）。 4、如无必要，近期不要去武汉。 5、有发热及时就医。 6、买不到N95，普通口罩也可以起到阻止飞沫传
早勤谨实,2020年01月20日,0,0,0,//weibo.com/5986469539/IqptCvfac?refer_flag=1001030103_,转发微博
来碗粉蒸肉,2020年01月20日,0,0,0,//weibo.com/2307515561/IqptCvgFt?refer_flag=1001030103_,转发微博
文汇报,2020年01月20日,3,0,0,//weibo.com/1914880192/IqptCfMJ8?refer_flag=1001030103_,【#广东确认新增13例新型冠状病毒感染肺炎# 深圳新增8例】国家卫生健康委确认广东省首例输入性新型冠状病毒感染的肺炎确诊病例后，1月20日，广东省专家组根据《国家卫生健康委办公厅关于印发新型冠状病毒感染的肺炎诊疗方案（试行第二版）》，结合患者流行病学调查、临床表现和病原学检测结果，确认新 ​  展开全文c
甜酸水果,2020年01月20日,0,0,0,//weibo.com/6242175249/IqptCfIEf?refer_flag=1001030103_,//@石扉客2018:钟南山院士神情凝重，用词审慎，但对人传人这点做了毋庸置疑的确认。对任何一个正常国家来说，有良知和有造诣的专业人士都是不可多得的公众利益保护神与社会情绪稳定器。
小刘的甜筒分你一半,2020年01月20日,0,0,0,//weibo.com/1962220164/IqptCdzvu?refer_flag=1001030103_,· 出门戴口罩，勤洗手 · 咳嗽或打喷嚏时捂住口鼻 · 将肉蛋彻底做熟 · 避免与呼吸道患者密切接触 · 避免近距离接触野生动物或活牲畜 · 不要随地吐痰 · 不要去人多的地方凑热闹
黄小咩咩,2020年01月20日,0,0,0,//weibo.com/1648948420/IqptBDaZe?refer_flag=1001030103_,电影院还能去吗？昨天刚把票买了
一个小尻,2020年01月20日,1,0,0,//weibo.com/5617509314/IqptBDbsY?refer_flag=1001030103_,//@蚊子蚊子weeeeeenzi://@黑鱼周cnWATERS: 明确人传人，暂时传染力和毒力弱于SARS，不排除在人传人过程中毒力增强的可能，来源疑似野生动物，已有医务人员感染。日常民众需要做好防护工作，N95级别或者医用外科口罩有防护作用，均为一次性使用。
婧家的狗子,2020年01月20日,0,0,0,//weibo.com/6159484536/IqptBBUbA?refer_flag=1001030103_,Repost
大麒麒王子2011,2020年01月20日,0,0,0,//weibo.com/2237268767/IqptBkfeG?refer_flag=1001030103_,转发微博
kenpy,2020年01月20日,0,0,0,//weibo.com/3925975866/IqptBj7BV?refer_flag=1001030103_,//@科学松鼠会:大家注意防护哦！//@玉龙小段:截至1月20日18时，我市共确诊5例新型冠状病毒感染的肺炎病例。
wonanananana,2020年01月20日,0,0,0,//weibo.com/5503659472/IqptBkc4l?refer_flag=1001030103_,转发微博
回见了您內丶,2020年01月20日,0,0,0,//weibo.com/2614526394/IqptBkc7t?refer_flag=1001030103_,转发微博
越越家的小肉肉,2020年01月20日,0,0,0,//weibo.com/1808304070/IqptB3Nm3?refer_flag=1001030103_,转发微博
番茄lfzdyg,2020年01月20日,0,0,0,//weibo.com/3690491811/IqptB3O6f?refer_flag=1001030103_,转发微博
天府发布,2020年01月20日,5,1,0,//weibo.com/5049932665/IqptB3Oac?refer_flag=1001030103_,【#钟南山解读新型冠状病毒肺炎疫情#】疫情进展情况如何？是否会重复SARS疫情？#钟南山肯定新型冠状病毒肺炎人传人#，视频完整版↓转存了解！（央视） L人民日报的微博视频 ​​​
也曾有过星辰呀,2020年01月20日,0,0,0,//weibo.com/1851615067/IqptB3QnC?refer_flag=1001030103_,转发微博
小力君,2020年01月20日,0,0,0,//weibo.com/2709448392/IqptB3QBs?refer_flag=1001030103_,确定人传人了，就问你怕不怕今天买了10个医用外科口罩，明天再去囤点货，再晚估计买不到了
人间值一笑,2020年01月20日,0,0,0,//weibo.com/6051913181/IqptB5M7t?refer_flag=1001030103_,转发微博
扁舟一叶采葭人,2020年01月20日,0,0,0,//weibo.com/5778507281/IqptB5Oaa?refer_flag=1001030103_,嗯，一定引起重视。不要觉得这些离我们很遥远，在足够发达的现代社会物流交通业运作下，新型肺炎病原体会跟随携带者去往天南海北，所以一定注意戴口罩，少去人多的地方。搭乘公共交通工具时以及在人流量较大的地方时最好同他人保持安全距离。当然也没必要恐慌，保持良好的个人习惯，不去凑热闹，是不会有事滴。亲戚朋友以及所有我在乎的人要一辈子平安哇 
倘若只有倘若,2020年01月20日,0,2,0,//weibo.com/2914266785/IqptAu3cT?refer_flag=1001030103_,出门一定一定得把口罩带上 勤洗手 不碰野生动物
用户5621050354,2020年01月20日,0,0,0,//weibo.com/5621050354/IqptAqN3j?refer_flag=1001030103_,钟南山专家直播，画知识点： 1 现在疫情在爬坡阶段，初始阶段。 2 确认人传人 3 现在的致死率不足以说明问题，因为只是在初始阶段。但是有了SARS经验，医护工作效率提高。 4 医护有传染。 5自身去过武汉或是家人去过武汉，且有发热现象，请立即就医。
我真的想叫LayLay啊,2020年01月20日,0,0,0,//weibo.com/6031164978/IqptAqOmE?refer_flag=1001030103_,转发微博
锦却可不能秃,2020年01月20日,0,3,0,//weibo.com/5662635121/IqptAqODn?refer_flag=1001030103_,转发微博
桃子小汤圆儿,2020年01月20日,0,0,0,//weibo.com/5287311545/IqptAu3eO?refer_flag=1001030103_,一切平安
seeega,2020年01月20日,0,0,0,//weibo.com/5944292367/IqptAu4tX?refer_flag=1001030103_,@小神奇MagicQ
阿梨不梨,2020年01月20日,0,0,0,//weibo.com/1767053910/IqptAu4EC?refer_flag=1001030103_,转发微博
取个名字一点也不简单,2020年01月20日,0,0,0,//weibo.com/3169739983/IqptArXO7?refer_flag=1001030103_,转发
sjjsjj0613,2020年01月20日,0,0,0,//weibo.com/1173017221/IqptAas6Q?refer_flag=1001030103_,转发微博
嫺言_嫺语,2020年01月20日,0,0,0,//weibo.com/3908613069/IqptA9afT?refer_flag=1001030103_,//@然后下面就没了://@M大王叫我来巡山:又值佳节，千万注意预防啊。//@俄罗斯事儿君:注意安全🙏//@橘味小哼yo:我可求求首页各位了 重视起来重视起来重视起来！//@追风少年刘全有://@回忆专用小马甲:大家注意安全🙏🏻
甜又野又甜,2020年01月20日,0,0,0,//weibo.com/6436892705/IqptA9bIP?refer_flag=1001030103_,转发微博
甜梨芝士_,2020年01月20日,0,0,0,//weibo.com/6144657909/IqptAagKE?refer_flag=1001030103_,少出门，戴口罩！
徐凤文,2020年01月20日,6,1,0,//weibo.com/1568450860/IqptzyKXQ?refer_flag=1001030103_,#钟南山肯定新型冠状病毒肺炎人传人# 钟南山：根据目前的资料，新型冠状病毒肺炎是肯定的人传人，在广东有2个病例，没去过武汉，但家人去了武汉后染上了新型冠状病毒肺炎，现在可以说，肯定的，有人传人现象。 ​
老薛家玉强,2020年01月20日,0,0,0,//weibo.com/1978318575/IqptzzNOt?refer_flag=1001030103_,转发微博
无聊额已,2020年01月20日,0,0,0,//weibo.com/5585850555/IqptzADKw?refer_flag=1001030103_,又是野生动物……
霰年高考雾年模拟,2020年01月20日,0,0,0,//weibo.com/7327382402/IqptzzP9o?refer_flag=1001030103_,转发
youngKe-,2020年01月20日,0,0,0,//weibo.com/3596610331/IqptzADDG?refer_flag=1001030103_,#钟南山肯定新型冠状病毒肺炎人传人#是鸡鸭猪羊满足不了你了吗 就非得吃野味呗 就记吃不记打呗 ​
北京人早知道,2020年01月20日,6,5,0,//weibo.com/6242114360/IqptzgTrx?refer_flag=1001030103_,#钟南山肯定新型冠状病毒肺炎人传人#关注新型冠状病毒肺炎！钟南山院士任国家卫健委高级别专家组组长。致敬奋斗在一线的医护人员 L北京每日热点的微博视频 ​
KishibeRLambsx,2020年01月20日,0,0,0,//weibo.com/6738510210/IqptzfMRd?refer_flag=1001030103_,//@小黑子LLLLLOVE:钟南山!!
阿八的小号,2020年01月20日,0,0,0,//weibo.com/2807921194/IqptzfNbt?refer_flag=1001030103_,@pbxpbx //钟院士访问要点： 1、确认可以人传人，基于武汉和广东案例。 2、有医务人员被传染。 3、源头目前不清楚，但可能是竹鼠、獾这种野生动物（尽量别去碰野味）。 4、如无必要，近期不要去武汉。 5、有发热及时就医。 6、买不到N95，普通口罩也可以起到阻止飞沫传播的作用（该戴口罩戴口罩）。
Sarnen,2020年01月20日,0,0,0,//weibo.com/3254491204/IqptzfOBe?refer_flag=1001030103_,转发微博
是块碎玻璃呀,2020年01月20日,0,0,0,//weibo.com/6330030794/Iqptzi9gQ?refer_flag=1001030103_,转发微博
陈狒狒的达令,2020年01月20日,0,0,0,//weibo.com/3255460170/Iqptzi9DA?refer_flag=1001030103_,平安！//@东邻治愈家 :一定重视起来！拜托了！//@M大王叫我来巡山 :又值佳节，千万注意预防啊。//@俄罗斯事儿君 :注意安全🙏//@橘味小哼yo :我可求求首页各位了 重视起来重视起来重视起来！//@追风少年刘全有 ://@回忆专用小马甲 :大家注意安全🙏🏻
手可摘星辰的玲,2020年01月20日,0,0,0,//weibo.com/3021803313/IqptyE6nO?refer_flag=1001030103_,转发微博
小爱麻麻2017,2020年01月20日,0,0,0,//weibo.com/6359686455/IqptyFbb5?refer_flag=1001030103_,转发微博
不知道叫什么名字好的有志气青年,2020年01月20日,0,0,0,//weibo.com/5683495055/IqptyFcqp?refer_flag=1001030103_,转发微博
用户凉风吹,2020年01月20日,0,0,0,//weibo.com/6852641904/Iqptz0sB9?refer_flag=1001030103_,#腾讯新闻# 白岩松访钟南山：新型冠状病毒肺炎疫情如何防控O打开腾讯新闻，看1143热评 L白岩松访钟南山：新型冠状病毒肺炎疫情如何防控 来自@腾讯新闻 ​
MACZX,2020年01月20日,3,18,0,//weibo.com/1039531365/Iqptz0tSw?refer_flag=1001030103_,搞专业的永远比搞政治的靠谱。之前还整个有限人传人，有限的条件是啥？啥特定条件为标准算有限、无限？～要不说玩政治的没一个好东西
陈小小呀,2020年01月20日,0,0,0,//weibo.com/2175039790/Iqptz0uUF?refer_flag=1001030103_,转发微博
八卦小达人,2020年01月20日,0,0,0,//weibo.com/3908151813/Iqptz1hzH?refer_flag=1001030103_,注意安全，大家尽量少出门，出门要带口罩
小熊富翁,2020年01月20日,0,0,0,//weibo.com/3097349887/Iqptz1kPR?refer_flag=1001030103_,//@儿科陈医生:预防千万条，口罩第一条。不往人群挤，病毒不缠你。洗手很重要，胜过吃补药。通风也要紧，疾病无踪影。
新潮电子徐林,2020年01月20日,8,3,0,//weibo.com/1404521940/IqptypzUy?refer_flag=1001030103_,//@Vetrax嚣张卫视:各位注意防范。
wanggeng-,2020年01月20日,0,0,0,//weibo.com/6069096841/IqptypBzp?refer_flag=1001030103_,确定了
奥斯特姆斯特朗西瓜电磁炮,2020年01月20日,0,0,0,//weibo.com/1989247691/IqptypCgw?refer_flag=1001030103_,走学大师的话必须听//@性感玉米 :这么来看，舆论放开了，大家讨论的时候一定要在划的线里面讨论，不要讨论出去。每次放开的时候，都要抓几个特别跳的，用于警告大家不要出圈。//@破破的桥 :完全不像83岁
学着远离感情的写稿人,2020年01月20日,0,0,0,//weibo.com/5532529868/Iqpty76Cm?refer_flag=1001030103_,转发微博
白羊先生,2020年01月20日,2,0,0,//weibo.com/1301358201/Iqpty4M3k?refer_flag=1001030103_,//@陆浑戎 :转发微博
张花花花,2020年01月20日,0,0,0,//weibo.com/1736081444/Iqpty4MPM?refer_flag=1001030103_,！！！
橘渊,2020年01月20日,0,0,0,//weibo.com/1864688710/Iqpty5PSk?refer_flag=1001030103_,转发微博
日月同辉Sky,2020年01月20日,0,0,0,//weibo.com/1367988554/Iqpty5Qqw?refer_flag=1001030103_,转发微博
咕噜咕噜哗啦哗啦po,2020年01月20日,0,0,0,//weibo.com/1465689114/IqptxwcJG?refer_flag=1001030103_,转发微博
煎饼包着基,2020年01月20日,0,0,0,//weibo.com/5816384478/Iqptxt3Sw?refer_flag=1001030103_,转发微博
逆风生长咩咩咩咩咩咩,2020年01月20日,0,0,0,//weibo.com/5911954047/Iqptxu8Rs?refer_flag=1001030103_,转发微博
咸鱼吃桃,2020年01月20日,0,0,0,//weibo.com/5274128642/IqptxbnTc?refer_flag=1001030103_,
爱佳一家811,2020年01月20日,0,0,0,//weibo.com/1262011031/IqptxbpuC?refer_flag=1001030103_,//@风闻社区:大家注意做好个人防护🙏🏻
张醒醒bravo,2020年01月20日,0,0,0,//weibo.com/5935387676/IqptxbpHz?refer_flag=1001030103_,转发微博
佐樱长情,2020年01月20日,0,0,0,//weibo.com/7052257441/IqptxcuwD?refer_flag=1001030103_,#境内确诊217例新型冠状病毒肺炎病例#平安🙏🙏🙏 2石家庄·瑞府 ​
尼古拉斯小蓝,2020年01月20日,0,0,0,//weibo.com/1042046755/IqptxdJfM?refer_flag=1001030103_,//@滨a崎y步u:扩散起来
Lex-Symbol,2020年01月20日,0,0,0,//weibo.com/3681905134/IqptwzGYD?refer_flag=1001030103_,转发微博
Yuri鱼,2020年01月20日,0,0,0,//weibo.com/3935093174/IqptwANir?refer_flag=1001030103_,转发微博
又要补充葡萄糖了,2020年01月20日,0,0,0,//weibo.com/2171713545/IqptwC0yS?refer_flag=1001030103_,愿好。//@天秀bot :各位注意安全🙏
长醉溪亭,2020年01月20日,1,0,0,//weibo.com/5961110780/IqptwCOgn?refer_flag=1001030103_,//@吃货不怕胖来袭://@贰哥:钟南山访问要点记录： 1、确认可以人传人。2、有医务人员被传染。 3、源头目前不清楚，但可能来自野生动物（尽量别去碰野味）。 4、如无必要，近期不要去武汉。 5、有发热及时就医。 6、买不到N95，普通口罩也可以起到阻止飞沫传播的作用（该戴口罩戴口罩）。
milestone-1,2020年01月20日,0,0,0,//weibo.com/5939252241/IqptwCPS9?refer_flag=1001030103_,//@胭脂牌锦鲤://@浪里赤条小粗林:确定人传人，有医务人员感染了💔病毒存在于飞沫，普通口罩也可以阻止飞沫，不要偷懒，口罩戴起来！大家注意安全！
咖喱酱是枚可爱精,2020年01月20日,0,0,0,//weibo.com/2884609130/IqptwCQi5?refer_flag=1001030103_,过年走亲访友，旅游什么的都要好好防范于未然
我是小香瓜啊,2020年01月20日,0,0,0,//weibo.com/5819709881/IqptwCQWV?refer_flag=1001030103_,转发微博
初冬不落雪,2020年01月20日,0,0,0,//weibo.com/5362159296/Iqptw1rwT?refer_flag=1001030103_,转发微博
医学视觉MedicalVision,2020年01月20日,0,0,0,//weibo.com/3871949485/Iqptw1rRO?refer_flag=1001030103_,转发微博
成都生活印记,2020年01月20日,0,0,0,//weibo.com/6641712733/Iqptw1tQY?refer_flag=1001030103_,【#钟南山肯定新型冠状病毒肺炎人传人#】钟南山：根据目前的资料，新型冠状病毒肺炎是肯定的人传人，在广东有2个病例，没去过武汉，但家人去了武汉后染上了新型冠状病毒肺炎，现在可以说，肯定的，有人传人现象。L央视新闻的微博视频 ​​​
极速小猋,2020年01月20日,0,0,0,//weibo.com/6347622204/Iqptw1uCh?refer_flag=1001030103_,//@投资舆情 ://@郭士英 : 钟南山访问要点记录： 1、确认可以人传人，基于武汉和广东案例。 2、有医务人员被传染。 3、源头目前不清楚，但可能是竹鼠、獾这种野生动物（尽量别去碰野味）。 4、如无必要，近期不要去武汉。 5、有发热及时就医。 6、买不到N95，普通口罩也可以起到阻止飞沫传播的作用。
今天六桃自拍了么,2020年01月20日,0,0,0,//weibo.com/1717014573/Iqptw2JbV?refer_flag=1001030103_,转发微博
桦不对称,2020年01月20日,0,0,0,//weibo.com/7288396373/Iqptw3rYi?refer_flag=1001030103_,//@二十四楼的六一猫://@都好说但是要先给钱:不恐慌但要重视，希望大家都别再不当回事了，不要一昧强调“没在怕的”。照顾自己与他人生命健康，新年望大家都平安健康
追梦199102,2020年01月20日,0,0,0,//weibo.com/5656551795/Iqptw3snj?refer_flag=1001030103_,转发微博
夏时宴,2020年01月20日,0,0,0,//weibo.com/2679739545/IqptvpN9s?refer_flag=1001030103_,转发
靓闪闪的一岁一月,2020年01月20日,0,0,0,//weibo.com/2212590210/IqptvpNAh?refer_flag=1001030103_,听课
Shirley_KESHA,2020年01月20日,0,0,0,//weibo.com/3226949531/IqptvqZz8?refer_flag=1001030103_,//@BRA之G杯小奶罩:各位，今年吃猪肉也算尝鲜了，别再吃这些劳什子了//@山城月色深深:人川人
raodan517,2020年01月20日,0,0,0,//weibo.com/1251626213/IqptvqYG5?refer_flag=1001030103_,转发微博
第一眼便沉沦,2020年01月20日,0,0,0,//weibo.com/6881149245/IqptvrMaq?refer_flag=1001030103_,转发微博
Adele千羽最爱饱饱,2020年01月20日,0,0,0,//weibo.com/7351351103/IqptvrLvB?refer_flag=1001030103_,@William威廉陈伟霆 @陈伟霆粉丝后援会 陈饱饱和大家都要 注意啊  外出要带医用口罩😷 切记
慧慧酱2011,2020年01月20日,0,0,0,//weibo.com/1959427305/IqptvrL9f?refer_flag=1001030103_,转发微博
idontwannabeyouanymor,2020年01月20日,0,0,0,//weibo.com/5420268068/IqptvrKO4?refer_flag=1001030103_,转发微博
酸酸甜甜的小小橘,2020年01月20日,0,0,0,//weibo.com/3968501306/Iqptv9iLd?refer_flag=1001030103_,//@口腔专家陈大伟:钟南山院士指出，现在要提高警惕，全民、领导、政府、医务人员，包括媒体，属地的领导要负起责任，我们有信心能够控制新型冠状病毒。钟南山表示，这次用两周定位了新型冠状病毒，再加上我们有很好的监控以及隔离制度，相信疫情不会像17年前SARS造成的社会影响以及经济损害。
力王LEO,2020年01月20日,0,0,0,//weibo.com/1446134480/Iqptv9jFk?refer_flag=1001030103_,转发微博
游乐指南,2020年01月20日,0,0,0,//weibo.com/5761367085/Iqptv9l4z?refer_flag=1001030103_,//@燃烧的小骆驼:钟院士访问要点： 1、确认可以人传人，基于武汉和广东案例。 2、有医务人员被传染。 3、源头目前不清楚，但可能是竹鼠、獾这种野生动物（尽量别去碰野味）。 4、如无必要，近期不要去武汉 5、有发热及时就医。 6、买不到N95，普通口罩也可以起到阻止飞沫传播的作用（该戴口罩戴口罩）
Zushiki,2020年01月20日,0,0,0,//weibo.com/1810908964/Iqptva7E3?refer_flag=1001030103_,已经确定会人传人，大家要保护好自己
会倒立的刺猬,2020年01月20日,0,2,0,//weibo.com/5703498898/Iqptvb9mp?refer_flag=1001030103_,没事就别出门了，开窗通风
一日无电_百事荒芜,2020年01月20日,0,0,0,//weibo.com/5285877820/IqptvbaLm?refer_flag=1001030103_,转发微博
德云小铁杆儿,2020年01月20日,0,0,0,//weibo.com/6485130301/IqptvbbUp?refer_flag=1001030103_,转发微博
喵星人萌萌萌,2020年01月20日,0,0,0,//weibo.com/1757877673/IqptuvhkF?refer_flag=1001030103_,//@Asuka千帆:有了十七年前的经验，有了更先进的科学技术，我们这辈子赶上一次非典已经够了，希望我们都不要再经历一次吧🙏🏻//@别样不二:😷😷😷
小药仙儿,2020年01月20日,0,0,0,//weibo.com/1669609685/Iqptuzruy?refer_flag=1001030103_,//@营养医师王兴国:是吧，肯定了。
-O-October,2020年01月20日,0,0,0,//weibo.com/5676305557/IqpttD0It?refer_flag=1001030103_,//@浪里赤条小粗林:确定人传人，有医务人员感染了💔病毒存在于飞沫，普通口罩也可以阻止飞沫，不要偷懒，口罩戴起来！大家注意安全！
小刘的微博小号2,2020年01月20日,0,0,0,//weibo.com/7068343741/IqpttD1Cj?refer_flag=1001030103_,《钟南山：新型肺炎很可能来自野味》钟南山院士指出，现在要提高警惕，全民、领导、政府、医务人员，包括媒体，属地的领导要负起责任，我们有信心能够控制新型冠状病毒。O网页链接 ​
网络李捕头,2020年01月20日,0,0,0,//weibo.com/1909630683/IqpttD3jJ?refer_flag=1001030103_,【转发收藏！#一分钟科普冠状病毒#，做好这些预防措施不必惊慌】近期武汉地区肺炎频受关注。该类肺炎病原体初步判定为新型冠状病毒，冠状病毒颗粒就像一顶帝王的皇冠，因此得名“冠状病毒”。那么什么是冠状病毒呢？它有什么特点？应该如何预防？在流感高发季，做好这些日常防护措施不惊慌。 L一手video的秒拍视频 
春春_73002,2020年01月20日,0,0,0,//weibo.com/3215697020/IqpttD3Lu?refer_flag=1001030103_,转发微博
苏世山成长价值投资,2020年01月20日,4,1,0,//weibo.com/2185516500/IqpttD3LW?refer_flag=1001030103_,上回就是胡吃八吃//@股道热肠也:吃野生动物要遭报应！
三七番茄酱,2020年01月20日,0,0,0,//weibo.com/2515992950/IqpttE7BL?refer_flag=1001030103_,//@爱吃海星的王有趣:钟教授意思是跟SARS相比弱，但必须尽快控制，否则随着感染传播，病毒还会进化。传播力和毒性都可能随着传播换代突变变强。
恩啾isreal,2020年01月20日,0,0,0,//weibo.com/6585409075/IqpttEfo0?refer_flag=1001030103_,真的真的注意安全吧
用户6324288392,2020年01月20日,0,0,0,//weibo.com/6324288392/IqpttEf2x?refer_flag=1001030103_,转发微博
阿瓶的饭,2020年01月20日,0,0,0,//weibo.com/1623607304/IqpttEgki?refer_flag=1001030103_,转发微博
RainbowDQ,2020年01月20日,0,0,0,//weibo.com/2352573840/IqpttmsPy?refer_flag=1001030103_,//@来去之间://@毛十八:其实挺不希望看见这样的：十七年过去了，还是当年的老人敢拍板说这么一句话。
我_不_会_游_泳,2020年01月20日,0,0,0,//weibo.com/5863942736/IqpttmuaV?refer_flag=1001030103_,//@pORA认真点://@Ashes_余烬心中://@xeno_light:转发微博
黑白动物Lee,2020年01月20日,10,33,0,//weibo.com/2147860294/IqpttmASj?refer_flag=1001030103_,#钟南山肯定新型冠状病毒肺炎人传人#根据钟南山的采访，总结如下：1.肯定人传人。2.别吃野味。3.别去武汉，别和从武汉回来的人接触。4.一定要戴口罩，并不一定要N95。5.传染性没有SARS大。#钟南山谈疫情# ​
未着泥Ss,2020年01月20日,0,0,0,//weibo.com/1764564411/IqpttmBq3?refer_flag=1001030103_,转发微博
白羊座在春天,2020年01月20日,0,0,0,//weibo.com/5035085639/Iqpttoofg?refer_flag=1001030103_,//@Vista看天下:【#新型冠状病毒感染肺炎确诊217例#】
橘子吃糖,2020年01月20日,0,0,0,//weibo.com/6067924201/IqpttooPA?refer_flag=1001030103_,//@东邻治愈家:一定重视起来！拜托了！//@M大王叫我来巡山:又值佳节，千万注意预防啊。//@俄罗斯事儿君:注意安全🙏//@橘味小哼yo:我可求求首页各位了 重视起来重视起来重视起来！//@追风少年刘全有://@回忆专用小马甲:大家注意安全🙏🏻
炸鸡年糕串串香,2020年01月20日,0,0,0,//weibo.com/5881678105/IqpttopH0?refer_flag=1001030103_,//@一颗努力向上的鸡蛋:在路上看了钟南山专家直播，画知识点： 1 现在疫情在爬坡阶段，初始阶段。 2 确认人传人 3 现在的致死率不足以说明问题，因为只是在初始阶段。但是有了SARS经验，医护工作效率提高。 4 医护有传染。 5自身去过武汉或是家人去过武汉，且有发热现象，请立即就医。
紫色风信子小微梓,2020年01月20日,0,0,0,//weibo.com/2523050555/IqpttopRz?refer_flag=1001030103_,转发微博
whitecoaI,2020年01月20日,0,0,0,//weibo.com/7241734283/Iqpttorsz?refer_flag=1001030103_,转发微博
90后小李子_10,2020年01月20日,0,0,0,//weibo.com/5905957119/Iqptt60aK?refer_flag=1001030103_,//@兔噗噗:注意安全朋友们
bobofula,2020年01月20日,0,0,0,//weibo.com/1803540445/Iqptt60hk?refer_flag=1001030103_,球球国人能不能别再吃不该吃的了
究游白月光,2020年01月20日,0,6,0,//weibo.com/5960386439/Iqptt60RR?refer_flag=1001030103_,#境内确诊217例新型冠状病毒肺炎病例#山东也有了？！ ​
郁真羽-橙光,2020年01月20日,0,0,0,//weibo.com/6259859855/Iqptt61lI?refer_flag=1001030103_,N95都断货了，唉，平时就该备着
用户6910429173,2020年01月20日,0,0,0,//weibo.com/6910429173/Iqptss22w?refer_flag=1001030103_,这个地方私屠乱宰严重，2018年我们投诉，但是政府不作为，还照旧默许此非法行为进行，现在爆发新型肺炎，这关系到每一个人的生命安全，希望政府这次重视起来，杜绝私屠乱宰行为
Roll个名字吧,2020年01月20日,0,0,0,//weibo.com/1814141234/IqptsrZpo?refer_flag=1001030103_,孩怕
不理世事保平安,2020年01月20日,0,0,0,//weibo.com/3893913737/IqptsrZz3?refer_flag=1001030103_,//@林嘎嘎儿:本武汉伢瑟瑟发抖😷 //@辣条娘:确认人传人。大家注意防护//@四镰://@秋田六千://@纯良英俊的笑了笑:⚠️//@这是一个很高冷的ID:一定要注意啊//@月亮与八芝士:注意戴口罩真的//@205号居民:大家请一定要做好个人防护 //@不吃菜XBS:一定要注意😷
墨ugq,2020年01月20日,0,0,0,//weibo.com/5563216949/Iqptss14L?refer_flag=1001030103_,大家要带好口罩!保护好自己//@回忆专用小马甲:大家注意安全🙏🏻
岚朋友的女朋友,2020年01月20日,0,0,0,//weibo.com/2363802104/Iqptst5lc?refer_flag=1001030103_,//@Nana_准备品味mellow的芬芳://@已经萌坏掉的大爷://@Moonlight_Rio: 大家一定要注意⚠️戴口罩
LUCKYBABYU,2020年01月20日,0,0,0,//weibo.com/3211871401/Iqptst8I4?refer_flag=1001030103_,转发微博
热闹cc,2020年01月20日,0,0,0,//weibo.com/3105514721/IqptsanPG?refer_flag=1001030103_,//@M大王叫我来巡山:又值佳节，千万注意预防啊。//@俄罗斯事儿君:注意安全🙏//@橘味小哼yo:我可求求首页各位了 重视起来重视起来重视起来！//@追风少年刘全有://@回忆专用小马甲:大家注意安全🙏🏻
哈哈哈哈哈哈里,2020年01月20日,0,0,0,//weibo.com/2556238124/IqptsakON?refer_flag=1001030103_,转发微博
Micky鹿,2020年01月20日,0,2,0,//weibo.com/5400007952/IqptsalMd?refer_flag=1001030103_,高铁票能全额退款吗
扁桃DAYTOY,2020年01月20日,0,0,0,//weibo.com/7188777857/IqptsalV4?refer_flag=1001030103_,转发微博
话梅干最好吃,2020年01月20日,0,0,0,//weibo.com/5587474856/Iqptsantf?refer_flag=1001030103_,转发微博
我不想工作想暴富,2020年01月20日,0,0,0,//weibo.com/6238195882/Iqptsbsek?refer_flag=1001030103_,//@魏什么-:注意安全 带口罩 少出门 勤洗手
满满的蔡徐坤,2020年01月20日,0,0,0,//weibo.com/6232897077/IqptsbsF7?refer_flag=1001030103_,少出门。出门需戴口罩。
干净的小市民,2020年01月20日,0,0,0,//weibo.com/6545321828/IqptscCTw?refer_flag=1001030103_,《钟南山：新型冠状病毒肺炎肯定存在人传人现象 病毒可能来自野味》钟南山：根据目前的资料，新型冠状病毒肺炎是肯定的人传人，在广东有2个病例，没去过武汉，但家人去了武汉后染上了新型冠状病毒肺炎，现在可以说，肯定的，有人传人现象。O网页链接 ​
四川观察,2020年01月20日,40,0,0,//weibo.com/3203137375/IqptscF8f?refer_flag=1001030103_,【#四川成都和广安各出现1例输入观察病例# 四川省委省政府专题会议部署】1月20日，省委、省政府召开市（州）和省直部门主要负责人专题会议，省委书记彭清华在会上对认真贯彻落实习近平总书记重要指示和李克强总理批示精神、做好我省疫情防控工作作出安排部署。#四川两例疑似新型冠状病毒感染肺炎病例#，他指出，目前我省成都市和广安市已各出现1例输入观察病例。各地各有关部门要高度重视，将疫情防控作为当前维护群众生命安全、身体健康和社会稳定的重大事项来抓，绝不允许因防控不力导致疫情蔓延。#防控新型冠状病毒感染肺炎疫情# 
芹菜芯darling,2020年01月20日,0,0,0,//weibo.com/1422243742/IqptscFnI?refer_flag=1001030103_,奋战一线的医护人员最辛苦🙏只求平安🙏
听说橘子分着吃很甜,2020年01月20日,0,0,0,//weibo.com/6056871498/IqptryFKs?refer_flag=1001030103_,转发微博
李晗初y,2020年01月20日,0,0,0,//weibo.com/3788683353/IqptryFkj?refer_flag=1001030103_,转发微博
我就吃一颗橙子,2020年01月20日,0,0,0,//weibo.com/6521736615/IqptryF0j?refer_flag=1001030103_,#境内确诊217例新型冠状病毒肺炎病例#注意安全哦大家，及时预防 ​
努力的普拉多,2020年01月20日,0,0,0,//weibo.com/6658090421/IqptrzMFb?refer_flag=1001030103_,转发微博
去公园看兔兔吧,2020年01月20日,0,0,0,//weibo.com/5691920678/IqptryDCg?refer_flag=1001030103_,转发微博
调皮精灵q,2020年01月20日,0,2,0,//weibo.com/2700935382/IqptrzJdx?refer_flag=1001030103_,转发微博
我是屎祖,2020年01月20日,0,0,0,//weibo.com/1776776041/IqptrzJc0?refer_flag=1001030103_,//@古月中心相心:做好心理准备吧，春运期间大家出门都记得戴口罩
九月末的情殇,2020年01月20日,0,0,0,//weibo.com/3565611822/IqptrAXyF?refer_flag=1001030103_,转发微博
挞一,2020年01月20日,0,0,0,//weibo.com/3107747665/IqptrAXpe?refer_flag=1001030103_,#境内确诊217例新型冠状病毒肺炎病例# 看来在武汉的小伙伴要穿防护服出门了 2九江·永修县 ​
看不见的jessie,2020年01月20日,0,0,0,//weibo.com/1822041941/IqptrjgJo?refer_flag=1001030103_,什么时候能放过野生小动物！！！
存取日忱忱,2020年01月20日,0,0,0,//weibo.com/5991873541/IqptrgZzX?refer_flag=1001030103_,//@午时蓝桉://@燃烧的小骆驼:钟院士访问要点： 1、确认可以人传人，基于武汉和广东案例。 2、有医务人员被传染。 3、源头目前不清楚，但可能是竹鼠、獾这种野生动物（尽量别去碰野味）。 4、如无必要近期不要去武汉。 5、有发热及时就医。 6、买不到N95，普通口罩也可以起到阻止飞沫传播的作用（该戴
用户6115644041,2020年01月20日,0,0,0,//weibo.com/6115644041/Iqptrh0Gr?refer_flag=1001030103_,转发微博
靖淳听说,2020年01月20日,0,1,0,//weibo.com/5327095027/Iqptri4nh?refer_flag=1001030103_,O单亲女儿这封信看哭了太多人😭 你有共鸣吗？ #家庭教育##你会介意另一半单亲家庭吗##境内确诊217例新型冠状病毒肺炎病例# 2哈尔滨·金爵万象商业广场 ​
Kylin张起灵z,2020年01月20日,0,0,0,//weibo.com/6000744488/Iqptri5UM?refer_flag=1001030103_,转发微博
夏玉培,2020年01月20日,0,0,0,//weibo.com/5755956380/Iqptrjfry?refer_flag=1001030103_,#钟南山肯定新型冠状病毒肺炎人传人#尽量不出门，必须要去人多的地方就戴好口罩。勤洗手，洗干净。别熬夜了，按时作息增强抵抗力。 ​
Rz0521,2020年01月20日,0,0,0,//weibo.com/6434709501/Iqptrjg7r?refer_flag=1001030103_,转发微博
这里是我和我,2020年01月20日,0,0,0,//weibo.com/6313260598/IqptrjY9B?refer_flag=1001030103_,转发微博
程子就爱吃橙子,2020年01月20日,0,0,0,//weibo.com/5373536270/Iqptr1AWV?refer_flag=1001030103_,肯定了
小提拉x,2020年01月20日,0,0,0,//weibo.com/1661494902/Iqptr2jJq?refer_flag=1001030103_,勤洗手 戴口罩
迷糊凡妈,2020年01月20日,0,0,0,//weibo.com/6255144649/IqptqoHde?refer_flag=1001030103_,转发微博
蓝鲸P,2020年01月20日,0,0,0,//weibo.com/1756341231/IqptqnC3O?refer_flag=1001030103_,Repost
奶油冰淇淋热红茶,2020年01月20日,0,0,0,//weibo.com/7245131474/IqptqnCcw?refer_flag=1001030103_,转发微博
开发发呀,2020年01月20日,0,0,0,//weibo.com/5893119223/IqptqnCjT?refer_flag=1001030103_,转发微博
想摘花的大羊_,2020年01月20日,0,0,0,//weibo.com/2959371320/IqptqoIBe?refer_flag=1001030103_,//@然后下面就没了://@M大王叫我来巡山:又值佳节，千万注意预防啊。//@俄罗斯事儿君:注意安全🙏//@橘味小哼yo:我可求求首页各位了 重视起来重视起来重视起来！//@追风少年刘全有://@回忆专用小马甲:大家注意安全🙏🏻
Tien_astra,2020年01月20日,0,0,0,//weibo.com/1110992232/IqptqoJfg?refer_flag=1001030103_,我碰到过无数次有人问我的专业是干什么的，看完这个视频我再告诉你们一次，我的专业是-流行病学。
佻绛,2020年01月20日,1,0,0,//weibo.com/2495504343/Iqptq73sY?refer_flag=1001030103_,//@银河系搭乘客:转发微博
CzJ---,2020年01月20日,0,0,0,//weibo.com/1781946460/Iqptq8d83?refer_flag=1001030103_,转发微博
用户6784862501,2020年01月20日,0,0,0,//weibo.com/6784862501/Iqptq8VH3?refer_flag=1001030103_,转发微博
荞麦面花,2020年01月20日,0,0,0,//weibo.com/3069313633/Iqptq8eKY?refer_flag=1001030103_,转发微博
wisesun,2020年01月20日,0,0,0,//weibo.com/5180717478/Iqptq8f37?refer_flag=1001030103_,转发微博
一鹿向前进没有羁绊,2020年01月20日,0,0,0,//weibo.com/3921183549/Iqptq8RBX?refer_flag=1001030103_,#上海确诊首例新型冠状病毒感染肺炎#武汉的能呆在家吗 ​
不为爱所困要为爱而生,2020年01月20日,0,0,0,//weibo.com/3568281814/Iqptq8SPC?refer_flag=1001030103_,疫情的变化太快。武汉在1月17日的时候，新增新型冠状病毒肺炎病例只有17例。1月18日武汉就新增59例，1月19日则新增了77例，两天就出现了136例，武汉确诊病例已经到达了198例，其中9人危重，3人死亡。从1月19日开始，截止1月20日18时，在更多地方发现了新病毒肺炎患者，累计新型病毒肺炎病例224例，确认217例，疑似7例。北京确诊5例，广东确诊14例。疑似病例中，四川2例，云南1例，上海2例，广西1例，山东1例。根据新华社的权威发布，病毒确定已经蔓延到其他省份，加上春运人流大潮，疫情控制难度将会变大。 2银川·阅海万家 
夏_举起右手,2020年01月20日,0,0,0,//weibo.com/2565516862/Iqptq8bSP?refer_flag=1001030103_,转发微博
YYwan111,2020年01月20日,0,0,0,//weibo.com/3095483481/IqptpcB6v?refer_flag=1001030103_,80年代纪录片《末代皇帝溥仪》。时间较长，境内确诊217例新型冠状病毒肺炎病例建议先马后看。t.cn/AisQxLAS ​ （by：全球纪录片频道 ） ​
堂本_有一颗兔牙君,2020年01月20日,0,0,0,//weibo.com/5818684342/IqptpcBAV?refer_flag=1001030103_,//@Gigi苦逼野郎://@兇惡狂暴貓丸號海賊船://@乔凯文:钟南山院士发话了:新型冠状病毒可以人传人。大家口罩等防护措施做起来吧。
蒲公英的思念_18,2020年01月20日,0,0,0,//weibo.com/6092298279/IqptpcBCV?refer_flag=1001030103_,转发微博
猫猫日娆,2020年01月20日,0,0,0,//weibo.com/3717906287/IqptpdFCI?refer_flag=1001030103_,转发微博
謗議庸何傷,2020年01月20日,0,0,0,//weibo.com/3759771021/IqptpdIP9?refer_flag=1001030103_,//@芳草碧连天VVV:钟南山访问要点记录： 1、确认可以人传人，基于武汉和广东案例。 2、有医务人员被传染。 3、源头目前不清楚，但可能是竹鼠、獾这种野生动物（尽量别去碰野味）。 4、如无必要，近期不要去武汉。 5、有发热及时就医。 6、买不到N95，普通口罩也可以起到阻止飞沫传播的作用
开开心心又幸运的好孩子,2020年01月20日,0,0,0,//weibo.com/6971850345/IqptpeOEQ?refer_flag=1001030103_,//@麓卡麓卡:钟南山访问要点： 1、确认可以人传人，基于武汉和广东案例。 2、有医务人员被传染。 3、源头目前不清楚，但可能是竹鼠、獾这种野生动物（尽量别去碰野味）。 4、如无必要，近期不要去武汉。 5、有发热及时就医。 6、买不到N95，普通口罩也可以起到阻止飞沫传播的作用（该戴口罩戴口罩）。
圆脸的大柚V子,2020年01月20日,0,0,0,//weibo.com/6311631370/IqptpfwQi?refer_flag=1001030103_,Repost
girl0729,2020年01月20日,0,0,0,//weibo.com/6471578279/IqptpePMY?refer_flag=1001030103_,转发微博
菜種梅汤,2020年01月20日,0,0,0,//weibo.com/6018779815/IqptoAVje?refer_flag=1001030103_,//@雪奕-://@Kang:🙏
晏翾,2020年01月20日,0,0,0,//weibo.com/6366291171/IqptoAVtB?refer_flag=1001030103_,转发微博
晓行星星,2020年01月20日,0,0,0,//weibo.com/2474538814/IqptoBXOP?refer_flag=1001030103_,转发微博
DeiDei先生,2020年01月20日,0,0,0,//weibo.com/1116451532/IqptoBYbj?refer_flag=1001030103_,转发微博
维生素0,2020年01月20日,0,0,0,//weibo.com/2660205447/IqptoBYcs?refer_flag=1001030103_,转发微博
羽之潼,2020年01月20日,0,0,0,//weibo.com/2864521621/IqptoD93E?refer_flag=1001030103_,//@孙策不与周郎便 :还是需要他来拍板。人传人，大家过年一定要注意！
纯虐,2020年01月20日,0,0,0,//weibo.com/1567774803/IqptoETjS?refer_flag=1001030103_,//@薛好大:确定是人传人，大家都小心啊。
穗达达,2020年01月20日,0,0,0,//weibo.com/1427072017/Iqptolrp9?refer_flag=1001030103_,#春运要小心# 截至今日18时，我国境内累计报告新型冠状病毒感染的肺炎病例224例，其中确诊病例217例。大家回家过年要小心防护，戴口罩、勤洗手，减少聚会。祝大家新年快乐#春运# ​
是平平无奇的美女罢了,2020年01月20日,0,0,0,//weibo.com/5198468978/IqptokkGV?refer_flag=1001030103_,//@好的阿茶酱没问题阿茶酱://@浅浅94107:😩 //@方脸小火:大家出门注意安全和卫生，戴好口罩，多穿衣服，不要感冒了
最小的年度计划,2020年01月20日,0,0,0,//weibo.com/6617059210/Iqptonb7J?refer_flag=1001030103_,转发微博
CArocketeer,2020年01月20日,0,0,0,//weibo.com/5239134722/IqptoluJu?refer_flag=1001030103_,东百不慌！
Volts,2020年01月20日,0,0,0,//weibo.com/1923290233/IqptolsPU?refer_flag=1001030103_,害！！
张小0在天津,2020年01月20日,0,0,0,//weibo.com/1771426685/IqptolrtH?refer_flag=1001030103_,转发微博
首发11人,2020年01月20日,0,0,0,//weibo.com/3297453803/IqptoluGm?refer_flag=1001030103_,人传人，提高警惕！！！
七禾-lruri,2020年01月20日,0,0,0,//weibo.com/6653051561/IqptnqWIz?refer_flag=1001030103_,赶紧滚回家过年吧#境内确诊217例新型冠状病毒肺炎病例# ​
秋水不是我,2020年01月20日,0,0,0,//weibo.com/1789823201/IqptnqYlR?refer_flag=1001030103_,转发微博
7莱特,2020年01月20日,0,0,0,//weibo.com/5217492775/IqptnqYth?refer_flag=1001030103_,🙏🙏🙏
玉尘拂月,2020年01月20日,0,0,0,//weibo.com/2998236791/Iqptns5F2?refer_flag=1001030103_,//@畅哥儿changer:历史上的庚子年 1840年鸦片战争 1900年八国联军侵华 1960年全国大面积饥荒长达三年 今年也是庚子年。。不过应该都是巧合吧//@胡文杰克逊:我感觉2020注定是个不平凡的一年
败者食承,2020年01月20日,0,0,0,//weibo.com/6121890248/Iqptns6PD?refer_flag=1001030103_,//@板房蒋阿姨 :今天评论一个妹子说的我很认同，咱们做到自己能做到的，尽量少去人多密集场所，如果要去人多的公共场合，戴上口罩（医用外科口罩就可以，一次性使用，药店有卖）、多洗手、勤通风，过度恐慌和完全不重视都不行。
叶的芳芬,2020年01月20日,0,0,0,//weibo.com/3764437431/Iqptns8DD?refer_flag=1001030103_,新型冠状病毒感染的肺炎有哪些症状？ O网页链接 ​
夏天静静守护WJSN鹅苞蛋,2020年01月20日,0,0,0,//weibo.com/2540916581/Iqptns8DY?refer_flag=1001030103_,转发微博
猎鹰V2808,2020年01月20日,0,0,0,//weibo.com/2645750621/IqptntOfo?refer_flag=1001030103_,//@鸟叔操盘: 平安//@尼克安闲: #最新报道#截至1月20日18时，境内累计报告新型冠状病毒感染的肺炎病例224例，其中确诊病例217例（武汉市198例，北京市5例，广东省14例）；疑似病例7例（四川省2例，云南省1例，上海市2例，广西壮族自治区1例，山东省1例）
看不到的影子,2020年01月20日,0,0,0,//weibo.com/1936536072/Iqptn8cBs?refer_flag=1001030103_,致敬医学工作者在岗位上的巨大贡献
星辰与大海啊,2020年01月20日,0,0,0,//weibo.com/6092276880/Iqptn8dsT?refer_flag=1001030103_,//@眠去daily://@芳草碧连天VVV:钟南山访问要点记录： 1、确认可以人传人，基于武汉和广东案例。 2、有医务人员被传染。 3、源头目前不清楚，但可能是竹鼠、獾这种野生动物（尽量别去碰野味）。 4、如无必要，近期不要去武汉。 5、有发热及时就医。 6、买不到N95，普通口罩也可以起到阻止飞沫传播的作
funktionieren,2020年01月20日,1,3,0,//weibo.com/1222572243/Iqptnc8EI?refer_flag=1001030103_,钟院士访问要点： 1、确认可以人传人，基于武汉和广东案例。 2、有医务人员被传染。 3、源头目前不清楚，但可能是竹鼠、獾这种野生动物（尽量别去碰野味）。 4、如无必要，近期不要去武汉。 5、有发热及时就医。 6、买不到N95，普通口罩也可以起到阻止飞沫传播的作用（该戴口罩戴口罩）。
我伦80岁演唱会门票给我留两张叭,2020年01月20日,0,0,0,//weibo.com/2027958415/Iqptncc5B?refer_flag=1001030103_,转需//@新浪视频:扩散！#一图看懂新型冠状病毒肺炎#
甬城令狐葱,2020年01月20日,0,0,0,//weibo.com/1326252400/Iqptn9kOZ?refer_flag=1001030103_,【扩散！#一图看懂新型冠状病毒肺炎#】#钟南山肯定新型冠状病毒肺炎人传人#，那么新型冠状病毒感染的肺炎有哪些症状？如果你是密切接触者，你该怎么办？如何预防？口罩到底该怎么戴？微博整合核心内容，带你全面了解新型冠状病毒感染肺炎。 ​ 2慈溪市 ​
biubiubiubiubiuXD,2020年01月20日,0,0,0,//weibo.com/3187128701/IqptmyJpO?refer_flag=1001030103_,//@李大米Lidami:戴口罩出门，能不去人多的地方尽量不去❤。本来我们打算明天去游乐园，今天看到消息后取消了，家里蹲。
菲宇莫属310,2020年01月20日,0,0,0,//weibo.com/2718505737/IqptmwvGE?refer_flag=1001030103_,//@叼叼叼报纸:转发微博
兜穆,2020年01月20日,0,0,0,//weibo.com/5692847576/Iqptmwwas?refer_flag=1001030103_,转发微博
山东一棵葱g,2020年01月20日,0,0,0,//weibo.com/6156965632/IqptmwyyF?refer_flag=1001030103_,转发微博
向往1992,2020年01月20日,1,4,0,//weibo.com/1923743435/Iqptmxzxh?refer_flag=1001030103_,熟悉的播报方式 难道“空中课堂”又要恢复了？
·仲夏夜之星·,2020年01月20日,0,0,0,//weibo.com/6297560625/IqptmxAHU?refer_flag=1001030103_,马 明天看
爱就爱不要就不爱,2020年01月20日,0,0,0,//weibo.com/5519556407/IqptmfWHg?refer_flag=1001030103_,//@夏-美DaYdAyHaPpY:一共224例，确诊217例。 武汉198例，北京5例，广东14例，疑似7例，四川2例，云南1例，上海2例，广西1例，山东1例。 日本1例，泰国2例，韩国1例。
小刘好吃不粘牙,2020年01月20日,0,0,0,//weibo.com/6324654889/IqptmfWWY?refer_flag=1001030103_,//@嗑颜bot:转发一下，大家注意安全//@M大王叫我来巡山:又值佳节，千万注意预防啊。//@俄罗斯事儿君:注意安全🙏//@橘味小哼yo:我可求求首页各位了 重视起来重视起来重视起来！
dfbhdghkjbff,2020年01月20日,0,0,0,//weibo.com/6987569839/IqptmiK7M?refer_flag=1001030103_,转发微博
Junnn_w,2020年01月20日,0,0,0,//weibo.com/1595437637/IqptmiKBe?refer_flag=1001030103_,⚠️//@辣条娘:确认人传人。大家注意防护//@四镰://@秋田六千://@纯良英俊的笑了笑:⚠️//@这是一个很高冷的ID:一定要注意啊//@月亮与八芝士:注意戴口罩真的//@205号居民:大家请一定要做好个人防护 //@不吃菜XBS:一定要注意😷
英姐zheny,2020年01月20日,0,0,0,//weibo.com/2416442847/Iqptmh3tS?refer_flag=1001030103_,转发微博
快乐水龟,2020年01月20日,0,0,0,//weibo.com/2534127681/Iqptm0vXN?refer_flag=1001030103_,转发微博
安佑闲,2020年01月20日,0,0,0,//weibo.com/1393920994/IqptlEfyK?refer_flag=1001030103_,会不会是吃猫。。。
-Scipio-,2020年01月20日,0,0,0,//weibo.com/1683779865/IqptlEgvr?refer_flag=1001030103_,//@投资舆情://@郭士英: 钟南山访问要点记录： 1、确认可以人传人，基于武汉和广东案例。 2、有医务人员被传染。 3、源头目前不清楚，但可能是竹鼠、獾这种野生动物（尽量别去碰野味）。 4、如无必要，近期不要去武汉。 5、有发热及时就医。 6、买不到N95，普通口罩也可以起到阻止飞沫传播的作用。
平凡的小草-5366,2020年01月20日,0,0,0,//weibo.com/5677421106/Iqptm0vfu?refer_flag=1001030103_,转发微博
大飞Ge08311,2020年01月20日,0,0,0,//weibo.com/1758423935/IqptlmAJU?refer_flag=1001030103_,转发微博
鼻子不长的象象,2020年01月20日,0,0,0,//weibo.com/5038301509/IqptlmAKT?refer_flag=1001030103_,转发微博
假装而已,2020年01月20日,0,0,0,//weibo.com/3169616595/IqptlmCwi?refer_flag=1001030103_,出门要带医用口罩了😷
有点无聊的白小开,2020年01月20日,0,0,0,//weibo.com/1733122922/IqptlmCzF?refer_flag=1001030103_,//@my_saruru:转发微博
陈_哭囍的铃铛陈,2020年01月20日,0,0,0,//weibo.com/5694857237/IqptlmDqQ?refer_flag=1001030103_,嗯！//@小许的朋友:在疾病面前 希望大家能谨慎对待 照顾好自己  还有尊重医生他们是第一前线的人 不应该被伤害
塑料字符,2020年01月20日,0,0,0,//weibo.com/1648247101/IqptlnHwQ?refer_flag=1001030103_,转发微博
李易安Lee,2020年01月20日,0,0,0,//weibo.com/5593413465/IqptloNyD?refer_flag=1001030103_,过年期间还是不要外出了，多屯点东西，家里蹲。
爱的战狮,2020年01月20日,0,0,0,//weibo.com/2178195400/IqptloNKm?refer_flag=1001030103_,= =//@mnx-抑郁之熊: = =//@北京人不知道的北京事儿: 【新型肺炎北京增至5例！】截至1月20日18时，境内累计报告新型冠状病毒感染的肺炎病例则增肌到224例，其中确诊病例217例，北京市增加到5例。
少年回頭望笑我還不快点跟上,2020年01月20日,0,0,0,//weibo.com/2187548992/Iqptl637j?refer_flag=1001030103_,//@太皇太后您有喜啦:少去人多的地方！戴口罩😷
天然呆的墨倾城,2020年01月20日,0,0,0,//weibo.com/5668932800/Iqptl7aiz?refer_flag=1001030103_,好了，明天去买口罩了
北北伦公子,2020年01月20日,0,0,0,//weibo.com/6339595750/Iqptl7aMQ?refer_flag=1001030103_,转发微博
Tingye-yan,2020年01月20日,0,0,0,//weibo.com/6527401732/Iqptl7aZh?refer_flag=1001030103_,转发微博
我的猪猪布鲁酱,2020年01月20日,0,0,0,//weibo.com/5316114900/Iqptl7HOc?refer_flag=1001030103_,转发微博
木子啊毛毛毛,2020年01月20日,0,0,0,//weibo.com/5591603168/Iqptl63F2?refer_flag=1001030103_,唉… 走一步看一步吧
Yr城,2020年01月20日,0,0,0,//weibo.com/3947718214/IqptkulRB?refer_flag=1001030103_,🙏 🙏 🙏
Luu_Cherry,2020年01月20日,0,0,0,//weibo.com/5030770445/IqptktfoO?refer_flag=1001030103_,//@福多多剧有福:人传人
莱康村推荐员,2020年01月20日,0,0,0,//weibo.com/7329673081/IqptkbAWQ?refer_flag=1001030103_,//@一起神回复:扩散一下//@伊丽莎白骨精啊:少出门，戴口罩。
星星当时就被勾魂了,2020年01月20日,0,6,0,//weibo.com/1750892540/IqptkbCYz?refer_flag=1001030103_,钟老都出来了，可见有点棘手
猪槽一个,2020年01月20日,0,0,0,//weibo.com/1563133901/IqptkbDk7?refer_flag=1001030103_,今天才知道已经如此高龄了，一直以为就60+左右
Ber贲儿,2020年01月20日,0,0,0,//weibo.com/2824162570/IqptkdOd0?refer_flag=1001030103_,//@麓卡麓卡:钟南山访问要点记录： 1、确认可以人传人，基于武汉和广东案例 2、有医务人员被传染 3、源头目前不清楚，但可能是竹鼠、獾这种野生动物（尽量别去碰野味） 4、如无必要，近期不要去武汉 5、有发热及时就医 6、买不到N95，一般外科口罩也可以起到阻止飞沫传播的作用（大家戴口罩啊戴口罩啊
吻停妳到下世紀,2020年01月20日,0,0,0,//weibo.com/6124095163/IqptkdNEw?refer_flag=1001030103_,国士无双
暴躁牌跳跳糖,2020年01月20日,0,0,0,//weibo.com/7008215948/IqptkemAl?refer_flag=1001030103_,转发微博
穷逼别靠近我,2020年01月20日,0,0,0,//weibo.com/1633059327/IqptkeluY?refer_flag=1001030103_,//@肉夹夹馍://@王仲_: //@老梅梅梅://@阿花斯基://@修罗_洛基撕阿美: 转发微博
6v6的小土豆,2020年01月20日,0,8,0,//weibo.com/5211511435/IqptkdOKO?refer_flag=1001030103_,我太tm难了//@谙_Survive:本武汉人真的…哎…至少爹妈终于肯相信疫情严重性了
胜负手SFS,2020年01月20日,0,18,0,//weibo.com/1239689467/IqptjC7E2?refer_flag=1001030103_,#境内确诊217例新型冠状病毒肺炎病例#绝大部分病毒在低温条件下不活跃甚至停止活动、大家有条件的情况下还是去东北吧 ​
一个香芋派-谢谢-,2020年01月20日,0,0,0,//weibo.com/5063694917/IqptjCETo?refer_flag=1001030103_,//@KomorebiLay://@贝壳女孩TATTOO://:钟院士访问要点： 1、确认可以人传人，基于武汉和广东案例。 2、有医务人员被传染。 3、源头目前不清楚，但可能是竹鼠、獾这种野生动物（尽量别去碰野味）。 4、如无必要，近期不要去武汉。 5、有发热及时就医。 6、买不到N95，普通口罩也可以起到阻止飞沫传播的
弓长王山而广大,2020年01月20日,0,0,0,//weibo.com/3479692412/IqptjCFkl?refer_flag=1001030103_,转发微博
乐职的一朵小红花,2020年01月20日,0,0,0,//weibo.com/6307094462/Iqptjifjh?refer_flag=1001030103_,转发微博
姐最会穿,2020年01月20日,7,0,0,//weibo.com/1988524335/Iqptjig1o?refer_flag=1001030103_,#深夜大明白#【什么是冠状病毒？如何做好日常防护？转发扩散】#武汉卫健委发布病毒性肺炎高发注意事项#近期新型冠状病毒感染肺炎广受关注，什么是冠状病毒？如何做好日常防护？转发扩散，祝大家平安健康LN视频的微博视频 ​
Holly家的核桃树,2020年01月20日,0,0,0,//weibo.com/5890509601/Iqptjihf6?refer_flag=1001030103_,转发微博
mia0330,2020年01月20日,0,0,0,//weibo.com/5237916813/IqptjkqGs?refer_flag=1001030103_,转发微博
重达远山,2020年01月20日,0,0,0,//weibo.com/7071585596/IqptjksFG?refer_flag=1001030103_,钟先生的话是令人信服的。《钟南山：新型肺炎很可能来自野味》钟南山院士指出，现在要提高警惕，全民、领导、政府、医务人员，包括媒体，属地的领导要负起责任，我们有信心能够控制新型冠状病毒。O网页链接 ​
神奇八卦在哪里,2020年01月20日,1,0,0,//weibo.com/1919155483/IqptjkWMQ?refer_flag=1001030103_,#深夜大明白#【什么是冠状病毒？如何做好日常防护？转发扩散】#武汉卫健委发布病毒性肺炎高发注意事项#近期新型冠状病毒感染肺炎广受关注，什么是冠状病毒？如何做好日常防护？转发扩散，祝大家平安健康LN视频的微博视频 ​
钢铁贤的卤肉饭,2020年01月20日,0,0,0,//weibo.com/3601054940/IqptjkWVb?refer_flag=1001030103_,转发微博
新浪新闻客户端,2020年01月20日,101,33,0,//weibo.com/2318910945/Iqptj0CrU?refer_flag=1001030103_,#深夜大明白#【什么是冠状病毒？如何做好日常防护？转发扩散】#武汉卫健委发布病毒性肺炎高发注意事项#近期新型冠状病毒感染肺炎广受关注，什么是冠状病毒？如何做好日常防护？转发扩散，祝大家平安健康LN视频的微博视频 ​
十五寻找食物i,2020年01月20日,0,0,0,//weibo.com/6847572360/Iqptj2Mzz?refer_flag=1001030103_,希望大家都可以过一个健康年
小橘真的不重,2020年01月20日,0,0,0,//weibo.com/5643394946/Iqptj2NvD?refer_flag=1001030103_,//@Cat·Million://@口腔专家陈大伟:钟南山院士指出，现在要提高警惕，全民、领导、政府、医务人员，包括媒体，属地的领导要负起责任，我们有信心能够控制新型冠状病毒。钟南山表示，这次用两周定位了新型冠状病毒，再加上我们有很好的监控以及隔离制度，相信疫情不会像17年前SARS造成的社会影响以
吧唧吧唧啵啵qwq,2020年01月20日,0,0,0,//weibo.com/2930692785/Iqptj3h0D?refer_flag=1001030103_,//@辣条娘:确认人传人。大家注意防护//@四镰://@秋田六千://@纯良英俊的笑了笑:⚠️//@这是一个很高冷的ID:一定要注意啊//@月亮与八芝士:注意戴口罩真的//@205号居民:大家请一定要做好个人防护 //@不吃菜XBS:一定要注意😷
高智商且有经济实力的十七,2020年01月20日,0,0,0,//weibo.com/2435976722/Iqptj3ha7?refer_flag=1001030103_,//@辣条娘:确认人传人。大家注意防护//@四镰://@秋田六千://@纯良英俊的笑了笑:⚠️//@这是一个很高冷的ID:一定要注意啊//@月亮与八芝士:注意戴口罩真的//@205号居民:大家请一定要做好个人防护 //@不吃菜XBS:一定要注意😷
aaaaa简_,2020年01月20日,0,0,0,//weibo.com/1841127804/Iqptj2N0P?refer_flag=1001030103_,//@我是这个园不是那个圆:远离人群 戴口罩//@江南大野花:千万注意安全//@高冷病患:要引起重视了//@珍波椰椰椰椰://@嗑颜bot:转发一下，大家注意安全//@M大王叫我来巡山:又值佳节，千万注意预防啊。//@俄罗斯事儿君:注意安全🙏
祝我嗑的cp都是真的,2020年01月20日,0,0,0,//weibo.com/5835958936/IqptioVlC?refer_flag=1001030103_,转发微博
